drug1,drug2,cell,label
O=c1[nH]cc(F)c(=O)[nH]1,CC1(c2nc3c(C(N)=O)cccc3[nH]2)CCCN1,A375,0
O=c1[nH]cc(F)c(=O)[nH]1,CC1(c2nc3c(C(N)=O)cccc3[nH]2)CCCN1,CAOV3,0
O=c1[nH]cc(F)c(=O)[nH]1,CC1(c2nc3c(C(N)=O)cccc3[nH]2)CCCN1,HT144,0
O=c1[nH]cc(F)c(=O)[nH]1,CC1(c2nc3c(C(N)=O)cccc3[nH]2)CCCN1,HT29,1
O=c1[nH]cc(F)c(=O)[nH]1,CC1(c2nc3c(C(N)=O)cccc3[nH]2)CCCN1,LOVO,0
O=c1[nH]cc(F)c(=O)[nH]1,CC1(c2nc3c(C(N)=O)cccc3[nH]2)CCCN1,MSTO,0
O=c1[nH]cc(F)c(=O)[nH]1,CC1(c2nc3c(C(N)=O)cccc3[nH]2)CCCN1,NCIH1650,0
O=c1[nH]cc(F)c(=O)[nH]1,CC1(c2nc3c(C(N)=O)cccc3[nH]2)CCCN1,NCIH23,0
O=c1[nH]cc(F)c(=O)[nH]1,CC1(c2nc3c(C(N)=O)cccc3[nH]2)CCCN1,NCIH460,0
O=c1[nH]cc(F)c(=O)[nH]1,CC1(c2nc3c(C(N)=O)cccc3[nH]2)CCCN1,OV90,0
O=c1[nH]cc(F)c(=O)[nH]1,CC1(c2nc3c(C(N)=O)cccc3[nH]2)CCCN1,RKO,0
O=c1[nH]cc(F)c(=O)[nH]1,CC1(c2nc3c(C(N)=O)cccc3[nH]2)CCCN1,RPMI7951,0
O=c1[nH]cc(F)c(=O)[nH]1,CC1(c2nc3c(C(N)=O)cccc3[nH]2)CCCN1,SKMEL30,0
O=c1[nH]cc(F)c(=O)[nH]1,CC1(c2nc3c(C(N)=O)cccc3[nH]2)CCCN1,SKMES1,0
O=c1[nH]cc(F)c(=O)[nH]1,CC1(c2nc3c(C(N)=O)cccc3[nH]2)CCCN1,SW837,0
O=c1[nH]cc(F)c(=O)[nH]1,CC1(c2nc3c(C(N)=O)cccc3[nH]2)CCCN1,T47D,1
O=c1[nH]cc(F)c(=O)[nH]1,CC1(c2nc3c(C(N)=O)cccc3[nH]2)CCCN1,UACC62,0
O=c1[nH]cc(F)c(=O)[nH]1,CC1(c2nc3c(C(N)=O)cccc3[nH]2)CCCN1,ZR751,0
O=c1[nH]cc(F)c(=O)[nH]1,C=CCn1c(=O)c2cnc(Nc3ccc(N4CCN(C)CC4)cc3)nc2n1-c1cccc(C(C)(C)O)n1,A2058,1
O=c1[nH]cc(F)c(=O)[nH]1,C=CCn1c(=O)c2cnc(Nc3ccc(N4CCN(C)CC4)cc3)nc2n1-c1cccc(C(C)(C)O)n1,A2780,1
O=c1[nH]cc(F)c(=O)[nH]1,C=CCn1c(=O)c2cnc(Nc3ccc(N4CCN(C)CC4)cc3)nc2n1-c1cccc(C(C)(C)O)n1,CAOV3,1
O=c1[nH]cc(F)c(=O)[nH]1,C=CCn1c(=O)c2cnc(Nc3ccc(N4CCN(C)CC4)cc3)nc2n1-c1cccc(C(C)(C)O)n1,ES2,1
O=c1[nH]cc(F)c(=O)[nH]1,C=CCn1c(=O)c2cnc(Nc3ccc(N4CCN(C)CC4)cc3)nc2n1-c1cccc(C(C)(C)O)n1,HCT116,1
O=c1[nH]cc(F)c(=O)[nH]1,C=CCn1c(=O)c2cnc(Nc3ccc(N4CCN(C)CC4)cc3)nc2n1-c1cccc(C(C)(C)O)n1,HT29,0
O=c1[nH]cc(F)c(=O)[nH]1,C=CCn1c(=O)c2cnc(Nc3ccc(N4CCN(C)CC4)cc3)nc2n1-c1cccc(C(C)(C)O)n1,KPL1,0
O=c1[nH]cc(F)c(=O)[nH]1,C=CCn1c(=O)c2cnc(Nc3ccc(N4CCN(C)CC4)cc3)nc2n1-c1cccc(C(C)(C)O)n1,LOVO,0
O=c1[nH]cc(F)c(=O)[nH]1,C=CCn1c(=O)c2cnc(Nc3ccc(N4CCN(C)CC4)cc3)nc2n1-c1cccc(C(C)(C)O)n1,MDAMB436,1
O=c1[nH]cc(F)c(=O)[nH]1,C=CCn1c(=O)c2cnc(Nc3ccc(N4CCN(C)CC4)cc3)nc2n1-c1cccc(C(C)(C)O)n1,MSTO,0
O=c1[nH]cc(F)c(=O)[nH]1,C=CCn1c(=O)c2cnc(Nc3ccc(N4CCN(C)CC4)cc3)nc2n1-c1cccc(C(C)(C)O)n1,NCIH1650,1
O=c1[nH]cc(F)c(=O)[nH]1,C=CCn1c(=O)c2cnc(Nc3ccc(N4CCN(C)CC4)cc3)nc2n1-c1cccc(C(C)(C)O)n1,NCIH23,0
O=c1[nH]cc(F)c(=O)[nH]1,C=CCn1c(=O)c2cnc(Nc3ccc(N4CCN(C)CC4)cc3)nc2n1-c1cccc(C(C)(C)O)n1,NCIH460,1
O=c1[nH]cc(F)c(=O)[nH]1,C=CCn1c(=O)c2cnc(Nc3ccc(N4CCN(C)CC4)cc3)nc2n1-c1cccc(C(C)(C)O)n1,OV90,0
O=c1[nH]cc(F)c(=O)[nH]1,C=CCn1c(=O)c2cnc(Nc3ccc(N4CCN(C)CC4)cc3)nc2n1-c1cccc(C(C)(C)O)n1,RKO,1
O=c1[nH]cc(F)c(=O)[nH]1,C=CCn1c(=O)c2cnc(Nc3ccc(N4CCN(C)CC4)cc3)nc2n1-c1cccc(C(C)(C)O)n1,RPMI7951,1
O=c1[nH]cc(F)c(=O)[nH]1,C=CCn1c(=O)c2cnc(Nc3ccc(N4CCN(C)CC4)cc3)nc2n1-c1cccc(C(C)(C)O)n1,SKMES1,1
O=c1[nH]cc(F)c(=O)[nH]1,C=CCn1c(=O)c2cnc(Nc3ccc(N4CCN(C)CC4)cc3)nc2n1-c1cccc(C(C)(C)O)n1,SKOV3,1
O=c1[nH]cc(F)c(=O)[nH]1,C=CCn1c(=O)c2cnc(Nc3ccc(N4CCN(C)CC4)cc3)nc2n1-c1cccc(C(C)(C)O)n1,T47D,1
O=c1[nH]cc(F)c(=O)[nH]1,C=CCn1c(=O)c2cnc(Nc3ccc(N4CCN(C)CC4)cc3)nc2n1-c1cccc(C(C)(C)O)n1,UACC62,1
O=c1[nH]cc(F)c(=O)[nH]1,C=CCn1c(=O)c2cnc(Nc3ccc(N4CCN(C)CC4)cc3)nc2n1-c1cccc(C(C)(C)O)n1,VCAP,0
O=c1[nH]cc(F)c(=O)[nH]1,Cn1c(=O)n(-c2ccc(C(C)(C)C#N)cc2)c2c3cc(-c4cnc5ccccc5c4)ccc3ncc21,A2058,1
O=c1[nH]cc(F)c(=O)[nH]1,Cn1c(=O)n(-c2ccc(C(C)(C)C#N)cc2)c2c3cc(-c4cnc5ccccc5c4)ccc3ncc21,HT29,1
O=c1[nH]cc(F)c(=O)[nH]1,Cn1c(=O)n(-c2ccc(C(C)(C)C#N)cc2)c2c3cc(-c4cnc5ccccc5c4)ccc3ncc21,KPL1,1
O=c1[nH]cc(F)c(=O)[nH]1,Cn1c(=O)n(-c2ccc(C(C)(C)C#N)cc2)c2c3cc(-c4cnc5ccccc5c4)ccc3ncc21,LNCAP,1
O=c1[nH]cc(F)c(=O)[nH]1,Cn1c(=O)n(-c2ccc(C(C)(C)C#N)cc2)c2c3cc(-c4cnc5ccccc5c4)ccc3ncc21,MDAMB436,1
O=c1[nH]cc(F)c(=O)[nH]1,Cn1c(=O)n(-c2ccc(C(C)(C)C#N)cc2)c2c3cc(-c4cnc5ccccc5c4)ccc3ncc21,MSTO,0
O=c1[nH]cc(F)c(=O)[nH]1,Cn1c(=O)n(-c2ccc(C(C)(C)C#N)cc2)c2c3cc(-c4cnc5ccccc5c4)ccc3ncc21,NCIH1650,1
O=c1[nH]cc(F)c(=O)[nH]1,Cn1c(=O)n(-c2ccc(C(C)(C)C#N)cc2)c2c3cc(-c4cnc5ccccc5c4)ccc3ncc21,NCIH460,1
O=c1[nH]cc(F)c(=O)[nH]1,Cn1c(=O)n(-c2ccc(C(C)(C)C#N)cc2)c2c3cc(-c4cnc5ccccc5c4)ccc3ncc21,NCIH520,1
O=c1[nH]cc(F)c(=O)[nH]1,Cn1c(=O)n(-c2ccc(C(C)(C)C#N)cc2)c2c3cc(-c4cnc5ccccc5c4)ccc3ncc21,OV90,1
O=c1[nH]cc(F)c(=O)[nH]1,Cn1c(=O)n(-c2ccc(C(C)(C)C#N)cc2)c2c3cc(-c4cnc5ccccc5c4)ccc3ncc21,RKO,1
O=c1[nH]cc(F)c(=O)[nH]1,Cn1c(=O)n(-c2ccc(C(C)(C)C#N)cc2)c2c3cc(-c4cnc5ccccc5c4)ccc3ncc21,RPMI7951,1
O=c1[nH]cc(F)c(=O)[nH]1,Cn1c(=O)n(-c2ccc(C(C)(C)C#N)cc2)c2c3cc(-c4cnc5ccccc5c4)ccc3ncc21,SKMEL30,0
O=c1[nH]cc(F)c(=O)[nH]1,Cn1c(=O)n(-c2ccc(C(C)(C)C#N)cc2)c2c3cc(-c4cnc5ccccc5c4)ccc3ncc21,SKMES1,1
O=c1[nH]cc(F)c(=O)[nH]1,Cn1c(=O)n(-c2ccc(C(C)(C)C#N)cc2)c2c3cc(-c4cnc5ccccc5c4)ccc3ncc21,SW620,1
O=c1[nH]cc(F)c(=O)[nH]1,Cn1c(=O)n(-c2ccc(C(C)(C)C#N)cc2)c2c3cc(-c4cnc5ccccc5c4)ccc3ncc21,T47D,1
O=c1[nH]cc(F)c(=O)[nH]1,Cn1c(=O)n(-c2ccc(C(C)(C)C#N)cc2)c2c3cc(-c4cnc5ccccc5c4)ccc3ncc21,VCAP,1
O=c1[nH]cc(F)c(=O)[nH]1,CC(C)CC(NC(=O)C(Cc1ccccc1)NC(=O)c1cnccn1)B(O)O,A2058,0
O=c1[nH]cc(F)c(=O)[nH]1,CC(C)CC(NC(=O)C(Cc1ccccc1)NC(=O)c1cnccn1)B(O)O,A2780,0
O=c1[nH]cc(F)c(=O)[nH]1,CC(C)CC(NC(=O)C(Cc1ccccc1)NC(=O)c1cnccn1)B(O)O,A375,0
O=c1[nH]cc(F)c(=O)[nH]1,CC(C)CC(NC(=O)C(Cc1ccccc1)NC(=O)c1cnccn1)B(O)O,A427,0
O=c1[nH]cc(F)c(=O)[nH]1,CC(C)CC(NC(=O)C(Cc1ccccc1)NC(=O)c1cnccn1)B(O)O,CAOV3,0
O=c1[nH]cc(F)c(=O)[nH]1,CC(C)CC(NC(=O)C(Cc1ccccc1)NC(=O)c1cnccn1)B(O)O,ES2,0
O=c1[nH]cc(F)c(=O)[nH]1,CC(C)CC(NC(=O)C(Cc1ccccc1)NC(=O)c1cnccn1)B(O)O,HCT116,0
O=c1[nH]cc(F)c(=O)[nH]1,CC(C)CC(NC(=O)C(Cc1ccccc1)NC(=O)c1cnccn1)B(O)O,HT144,0
O=c1[nH]cc(F)c(=O)[nH]1,CC(C)CC(NC(=O)C(Cc1ccccc1)NC(=O)c1cnccn1)B(O)O,HT29,0
O=c1[nH]cc(F)c(=O)[nH]1,CC(C)CC(NC(=O)C(Cc1ccccc1)NC(=O)c1cnccn1)B(O)O,KPL1,0
O=c1[nH]cc(F)c(=O)[nH]1,CC(C)CC(NC(=O)C(Cc1ccccc1)NC(=O)c1cnccn1)B(O)O,LNCAP,0
O=c1[nH]cc(F)c(=O)[nH]1,CC(C)CC(NC(=O)C(Cc1ccccc1)NC(=O)c1cnccn1)B(O)O,LOVO,0
O=c1[nH]cc(F)c(=O)[nH]1,CC(C)CC(NC(=O)C(Cc1ccccc1)NC(=O)c1cnccn1)B(O)O,MDAMB436,0
O=c1[nH]cc(F)c(=O)[nH]1,CC(C)CC(NC(=O)C(Cc1ccccc1)NC(=O)c1cnccn1)B(O)O,MSTO,1
O=c1[nH]cc(F)c(=O)[nH]1,CC(C)CC(NC(=O)C(Cc1ccccc1)NC(=O)c1cnccn1)B(O)O,NCIH1650,0
O=c1[nH]cc(F)c(=O)[nH]1,CC(C)CC(NC(=O)C(Cc1ccccc1)NC(=O)c1cnccn1)B(O)O,NCIH2122,0
O=c1[nH]cc(F)c(=O)[nH]1,CC(C)CC(NC(=O)C(Cc1ccccc1)NC(=O)c1cnccn1)B(O)O,NCIH23,0
O=c1[nH]cc(F)c(=O)[nH]1,CC(C)CC(NC(=O)C(Cc1ccccc1)NC(=O)c1cnccn1)B(O)O,NCIH460,0
O=c1[nH]cc(F)c(=O)[nH]1,CC(C)CC(NC(=O)C(Cc1ccccc1)NC(=O)c1cnccn1)B(O)O,NCIH520,0
O=c1[nH]cc(F)c(=O)[nH]1,CC(C)CC(NC(=O)C(Cc1ccccc1)NC(=O)c1cnccn1)B(O)O,OV90,0
O=c1[nH]cc(F)c(=O)[nH]1,CC(C)CC(NC(=O)C(Cc1ccccc1)NC(=O)c1cnccn1)B(O)O,RPMI7951,0
O=c1[nH]cc(F)c(=O)[nH]1,CC(C)CC(NC(=O)C(Cc1ccccc1)NC(=O)c1cnccn1)B(O)O,SKMEL30,0
O=c1[nH]cc(F)c(=O)[nH]1,CC(C)CC(NC(=O)C(Cc1ccccc1)NC(=O)c1cnccn1)B(O)O,SKMES1,0
O=c1[nH]cc(F)c(=O)[nH]1,CC(C)CC(NC(=O)C(Cc1ccccc1)NC(=O)c1cnccn1)B(O)O,SKOV3,0
O=c1[nH]cc(F)c(=O)[nH]1,CC(C)CC(NC(=O)C(Cc1ccccc1)NC(=O)c1cnccn1)B(O)O,SW620,0
O=c1[nH]cc(F)c(=O)[nH]1,CC(C)CC(NC(=O)C(Cc1ccccc1)NC(=O)c1cnccn1)B(O)O,SW837,0
O=c1[nH]cc(F)c(=O)[nH]1,CC(C)CC(NC(=O)C(Cc1ccccc1)NC(=O)c1cnccn1)B(O)O,UACC62,0
O=c1[nH]cc(F)c(=O)[nH]1,CC(C)CC(NC(=O)C(Cc1ccccc1)NC(=O)c1cnccn1)B(O)O,VCAP,0
O=c1[nH]cc(F)c(=O)[nH]1,CC(C)CC(NC(=O)C(Cc1ccccc1)NC(=O)c1cnccn1)B(O)O,ZR751,0
O=c1[nH]cc(F)c(=O)[nH]1,Cc1nc(Nc2ncc(C(=O)Nc3c(C)cccc3Cl)s2)cc(N2CCN(CCO)CC2)n1,A2058,1
O=c1[nH]cc(F)c(=O)[nH]1,Cc1nc(Nc2ncc(C(=O)Nc3c(C)cccc3Cl)s2)cc(N2CCN(CCO)CC2)n1,A2780,1
O=c1[nH]cc(F)c(=O)[nH]1,Cc1nc(Nc2ncc(C(=O)Nc3c(C)cccc3Cl)s2)cc(N2CCN(CCO)CC2)n1,A427,1
O=c1[nH]cc(F)c(=O)[nH]1,Cc1nc(Nc2ncc(C(=O)Nc3c(C)cccc3Cl)s2)cc(N2CCN(CCO)CC2)n1,CAOV3,1
O=c1[nH]cc(F)c(=O)[nH]1,Cc1nc(Nc2ncc(C(=O)Nc3c(C)cccc3Cl)s2)cc(N2CCN(CCO)CC2)n1,ES2,1
O=c1[nH]cc(F)c(=O)[nH]1,Cc1nc(Nc2ncc(C(=O)Nc3c(C)cccc3Cl)s2)cc(N2CCN(CCO)CC2)n1,HCT116,0
O=c1[nH]cc(F)c(=O)[nH]1,Cc1nc(Nc2ncc(C(=O)Nc3c(C)cccc3Cl)s2)cc(N2CCN(CCO)CC2)n1,HT144,0
O=c1[nH]cc(F)c(=O)[nH]1,Cc1nc(Nc2ncc(C(=O)Nc3c(C)cccc3Cl)s2)cc(N2CCN(CCO)CC2)n1,HT29,1
O=c1[nH]cc(F)c(=O)[nH]1,Cc1nc(Nc2ncc(C(=O)Nc3c(C)cccc3Cl)s2)cc(N2CCN(CCO)CC2)n1,LOVO,1
O=c1[nH]cc(F)c(=O)[nH]1,Cc1nc(Nc2ncc(C(=O)Nc3c(C)cccc3Cl)s2)cc(N2CCN(CCO)CC2)n1,MDAMB436,1
O=c1[nH]cc(F)c(=O)[nH]1,Cc1nc(Nc2ncc(C(=O)Nc3c(C)cccc3Cl)s2)cc(N2CCN(CCO)CC2)n1,MSTO,1
O=c1[nH]cc(F)c(=O)[nH]1,Cc1nc(Nc2ncc(C(=O)Nc3c(C)cccc3Cl)s2)cc(N2CCN(CCO)CC2)n1,NCIH1650,1
O=c1[nH]cc(F)c(=O)[nH]1,Cc1nc(Nc2ncc(C(=O)Nc3c(C)cccc3Cl)s2)cc(N2CCN(CCO)CC2)n1,NCIH2122,0
O=c1[nH]cc(F)c(=O)[nH]1,Cc1nc(Nc2ncc(C(=O)Nc3c(C)cccc3Cl)s2)cc(N2CCN(CCO)CC2)n1,NCIH23,1
O=c1[nH]cc(F)c(=O)[nH]1,Cc1nc(Nc2ncc(C(=O)Nc3c(C)cccc3Cl)s2)cc(N2CCN(CCO)CC2)n1,NCIH460,1
O=c1[nH]cc(F)c(=O)[nH]1,Cc1nc(Nc2ncc(C(=O)Nc3c(C)cccc3Cl)s2)cc(N2CCN(CCO)CC2)n1,NCIH520,1
O=c1[nH]cc(F)c(=O)[nH]1,Cc1nc(Nc2ncc(C(=O)Nc3c(C)cccc3Cl)s2)cc(N2CCN(CCO)CC2)n1,RKO,1
O=c1[nH]cc(F)c(=O)[nH]1,Cc1nc(Nc2ncc(C(=O)Nc3c(C)cccc3Cl)s2)cc(N2CCN(CCO)CC2)n1,RPMI7951,1
O=c1[nH]cc(F)c(=O)[nH]1,Cc1nc(Nc2ncc(C(=O)Nc3c(C)cccc3Cl)s2)cc(N2CCN(CCO)CC2)n1,SKMEL30,0
O=c1[nH]cc(F)c(=O)[nH]1,Cc1nc(Nc2ncc(C(=O)Nc3c(C)cccc3Cl)s2)cc(N2CCN(CCO)CC2)n1,SW620,1
O=c1[nH]cc(F)c(=O)[nH]1,Cc1nc(Nc2ncc(C(=O)Nc3c(C)cccc3Cl)s2)cc(N2CCN(CCO)CC2)n1,SW837,1
O=c1[nH]cc(F)c(=O)[nH]1,Cc1nc(Nc2ncc(C(=O)Nc3c(C)cccc3Cl)s2)cc(N2CCN(CCO)CC2)n1,T47D,1
O=c1[nH]cc(F)c(=O)[nH]1,Cc1nc(Nc2ncc(C(=O)Nc3c(C)cccc3Cl)s2)cc(N2CCN(CCO)CC2)n1,UACC62,1
O=c1[nH]cc(F)c(=O)[nH]1,Cc1nc(Nc2ncc(C(=O)Nc3c(C)cccc3Cl)s2)cc(N2CCN(CCO)CC2)n1,VCAP,1
O=c1[nH]cc(F)c(=O)[nH]1,CCc1cnn2c(NCc3ccc[n+]([O-])c3)cc(N3CCCCC3CCO)nc12,A2780,0
O=c1[nH]cc(F)c(=O)[nH]1,CCc1cnn2c(NCc3ccc[n+]([O-])c3)cc(N3CCCCC3CCO)nc12,A375,0
O=c1[nH]cc(F)c(=O)[nH]1,CCc1cnn2c(NCc3ccc[n+]([O-])c3)cc(N3CCCCC3CCO)nc12,A427,0
O=c1[nH]cc(F)c(=O)[nH]1,CCc1cnn2c(NCc3ccc[n+]([O-])c3)cc(N3CCCCC3CCO)nc12,CAOV3,0
O=c1[nH]cc(F)c(=O)[nH]1,CCc1cnn2c(NCc3ccc[n+]([O-])c3)cc(N3CCCCC3CCO)nc12,HT144,0
O=c1[nH]cc(F)c(=O)[nH]1,CCc1cnn2c(NCc3ccc[n+]([O-])c3)cc(N3CCCCC3CCO)nc12,HT29,0
O=c1[nH]cc(F)c(=O)[nH]1,CCc1cnn2c(NCc3ccc[n+]([O-])c3)cc(N3CCCCC3CCO)nc12,LNCAP,0
O=c1[nH]cc(F)c(=O)[nH]1,CCc1cnn2c(NCc3ccc[n+]([O-])c3)cc(N3CCCCC3CCO)nc12,LOVO,0
O=c1[nH]cc(F)c(=O)[nH]1,CCc1cnn2c(NCc3ccc[n+]([O-])c3)cc(N3CCCCC3CCO)nc12,NCIH1650,0
O=c1[nH]cc(F)c(=O)[nH]1,CCc1cnn2c(NCc3ccc[n+]([O-])c3)cc(N3CCCCC3CCO)nc12,NCIH23,0
O=c1[nH]cc(F)c(=O)[nH]1,CCc1cnn2c(NCc3ccc[n+]([O-])c3)cc(N3CCCCC3CCO)nc12,NCIH460,0
O=c1[nH]cc(F)c(=O)[nH]1,CCc1cnn2c(NCc3ccc[n+]([O-])c3)cc(N3CCCCC3CCO)nc12,NCIH520,0
O=c1[nH]cc(F)c(=O)[nH]1,CCc1cnn2c(NCc3ccc[n+]([O-])c3)cc(N3CCCCC3CCO)nc12,OV90,0
O=c1[nH]cc(F)c(=O)[nH]1,CCc1cnn2c(NCc3ccc[n+]([O-])c3)cc(N3CCCCC3CCO)nc12,RPMI7951,0
O=c1[nH]cc(F)c(=O)[nH]1,CCc1cnn2c(NCc3ccc[n+]([O-])c3)cc(N3CCCCC3CCO)nc12,SKMEL30,0
O=c1[nH]cc(F)c(=O)[nH]1,CCc1cnn2c(NCc3ccc[n+]([O-])c3)cc(N3CCCCC3CCO)nc12,SKMES1,0
O=c1[nH]cc(F)c(=O)[nH]1,CCc1cnn2c(NCc3ccc[n+]([O-])c3)cc(N3CCCCC3CCO)nc12,SKOV3,0
O=c1[nH]cc(F)c(=O)[nH]1,CCc1cnn2c(NCc3ccc[n+]([O-])c3)cc(N3CCCCC3CCO)nc12,SW620,0
O=c1[nH]cc(F)c(=O)[nH]1,CCc1cnn2c(NCc3ccc[n+]([O-])c3)cc(N3CCCCC3CCO)nc12,SW837,0
O=c1[nH]cc(F)c(=O)[nH]1,CCc1cnn2c(NCc3ccc[n+]([O-])c3)cc(N3CCCCC3CCO)nc12,T47D,0
O=c1[nH]cc(F)c(=O)[nH]1,CCc1cnn2c(NCc3ccc[n+]([O-])c3)cc(N3CCCCC3CCO)nc12,VCAP,1
O=c1[nH]cc(F)c(=O)[nH]1,CCc1cnn2c(NCc3ccc[n+]([O-])c3)cc(N3CCCCC3CCO)nc12,ZR751,0
O=c1[nH]cc(F)c(=O)[nH]1,C#Cc1cccc(Nc2ncnc3cc(OCCOC)c(OCCOC)cc23)c1,A2780,1
O=c1[nH]cc(F)c(=O)[nH]1,C#Cc1cccc(Nc2ncnc3cc(OCCOC)c(OCCOC)cc23)c1,A375,1
O=c1[nH]cc(F)c(=O)[nH]1,C#Cc1cccc(Nc2ncnc3cc(OCCOC)c(OCCOC)cc23)c1,A427,1
O=c1[nH]cc(F)c(=O)[nH]1,C#Cc1cccc(Nc2ncnc3cc(OCCOC)c(OCCOC)cc23)c1,CAOV3,0
O=c1[nH]cc(F)c(=O)[nH]1,C#Cc1cccc(Nc2ncnc3cc(OCCOC)c(OCCOC)cc23)c1,ES2,1
O=c1[nH]cc(F)c(=O)[nH]1,C#Cc1cccc(Nc2ncnc3cc(OCCOC)c(OCCOC)cc23)c1,HCT116,1
O=c1[nH]cc(F)c(=O)[nH]1,C#Cc1cccc(Nc2ncnc3cc(OCCOC)c(OCCOC)cc23)c1,HT29,1
O=c1[nH]cc(F)c(=O)[nH]1,C#Cc1cccc(Nc2ncnc3cc(OCCOC)c(OCCOC)cc23)c1,KPL1,0
O=c1[nH]cc(F)c(=O)[nH]1,C#Cc1cccc(Nc2ncnc3cc(OCCOC)c(OCCOC)cc23)c1,LNCAP,0
O=c1[nH]cc(F)c(=O)[nH]1,C#Cc1cccc(Nc2ncnc3cc(OCCOC)c(OCCOC)cc23)c1,LOVO,1
O=c1[nH]cc(F)c(=O)[nH]1,C#Cc1cccc(Nc2ncnc3cc(OCCOC)c(OCCOC)cc23)c1,MDAMB436,1
O=c1[nH]cc(F)c(=O)[nH]1,C#Cc1cccc(Nc2ncnc3cc(OCCOC)c(OCCOC)cc23)c1,MSTO,0
O=c1[nH]cc(F)c(=O)[nH]1,C#Cc1cccc(Nc2ncnc3cc(OCCOC)c(OCCOC)cc23)c1,NCIH2122,1
O=c1[nH]cc(F)c(=O)[nH]1,C#Cc1cccc(Nc2ncnc3cc(OCCOC)c(OCCOC)cc23)c1,NCIH460,1
O=c1[nH]cc(F)c(=O)[nH]1,C#Cc1cccc(Nc2ncnc3cc(OCCOC)c(OCCOC)cc23)c1,OV90,0
O=c1[nH]cc(F)c(=O)[nH]1,C#Cc1cccc(Nc2ncnc3cc(OCCOC)c(OCCOC)cc23)c1,RKO,1
O=c1[nH]cc(F)c(=O)[nH]1,C#Cc1cccc(Nc2ncnc3cc(OCCOC)c(OCCOC)cc23)c1,RPMI7951,1
O=c1[nH]cc(F)c(=O)[nH]1,C#Cc1cccc(Nc2ncnc3cc(OCCOC)c(OCCOC)cc23)c1,SKMEL30,1
O=c1[nH]cc(F)c(=O)[nH]1,C#Cc1cccc(Nc2ncnc3cc(OCCOC)c(OCCOC)cc23)c1,SKMES1,1
O=c1[nH]cc(F)c(=O)[nH]1,C#Cc1cccc(Nc2ncnc3cc(OCCOC)c(OCCOC)cc23)c1,SKOV3,1
O=c1[nH]cc(F)c(=O)[nH]1,C#Cc1cccc(Nc2ncnc3cc(OCCOC)c(OCCOC)cc23)c1,SW837,1
O=c1[nH]cc(F)c(=O)[nH]1,C#Cc1cccc(Nc2ncnc3cc(OCCOC)c(OCCOC)cc23)c1,T47D,0
O=c1[nH]cc(F)c(=O)[nH]1,C#Cc1cccc(Nc2ncnc3cc(OCCOC)c(OCCOC)cc23)c1,UACC62,1
O=c1[nH]cc(F)c(=O)[nH]1,C#Cc1cccc(Nc2ncnc3cc(OCCOC)c(OCCOC)cc23)c1,VCAP,1
O=c1[nH]cc(F)c(=O)[nH]1,C#Cc1cccc(Nc2ncnc3cc(OCCOC)c(OCCOC)cc23)c1,ZR751,1
O=c1[nH]cc(F)c(=O)[nH]1,COC1=C2CC(C)CC(OC)C(O)C(C)C=C(C)C(OC(N)=O)C(OC)C=CC=C(C)C(=O)NC(=CC1=O)C2=O,CAOV3,0
O=c1[nH]cc(F)c(=O)[nH]1,COC1=C2CC(C)CC(OC)C(O)C(C)C=C(C)C(OC(N)=O)C(OC)C=CC=C(C)C(=O)NC(=CC1=O)C2=O,ES2,0
O=c1[nH]cc(F)c(=O)[nH]1,COC1=C2CC(C)CC(OC)C(O)C(C)C=C(C)C(OC(N)=O)C(OC)C=CC=C(C)C(=O)NC(=CC1=O)C2=O,HT29,0
O=c1[nH]cc(F)c(=O)[nH]1,COC1=C2CC(C)CC(OC)C(O)C(C)C=C(C)C(OC(N)=O)C(OC)C=CC=C(C)C(=O)NC(=CC1=O)C2=O,LNCAP,1
O=c1[nH]cc(F)c(=O)[nH]1,COC1=C2CC(C)CC(OC)C(O)C(C)C=C(C)C(OC(N)=O)C(OC)C=CC=C(C)C(=O)NC(=CC1=O)C2=O,LOVO,0
O=c1[nH]cc(F)c(=O)[nH]1,COC1=C2CC(C)CC(OC)C(O)C(C)C=C(C)C(OC(N)=O)C(OC)C=CC=C(C)C(=O)NC(=CC1=O)C2=O,NCIH1650,0
O=c1[nH]cc(F)c(=O)[nH]1,COC1=C2CC(C)CC(OC)C(O)C(C)C=C(C)C(OC(N)=O)C(OC)C=CC=C(C)C(=O)NC(=CC1=O)C2=O,NCIH2122,0
O=c1[nH]cc(F)c(=O)[nH]1,COC1=C2CC(C)CC(OC)C(O)C(C)C=C(C)C(OC(N)=O)C(OC)C=CC=C(C)C(=O)NC(=CC1=O)C2=O,NCIH23,0
O=c1[nH]cc(F)c(=O)[nH]1,COC1=C2CC(C)CC(OC)C(O)C(C)C=C(C)C(OC(N)=O)C(OC)C=CC=C(C)C(=O)NC(=CC1=O)C2=O,NCIH460,0
O=c1[nH]cc(F)c(=O)[nH]1,COC1=C2CC(C)CC(OC)C(O)C(C)C=C(C)C(OC(N)=O)C(OC)C=CC=C(C)C(=O)NC(=CC1=O)C2=O,RPMI7951,0
O=c1[nH]cc(F)c(=O)[nH]1,COC1=C2CC(C)CC(OC)C(O)C(C)C=C(C)C(OC(N)=O)C(OC)C=CC=C(C)C(=O)NC(=CC1=O)C2=O,SKMEL30,0
O=c1[nH]cc(F)c(=O)[nH]1,COC1=C2CC(C)CC(OC)C(O)C(C)C=C(C)C(OC(N)=O)C(OC)C=CC=C(C)C(=O)NC(=CC1=O)C2=O,SKOV3,0
O=c1[nH]cc(F)c(=O)[nH]1,COC1=C2CC(C)CC(OC)C(O)C(C)C=C(C)C(OC(N)=O)C(OC)C=CC=C(C)C(=O)NC(=CC1=O)C2=O,SW620,0
O=c1[nH]cc(F)c(=O)[nH]1,COC1=C2CC(C)CC(OC)C(O)C(C)C=C(C)C(OC(N)=O)C(OC)C=CC=C(C)C(=O)NC(=CC1=O)C2=O,SW837,0
O=c1[nH]cc(F)c(=O)[nH]1,COC1=C2CC(C)CC(OC)C(O)C(C)C=C(C)C(OC(N)=O)C(OC)C=CC=C(C)C(=O)NC(=CC1=O)C2=O,T47D,1
O=c1[nH]cc(F)c(=O)[nH]1,COC1=C2CC(C)CC(OC)C(O)C(C)C=C(C)C(OC(N)=O)C(OC)C=CC=C(C)C(=O)NC(=CC1=O)C2=O,UACC62,0
O=c1[nH]cc(F)c(=O)[nH]1,COC1=C2CC(C)CC(OC)C(O)C(C)C=C(C)C(OC(N)=O)C(OC)C=CC=C(C)C(=O)NC(=CC1=O)C2=O,VCAP,1
O=c1[nH]cc(F)c(=O)[nH]1,COC1=C2CC(C)CC(OC)C(O)C(C)C=C(C)C(OC(N)=O)C(OC)C=CC=C(C)C(=O)NC(=CC1=O)C2=O,ZR751,0
O=c1[nH]cc(F)c(=O)[nH]1,N#Cc1ccc(Cn2cncc2CN2CCN(c3cccc(Cl)c3)C(=O)C2)cc1,A427,1
O=c1[nH]cc(F)c(=O)[nH]1,N#Cc1ccc(Cn2cncc2CN2CCN(c3cccc(Cl)c3)C(=O)C2)cc1,CAOV3,0
O=c1[nH]cc(F)c(=O)[nH]1,N#Cc1ccc(Cn2cncc2CN2CCN(c3cccc(Cl)c3)C(=O)C2)cc1,ES2,1
O=c1[nH]cc(F)c(=O)[nH]1,N#Cc1ccc(Cn2cncc2CN2CCN(c3cccc(Cl)c3)C(=O)C2)cc1,HCT116,1
O=c1[nH]cc(F)c(=O)[nH]1,N#Cc1ccc(Cn2cncc2CN2CCN(c3cccc(Cl)c3)C(=O)C2)cc1,HT29,1
O=c1[nH]cc(F)c(=O)[nH]1,N#Cc1ccc(Cn2cncc2CN2CCN(c3cccc(Cl)c3)C(=O)C2)cc1,NCIH1650,1
O=c1[nH]cc(F)c(=O)[nH]1,N#Cc1ccc(Cn2cncc2CN2CCN(c3cccc(Cl)c3)C(=O)C2)cc1,NCIH460,0
O=c1[nH]cc(F)c(=O)[nH]1,N#Cc1ccc(Cn2cncc2CN2CCN(c3cccc(Cl)c3)C(=O)C2)cc1,NCIH520,1
O=c1[nH]cc(F)c(=O)[nH]1,N#Cc1ccc(Cn2cncc2CN2CCN(c3cccc(Cl)c3)C(=O)C2)cc1,OV90,1
O=c1[nH]cc(F)c(=O)[nH]1,N#Cc1ccc(Cn2cncc2CN2CCN(c3cccc(Cl)c3)C(=O)C2)cc1,SKMEL30,0
O=c1[nH]cc(F)c(=O)[nH]1,N#Cc1ccc(Cn2cncc2CN2CCN(c3cccc(Cl)c3)C(=O)C2)cc1,SW837,0
O=c1[nH]cc(F)c(=O)[nH]1,N#Cc1ccc(Cn2cncc2CN2CCN(c3cccc(Cl)c3)C(=O)C2)cc1,T47D,1
O=c1[nH]cc(F)c(=O)[nH]1,N#Cc1ccc(Cn2cncc2CN2CCN(c3cccc(Cl)c3)C(=O)C2)cc1,VCAP,1
O=c1[nH]cc(F)c(=O)[nH]1,CS(=O)(=O)CCNCc1ccc(-c2ccc3ncnc(Nc4ccc(OCc5cccc(F)c5)c(Cl)c4)c3c2)o1,A427,0
O=c1[nH]cc(F)c(=O)[nH]1,CS(=O)(=O)CCNCc1ccc(-c2ccc3ncnc(Nc4ccc(OCc5cccc(F)c5)c(Cl)c4)c3c2)o1,CAOV3,0
O=c1[nH]cc(F)c(=O)[nH]1,CS(=O)(=O)CCNCc1ccc(-c2ccc3ncnc(Nc4ccc(OCc5cccc(F)c5)c(Cl)c4)c3c2)o1,KPL1,0
O=c1[nH]cc(F)c(=O)[nH]1,CS(=O)(=O)CCNCc1ccc(-c2ccc3ncnc(Nc4ccc(OCc5cccc(F)c5)c(Cl)c4)c3c2)o1,LNCAP,0
O=c1[nH]cc(F)c(=O)[nH]1,CS(=O)(=O)CCNCc1ccc(-c2ccc3ncnc(Nc4ccc(OCc5cccc(F)c5)c(Cl)c4)c3c2)o1,LOVO,1
O=c1[nH]cc(F)c(=O)[nH]1,CS(=O)(=O)CCNCc1ccc(-c2ccc3ncnc(Nc4ccc(OCc5cccc(F)c5)c(Cl)c4)c3c2)o1,MSTO,0
O=c1[nH]cc(F)c(=O)[nH]1,CS(=O)(=O)CCNCc1ccc(-c2ccc3ncnc(Nc4ccc(OCc5cccc(F)c5)c(Cl)c4)c3c2)o1,NCIH23,0
O=c1[nH]cc(F)c(=O)[nH]1,CS(=O)(=O)CCNCc1ccc(-c2ccc3ncnc(Nc4ccc(OCc5cccc(F)c5)c(Cl)c4)c3c2)o1,NCIH460,0
O=c1[nH]cc(F)c(=O)[nH]1,CS(=O)(=O)CCNCc1ccc(-c2ccc3ncnc(Nc4ccc(OCc5cccc(F)c5)c(Cl)c4)c3c2)o1,NCIH520,0
O=c1[nH]cc(F)c(=O)[nH]1,CS(=O)(=O)CCNCc1ccc(-c2ccc3ncnc(Nc4ccc(OCc5cccc(F)c5)c(Cl)c4)c3c2)o1,OV90,0
O=c1[nH]cc(F)c(=O)[nH]1,CS(=O)(=O)CCNCc1ccc(-c2ccc3ncnc(Nc4ccc(OCc5cccc(F)c5)c(Cl)c4)c3c2)o1,RKO,1
O=c1[nH]cc(F)c(=O)[nH]1,CS(=O)(=O)CCNCc1ccc(-c2ccc3ncnc(Nc4ccc(OCc5cccc(F)c5)c(Cl)c4)c3c2)o1,SKMES1,1
O=c1[nH]cc(F)c(=O)[nH]1,CS(=O)(=O)CCNCc1ccc(-c2ccc3ncnc(Nc4ccc(OCc5cccc(F)c5)c(Cl)c4)c3c2)o1,SW620,0
O=c1[nH]cc(F)c(=O)[nH]1,CS(=O)(=O)CCNCc1ccc(-c2ccc3ncnc(Nc4ccc(OCc5cccc(F)c5)c(Cl)c4)c3c2)o1,T47D,1
O=c1[nH]cc(F)c(=O)[nH]1,CS(=O)(=O)CCNCc1ccc(-c2ccc3ncnc(Nc4ccc(OCc5cccc(F)c5)c(Cl)c4)c3c2)o1,VCAP,1
O=c1[nH]cc(F)c(=O)[nH]1,CS(=O)(=O)CCNCc1ccc(-c2ccc3ncnc(Nc4ccc(OCc5cccc(F)c5)c(Cl)c4)c3c2)o1,ZR751,1
O=c1[nH]cc(F)c(=O)[nH]1,NC1(c2ccc(-c3nc4ccn5c(=O)[nH]nc5c4cc3-c3ccccc3)cc2)CCC1,A2058,1
O=c1[nH]cc(F)c(=O)[nH]1,NC1(c2ccc(-c3nc4ccn5c(=O)[nH]nc5c4cc3-c3ccccc3)cc2)CCC1,A2780,1
O=c1[nH]cc(F)c(=O)[nH]1,NC1(c2ccc(-c3nc4ccn5c(=O)[nH]nc5c4cc3-c3ccccc3)cc2)CCC1,A427,1
O=c1[nH]cc(F)c(=O)[nH]1,NC1(c2ccc(-c3nc4ccn5c(=O)[nH]nc5c4cc3-c3ccccc3)cc2)CCC1,CAOV3,1
O=c1[nH]cc(F)c(=O)[nH]1,NC1(c2ccc(-c3nc4ccn5c(=O)[nH]nc5c4cc3-c3ccccc3)cc2)CCC1,HT29,1
O=c1[nH]cc(F)c(=O)[nH]1,NC1(c2ccc(-c3nc4ccn5c(=O)[nH]nc5c4cc3-c3ccccc3)cc2)CCC1,KPL1,1
O=c1[nH]cc(F)c(=O)[nH]1,NC1(c2ccc(-c3nc4ccn5c(=O)[nH]nc5c4cc3-c3ccccc3)cc2)CCC1,MDAMB436,1
O=c1[nH]cc(F)c(=O)[nH]1,NC1(c2ccc(-c3nc4ccn5c(=O)[nH]nc5c4cc3-c3ccccc3)cc2)CCC1,MSTO,0
O=c1[nH]cc(F)c(=O)[nH]1,NC1(c2ccc(-c3nc4ccn5c(=O)[nH]nc5c4cc3-c3ccccc3)cc2)CCC1,NCIH1650,1
O=c1[nH]cc(F)c(=O)[nH]1,NC1(c2ccc(-c3nc4ccn5c(=O)[nH]nc5c4cc3-c3ccccc3)cc2)CCC1,NCIH2122,1
O=c1[nH]cc(F)c(=O)[nH]1,NC1(c2ccc(-c3nc4ccn5c(=O)[nH]nc5c4cc3-c3ccccc3)cc2)CCC1,NCIH460,1
O=c1[nH]cc(F)c(=O)[nH]1,NC1(c2ccc(-c3nc4ccn5c(=O)[nH]nc5c4cc3-c3ccccc3)cc2)CCC1,NCIH520,1
O=c1[nH]cc(F)c(=O)[nH]1,NC1(c2ccc(-c3nc4ccn5c(=O)[nH]nc5c4cc3-c3ccccc3)cc2)CCC1,RKO,1
O=c1[nH]cc(F)c(=O)[nH]1,NC1(c2ccc(-c3nc4ccn5c(=O)[nH]nc5c4cc3-c3ccccc3)cc2)CCC1,RPMI7951,1
O=c1[nH]cc(F)c(=O)[nH]1,NC1(c2ccc(-c3nc4ccn5c(=O)[nH]nc5c4cc3-c3ccccc3)cc2)CCC1,SKMES1,1
O=c1[nH]cc(F)c(=O)[nH]1,NC1(c2ccc(-c3nc4ccn5c(=O)[nH]nc5c4cc3-c3ccccc3)cc2)CCC1,SKOV3,1
O=c1[nH]cc(F)c(=O)[nH]1,NC1(c2ccc(-c3nc4ccn5c(=O)[nH]nc5c4cc3-c3ccccc3)cc2)CCC1,SW620,1
O=c1[nH]cc(F)c(=O)[nH]1,NC1(c2ccc(-c3nc4ccn5c(=O)[nH]nc5c4cc3-c3ccccc3)cc2)CCC1,UACC62,1
O=c1[nH]cc(F)c(=O)[nH]1,NC1(c2ccc(-c3nc4ccn5c(=O)[nH]nc5c4cc3-c3ccccc3)cc2)CCC1,ZR751,1
O=c1[nH]cc(F)c(=O)[nH]1,NC(=O)c1cccc2cn(-c3ccc(C4CCCNC4)cc3)nc12,A375,0
O=c1[nH]cc(F)c(=O)[nH]1,NC(=O)c1cccc2cn(-c3ccc(C4CCCNC4)cc3)nc12,CAOV3,0
O=c1[nH]cc(F)c(=O)[nH]1,NC(=O)c1cccc2cn(-c3ccc(C4CCCNC4)cc3)nc12,ES2,0
O=c1[nH]cc(F)c(=O)[nH]1,NC(=O)c1cccc2cn(-c3ccc(C4CCCNC4)cc3)nc12,HT144,0
O=c1[nH]cc(F)c(=O)[nH]1,NC(=O)c1cccc2cn(-c3ccc(C4CCCNC4)cc3)nc12,KPL1,0
O=c1[nH]cc(F)c(=O)[nH]1,NC(=O)c1cccc2cn(-c3ccc(C4CCCNC4)cc3)nc12,LNCAP,0
O=c1[nH]cc(F)c(=O)[nH]1,NC(=O)c1cccc2cn(-c3ccc(C4CCCNC4)cc3)nc12,LOVO,0
O=c1[nH]cc(F)c(=O)[nH]1,NC(=O)c1cccc2cn(-c3ccc(C4CCCNC4)cc3)nc12,MSTO,0
O=c1[nH]cc(F)c(=O)[nH]1,NC(=O)c1cccc2cn(-c3ccc(C4CCCNC4)cc3)nc12,NCIH1650,0
O=c1[nH]cc(F)c(=O)[nH]1,NC(=O)c1cccc2cn(-c3ccc(C4CCCNC4)cc3)nc12,NCIH23,0
O=c1[nH]cc(F)c(=O)[nH]1,NC(=O)c1cccc2cn(-c3ccc(C4CCCNC4)cc3)nc12,NCIH460,0
O=c1[nH]cc(F)c(=O)[nH]1,NC(=O)c1cccc2cn(-c3ccc(C4CCCNC4)cc3)nc12,OV90,0
O=c1[nH]cc(F)c(=O)[nH]1,NC(=O)c1cccc2cn(-c3ccc(C4CCCNC4)cc3)nc12,RKO,0
O=c1[nH]cc(F)c(=O)[nH]1,NC(=O)c1cccc2cn(-c3ccc(C4CCCNC4)cc3)nc12,SKOV3,0
O=c1[nH]cc(F)c(=O)[nH]1,NC(=O)c1cccc2cn(-c3ccc(C4CCCNC4)cc3)nc12,SW837,0
O=c1[nH]cc(F)c(=O)[nH]1,NC(=O)c1cccc2cn(-c3ccc(C4CCCNC4)cc3)nc12,T47D,0
O=c1[nH]cc(F)c(=O)[nH]1,NC(=O)c1cccc2cn(-c3ccc(C4CCCNC4)cc3)nc12,VCAP,1
O=c1[nH]cc(F)c(=O)[nH]1,O=C(O)C1(Cc2cccc(Nc3nccs3)n2)CCC(Oc2cccc(Cl)c2F)CC1,CAOV3,0
O=c1[nH]cc(F)c(=O)[nH]1,O=C(O)C1(Cc2cccc(Nc3nccs3)n2)CCC(Oc2cccc(Cl)c2F)CC1,HCT116,1
O=c1[nH]cc(F)c(=O)[nH]1,O=C(O)C1(Cc2cccc(Nc3nccs3)n2)CCC(Oc2cccc(Cl)c2F)CC1,HT29,1
O=c1[nH]cc(F)c(=O)[nH]1,O=C(O)C1(Cc2cccc(Nc3nccs3)n2)CCC(Oc2cccc(Cl)c2F)CC1,LNCAP,0
O=c1[nH]cc(F)c(=O)[nH]1,O=C(O)C1(Cc2cccc(Nc3nccs3)n2)CCC(Oc2cccc(Cl)c2F)CC1,MSTO,0
O=c1[nH]cc(F)c(=O)[nH]1,O=C(O)C1(Cc2cccc(Nc3nccs3)n2)CCC(Oc2cccc(Cl)c2F)CC1,NCIH1650,0
O=c1[nH]cc(F)c(=O)[nH]1,O=C(O)C1(Cc2cccc(Nc3nccs3)n2)CCC(Oc2cccc(Cl)c2F)CC1,NCIH2122,0
O=c1[nH]cc(F)c(=O)[nH]1,O=C(O)C1(Cc2cccc(Nc3nccs3)n2)CCC(Oc2cccc(Cl)c2F)CC1,NCIH23,0
O=c1[nH]cc(F)c(=O)[nH]1,O=C(O)C1(Cc2cccc(Nc3nccs3)n2)CCC(Oc2cccc(Cl)c2F)CC1,NCIH460,0
O=c1[nH]cc(F)c(=O)[nH]1,O=C(O)C1(Cc2cccc(Nc3nccs3)n2)CCC(Oc2cccc(Cl)c2F)CC1,RKO,0
O=c1[nH]cc(F)c(=O)[nH]1,O=C(O)C1(Cc2cccc(Nc3nccs3)n2)CCC(Oc2cccc(Cl)c2F)CC1,SKMEL30,1
O=c1[nH]cc(F)c(=O)[nH]1,O=C(O)C1(Cc2cccc(Nc3nccs3)n2)CCC(Oc2cccc(Cl)c2F)CC1,SKMES1,0
O=c1[nH]cc(F)c(=O)[nH]1,O=C(O)C1(Cc2cccc(Nc3nccs3)n2)CCC(Oc2cccc(Cl)c2F)CC1,SW837,0
O=c1[nH]cc(F)c(=O)[nH]1,O=C(O)C1(Cc2cccc(Nc3nccs3)n2)CCC(Oc2cccc(Cl)c2F)CC1,VCAP,1
O=c1[nH]cc(F)c(=O)[nH]1,COC1CC2CCC(C)C(O)(O2)C(=O)C(=O)N2CCCCC2C(=O)OC(C(C)CC2CCC(OP(C)(C)=O)C(OC)C2)CC(=O)C(C)C=C(C)C(O)C(OC)C(=O)C(C)CC(C)C=CC=CC=C1C,A2058,1
O=c1[nH]cc(F)c(=O)[nH]1,COC1CC2CCC(C)C(O)(O2)C(=O)C(=O)N2CCCCC2C(=O)OC(C(C)CC2CCC(OP(C)(C)=O)C(OC)C2)CC(=O)C(C)C=C(C)C(O)C(OC)C(=O)C(C)CC(C)C=CC=CC=C1C,A2780,1
O=c1[nH]cc(F)c(=O)[nH]1,COC1CC2CCC(C)C(O)(O2)C(=O)C(=O)N2CCCCC2C(=O)OC(C(C)CC2CCC(OP(C)(C)=O)C(OC)C2)CC(=O)C(C)C=C(C)C(O)C(OC)C(=O)C(C)CC(C)C=CC=CC=C1C,A375,1
O=c1[nH]cc(F)c(=O)[nH]1,COC1CC2CCC(C)C(O)(O2)C(=O)C(=O)N2CCCCC2C(=O)OC(C(C)CC2CCC(OP(C)(C)=O)C(OC)C2)CC(=O)C(C)C=C(C)C(O)C(OC)C(=O)C(C)CC(C)C=CC=CC=C1C,A427,1
O=c1[nH]cc(F)c(=O)[nH]1,COC1CC2CCC(C)C(O)(O2)C(=O)C(=O)N2CCCCC2C(=O)OC(C(C)CC2CCC(OP(C)(C)=O)C(OC)C2)CC(=O)C(C)C=C(C)C(O)C(OC)C(=O)C(C)CC(C)C=CC=CC=C1C,ES2,1
O=c1[nH]cc(F)c(=O)[nH]1,COC1CC2CCC(C)C(O)(O2)C(=O)C(=O)N2CCCCC2C(=O)OC(C(C)CC2CCC(OP(C)(C)=O)C(OC)C2)CC(=O)C(C)C=C(C)C(O)C(OC)C(=O)C(C)CC(C)C=CC=CC=C1C,HT29,1
O=c1[nH]cc(F)c(=O)[nH]1,COC1CC2CCC(C)C(O)(O2)C(=O)C(=O)N2CCCCC2C(=O)OC(C(C)CC2CCC(OP(C)(C)=O)C(OC)C2)CC(=O)C(C)C=C(C)C(O)C(OC)C(=O)C(C)CC(C)C=CC=CC=C1C,KPL1,1
O=c1[nH]cc(F)c(=O)[nH]1,COC1CC2CCC(C)C(O)(O2)C(=O)C(=O)N2CCCCC2C(=O)OC(C(C)CC2CCC(OP(C)(C)=O)C(OC)C2)CC(=O)C(C)C=C(C)C(O)C(OC)C(=O)C(C)CC(C)C=CC=CC=C1C,LNCAP,1
O=c1[nH]cc(F)c(=O)[nH]1,COC1CC2CCC(C)C(O)(O2)C(=O)C(=O)N2CCCCC2C(=O)OC(C(C)CC2CCC(OP(C)(C)=O)C(OC)C2)CC(=O)C(C)C=C(C)C(O)C(OC)C(=O)C(C)CC(C)C=CC=CC=C1C,MDAMB436,1
O=c1[nH]cc(F)c(=O)[nH]1,COC1CC2CCC(C)C(O)(O2)C(=O)C(=O)N2CCCCC2C(=O)OC(C(C)CC2CCC(OP(C)(C)=O)C(OC)C2)CC(=O)C(C)C=C(C)C(O)C(OC)C(=O)C(C)CC(C)C=CC=CC=C1C,MSTO,0
O=c1[nH]cc(F)c(=O)[nH]1,COC1CC2CCC(C)C(O)(O2)C(=O)C(=O)N2CCCCC2C(=O)OC(C(C)CC2CCC(OP(C)(C)=O)C(OC)C2)CC(=O)C(C)C=C(C)C(O)C(OC)C(=O)C(C)CC(C)C=CC=CC=C1C,NCIH1650,1
O=c1[nH]cc(F)c(=O)[nH]1,COC1CC2CCC(C)C(O)(O2)C(=O)C(=O)N2CCCCC2C(=O)OC(C(C)CC2CCC(OP(C)(C)=O)C(OC)C2)CC(=O)C(C)C=C(C)C(O)C(OC)C(=O)C(C)CC(C)C=CC=CC=C1C,NCIH2122,1
O=c1[nH]cc(F)c(=O)[nH]1,COC1CC2CCC(C)C(O)(O2)C(=O)C(=O)N2CCCCC2C(=O)OC(C(C)CC2CCC(OP(C)(C)=O)C(OC)C2)CC(=O)C(C)C=C(C)C(O)C(OC)C(=O)C(C)CC(C)C=CC=CC=C1C,NCIH23,1
O=c1[nH]cc(F)c(=O)[nH]1,COC1CC2CCC(C)C(O)(O2)C(=O)C(=O)N2CCCCC2C(=O)OC(C(C)CC2CCC(OP(C)(C)=O)C(OC)C2)CC(=O)C(C)C=C(C)C(O)C(OC)C(=O)C(C)CC(C)C=CC=CC=C1C,RKO,1
O=c1[nH]cc(F)c(=O)[nH]1,COC1CC2CCC(C)C(O)(O2)C(=O)C(=O)N2CCCCC2C(=O)OC(C(C)CC2CCC(OP(C)(C)=O)C(OC)C2)CC(=O)C(C)C=C(C)C(O)C(OC)C(=O)C(C)CC(C)C=CC=CC=C1C,RPMI7951,1
O=c1[nH]cc(F)c(=O)[nH]1,COC1CC2CCC(C)C(O)(O2)C(=O)C(=O)N2CCCCC2C(=O)OC(C(C)CC2CCC(OP(C)(C)=O)C(OC)C2)CC(=O)C(C)C=C(C)C(O)C(OC)C(=O)C(C)CC(C)C=CC=CC=C1C,SKMEL30,1
O=c1[nH]cc(F)c(=O)[nH]1,COC1CC2CCC(C)C(O)(O2)C(=O)C(=O)N2CCCCC2C(=O)OC(C(C)CC2CCC(OP(C)(C)=O)C(OC)C2)CC(=O)C(C)C=C(C)C(O)C(OC)C(=O)C(C)CC(C)C=CC=CC=C1C,SKOV3,1
O=c1[nH]cc(F)c(=O)[nH]1,COC1CC2CCC(C)C(O)(O2)C(=O)C(=O)N2CCCCC2C(=O)OC(C(C)CC2CCC(OP(C)(C)=O)C(OC)C2)CC(=O)C(C)C=C(C)C(O)C(OC)C(=O)C(C)CC(C)C=CC=CC=C1C,SW620,1
O=c1[nH]cc(F)c(=O)[nH]1,COC1CC2CCC(C)C(O)(O2)C(=O)C(=O)N2CCCCC2C(=O)OC(C(C)CC2CCC(OP(C)(C)=O)C(OC)C2)CC(=O)C(C)C=C(C)C(O)C(OC)C(=O)C(C)CC(C)C=CC=CC=C1C,SW837,1
O=c1[nH]cc(F)c(=O)[nH]1,COC1CC2CCC(C)C(O)(O2)C(=O)C(=O)N2CCCCC2C(=O)OC(C(C)CC2CCC(OP(C)(C)=O)C(OC)C2)CC(=O)C(C)C=C(C)C(O)C(OC)C(=O)C(C)CC(C)C=CC=CC=C1C,T47D,1
O=c1[nH]cc(F)c(=O)[nH]1,COC1CC2CCC(C)C(O)(O2)C(=O)C(=O)N2CCCCC2C(=O)OC(C(C)CC2CCC(OP(C)(C)=O)C(OC)C2)CC(=O)C(C)C=C(C)C(O)C(OC)C(=O)C(C)CC(C)C=CC=CC=C1C,UACC62,1
O=c1[nH]cc(F)c(=O)[nH]1,COC1CC2CCC(C)C(O)(O2)C(=O)C(=O)N2CCCCC2C(=O)OC(C(C)CC2CCC(OP(C)(C)=O)C(OC)C2)CC(=O)C(C)C=C(C)C(O)C(OC)C(=O)C(C)CC(C)C=CC=CC=C1C,VCAP,1
O=c1[nH]cc(F)c(=O)[nH]1,COC1CC2CCC(C)C(O)(O2)C(=O)C(=O)N2CCCCC2C(=O)OC(C(C)CC2CCC(OP(C)(C)=O)C(OC)C2)CC(=O)C(C)C=C(C)C(O)C(OC)C(=O)C(C)CC(C)C=CC=CC=C1C,ZR751,1
O=c1[nH]cc(F)c(=O)[nH]1,Cn1cc(-c2cnn3c(N)c(Br)c(C4CCCNC4)nc23)cn1,KPL1,0
O=c1[nH]cc(F)c(=O)[nH]1,Cn1cc(-c2cnn3c(N)c(Br)c(C4CCCNC4)nc23)cn1,MDAMB436,1
O=c1[nH]cc(F)c(=O)[nH]1,Cn1cc(-c2cnn3c(N)c(Br)c(C4CCCNC4)nc23)cn1,MSTO,0
O=c1[nH]cc(F)c(=O)[nH]1,Cn1cc(-c2cnn3c(N)c(Br)c(C4CCCNC4)nc23)cn1,NCIH460,1
O=c1[nH]cc(F)c(=O)[nH]1,Cn1cc(-c2cnn3c(N)c(Br)c(C4CCCNC4)nc23)cn1,NCIH520,1
O=c1[nH]cc(F)c(=O)[nH]1,Cn1cc(-c2cnn3c(N)c(Br)c(C4CCCNC4)nc23)cn1,RKO,1
O=c1[nH]cc(F)c(=O)[nH]1,Cn1cc(-c2cnn3c(N)c(Br)c(C4CCCNC4)nc23)cn1,SKMEL30,0
O=c1[nH]cc(F)c(=O)[nH]1,Cn1cc(-c2cnn3c(N)c(Br)c(C4CCCNC4)nc23)cn1,SKMES1,1
O=c1[nH]cc(F)c(=O)[nH]1,Cn1cc(-c2cnn3c(N)c(Br)c(C4CCCNC4)nc23)cn1,SW837,0
O=c1[nH]cc(F)c(=O)[nH]1,Cn1cc(-c2cnn3c(N)c(Br)c(C4CCCNC4)nc23)cn1,VCAP,1
O=c1[nH]cc(F)c(=O)[nH]1,Cn1cc(-c2cnn3c(N)c(Br)c(C4CCCNC4)nc23)cn1,ZR751,0
O=c1[nH]cc(F)c(=O)[nH]1,O=C(NOCC(O)CO)c1ccc(F)c(F)c1Nc1ccc(I)cc1F,A2780,1
O=c1[nH]cc(F)c(=O)[nH]1,O=C(NOCC(O)CO)c1ccc(F)c(F)c1Nc1ccc(I)cc1F,A375,0
O=c1[nH]cc(F)c(=O)[nH]1,O=C(NOCC(O)CO)c1ccc(F)c(F)c1Nc1ccc(I)cc1F,A427,1
O=c1[nH]cc(F)c(=O)[nH]1,O=C(NOCC(O)CO)c1ccc(F)c(F)c1Nc1ccc(I)cc1F,CAOV3,0
O=c1[nH]cc(F)c(=O)[nH]1,O=C(NOCC(O)CO)c1ccc(F)c(F)c1Nc1ccc(I)cc1F,HCT116,1
O=c1[nH]cc(F)c(=O)[nH]1,O=C(NOCC(O)CO)c1ccc(F)c(F)c1Nc1ccc(I)cc1F,KPL1,0
O=c1[nH]cc(F)c(=O)[nH]1,O=C(NOCC(O)CO)c1ccc(F)c(F)c1Nc1ccc(I)cc1F,LOVO,0
O=c1[nH]cc(F)c(=O)[nH]1,O=C(NOCC(O)CO)c1ccc(F)c(F)c1Nc1ccc(I)cc1F,MSTO,1
O=c1[nH]cc(F)c(=O)[nH]1,O=C(NOCC(O)CO)c1ccc(F)c(F)c1Nc1ccc(I)cc1F,NCIH460,1
O=c1[nH]cc(F)c(=O)[nH]1,O=C(NOCC(O)CO)c1ccc(F)c(F)c1Nc1ccc(I)cc1F,NCIH520,0
O=c1[nH]cc(F)c(=O)[nH]1,O=C(NOCC(O)CO)c1ccc(F)c(F)c1Nc1ccc(I)cc1F,OV90,0
O=c1[nH]cc(F)c(=O)[nH]1,O=C(NOCC(O)CO)c1ccc(F)c(F)c1Nc1ccc(I)cc1F,SKMEL30,0
O=c1[nH]cc(F)c(=O)[nH]1,O=C(NOCC(O)CO)c1ccc(F)c(F)c1Nc1ccc(I)cc1F,SKMES1,0
O=c1[nH]cc(F)c(=O)[nH]1,O=C(NOCC(O)CO)c1ccc(F)c(F)c1Nc1ccc(I)cc1F,T47D,1
O=c1[nH]cc(F)c(=O)[nH]1,O=C(NOCC(O)CO)c1ccc(F)c(F)c1Nc1ccc(I)cc1F,UACC62,0
O=c1[nH]cc(F)c(=O)[nH]1,O=C(NOCC(O)CO)c1ccc(F)c(F)c1Nc1ccc(I)cc1F,VCAP,1
O=c1[nH]cc(F)c(=O)[nH]1,O=C(NOCC(O)CO)c1ccc(F)c(F)c1Nc1ccc(I)cc1F,ZR751,0
O=c1[nH]cc(F)c(=O)[nH]1,CNC(=O)c1cc(Oc2ccc(NC(=O)Nc3ccc(Cl)c(C(F)(F)F)c3)cc2)ccn1,CAOV3,0
O=c1[nH]cc(F)c(=O)[nH]1,CNC(=O)c1cc(Oc2ccc(NC(=O)Nc3ccc(Cl)c(C(F)(F)F)c3)cc2)ccn1,HCT116,0
O=c1[nH]cc(F)c(=O)[nH]1,CNC(=O)c1cc(Oc2ccc(NC(=O)Nc3ccc(Cl)c(C(F)(F)F)c3)cc2)ccn1,HT29,0
O=c1[nH]cc(F)c(=O)[nH]1,CNC(=O)c1cc(Oc2ccc(NC(=O)Nc3ccc(Cl)c(C(F)(F)F)c3)cc2)ccn1,KPL1,0
O=c1[nH]cc(F)c(=O)[nH]1,CNC(=O)c1cc(Oc2ccc(NC(=O)Nc3ccc(Cl)c(C(F)(F)F)c3)cc2)ccn1,LNCAP,0
O=c1[nH]cc(F)c(=O)[nH]1,CNC(=O)c1cc(Oc2ccc(NC(=O)Nc3ccc(Cl)c(C(F)(F)F)c3)cc2)ccn1,LOVO,0
O=c1[nH]cc(F)c(=O)[nH]1,CNC(=O)c1cc(Oc2ccc(NC(=O)Nc3ccc(Cl)c(C(F)(F)F)c3)cc2)ccn1,MDAMB436,0
O=c1[nH]cc(F)c(=O)[nH]1,CNC(=O)c1cc(Oc2ccc(NC(=O)Nc3ccc(Cl)c(C(F)(F)F)c3)cc2)ccn1,MSTO,0
O=c1[nH]cc(F)c(=O)[nH]1,CNC(=O)c1cc(Oc2ccc(NC(=O)Nc3ccc(Cl)c(C(F)(F)F)c3)cc2)ccn1,NCIH1650,0
O=c1[nH]cc(F)c(=O)[nH]1,CNC(=O)c1cc(Oc2ccc(NC(=O)Nc3ccc(Cl)c(C(F)(F)F)c3)cc2)ccn1,NCIH2122,0
O=c1[nH]cc(F)c(=O)[nH]1,CNC(=O)c1cc(Oc2ccc(NC(=O)Nc3ccc(Cl)c(C(F)(F)F)c3)cc2)ccn1,NCIH23,0
O=c1[nH]cc(F)c(=O)[nH]1,CNC(=O)c1cc(Oc2ccc(NC(=O)Nc3ccc(Cl)c(C(F)(F)F)c3)cc2)ccn1,NCIH460,0
O=c1[nH]cc(F)c(=O)[nH]1,CNC(=O)c1cc(Oc2ccc(NC(=O)Nc3ccc(Cl)c(C(F)(F)F)c3)cc2)ccn1,RPMI7951,0
O=c1[nH]cc(F)c(=O)[nH]1,CNC(=O)c1cc(Oc2ccc(NC(=O)Nc3ccc(Cl)c(C(F)(F)F)c3)cc2)ccn1,SKOV3,1
O=c1[nH]cc(F)c(=O)[nH]1,CNC(=O)c1cc(Oc2ccc(NC(=O)Nc3ccc(Cl)c(C(F)(F)F)c3)cc2)ccn1,SW837,0
O=c1[nH]cc(F)c(=O)[nH]1,CNC(=O)c1cc(Oc2ccc(NC(=O)Nc3ccc(Cl)c(C(F)(F)F)c3)cc2)ccn1,T47D,0
O=c1[nH]cc(F)c(=O)[nH]1,CNC(=O)c1cc(Oc2ccc(NC(=O)Nc3ccc(Cl)c(C(F)(F)F)c3)cc2)ccn1,ZR751,0
O=c1[nH]cc(F)c(=O)[nH]1,CCN(CC)CCNC(=O)c1c(C)[nH]c(C=C2C(=O)Nc3ccc(F)cc32)c1C,ES2,1
O=c1[nH]cc(F)c(=O)[nH]1,CCN(CC)CCNC(=O)c1c(C)[nH]c(C=C2C(=O)Nc3ccc(F)cc32)c1C,LNCAP,0
O=c1[nH]cc(F)c(=O)[nH]1,CCN(CC)CCNC(=O)c1c(C)[nH]c(C=C2C(=O)Nc3ccc(F)cc32)c1C,MSTO,0
O=c1[nH]cc(F)c(=O)[nH]1,CCN(CC)CCNC(=O)c1c(C)[nH]c(C=C2C(=O)Nc3ccc(F)cc32)c1C,RPMI7951,0
O=c1[nH]cc(F)c(=O)[nH]1,CCN(CC)CCNC(=O)c1c(C)[nH]c(C=C2C(=O)Nc3ccc(F)cc32)c1C,SKMES1,1
O=c1[nH]cc(F)c(=O)[nH]1,CCN(CC)CCNC(=O)c1c(C)[nH]c(C=C2C(=O)Nc3ccc(F)cc32)c1C,SKOV3,1
O=c1[nH]cc(F)c(=O)[nH]1,CCN(CC)CCNC(=O)c1c(C)[nH]c(C=C2C(=O)Nc3ccc(F)cc32)c1C,SW837,0
O=c1[nH]cc(F)c(=O)[nH]1,CCN(CC)CCNC(=O)c1c(C)[nH]c(C=C2C(=O)Nc3ccc(F)cc32)c1C,VCAP,1
O=c1[nH]cc(F)c(=O)[nH]1,Cn1nnc2c(C(N)=O)ncn2c1=O,A2780,0
O=c1[nH]cc(F)c(=O)[nH]1,Cn1nnc2c(C(N)=O)ncn2c1=O,A375,0
O=c1[nH]cc(F)c(=O)[nH]1,Cn1nnc2c(C(N)=O)ncn2c1=O,A427,1
O=c1[nH]cc(F)c(=O)[nH]1,Cn1nnc2c(C(N)=O)ncn2c1=O,CAOV3,0
O=c1[nH]cc(F)c(=O)[nH]1,Cn1nnc2c(C(N)=O)ncn2c1=O,HCT116,0
O=c1[nH]cc(F)c(=O)[nH]1,Cn1nnc2c(C(N)=O)ncn2c1=O,HT144,0
O=c1[nH]cc(F)c(=O)[nH]1,Cn1nnc2c(C(N)=O)ncn2c1=O,HT29,0
O=c1[nH]cc(F)c(=O)[nH]1,Cn1nnc2c(C(N)=O)ncn2c1=O,KPL1,0
O=c1[nH]cc(F)c(=O)[nH]1,Cn1nnc2c(C(N)=O)ncn2c1=O,LNCAP,0
O=c1[nH]cc(F)c(=O)[nH]1,Cn1nnc2c(C(N)=O)ncn2c1=O,LOVO,0
O=c1[nH]cc(F)c(=O)[nH]1,Cn1nnc2c(C(N)=O)ncn2c1=O,MSTO,0
O=c1[nH]cc(F)c(=O)[nH]1,Cn1nnc2c(C(N)=O)ncn2c1=O,NCIH1650,0
O=c1[nH]cc(F)c(=O)[nH]1,Cn1nnc2c(C(N)=O)ncn2c1=O,NCIH2122,0
O=c1[nH]cc(F)c(=O)[nH]1,Cn1nnc2c(C(N)=O)ncn2c1=O,NCIH23,0
O=c1[nH]cc(F)c(=O)[nH]1,Cn1nnc2c(C(N)=O)ncn2c1=O,NCIH460,0
O=c1[nH]cc(F)c(=O)[nH]1,Cn1nnc2c(C(N)=O)ncn2c1=O,OV90,0
O=c1[nH]cc(F)c(=O)[nH]1,Cn1nnc2c(C(N)=O)ncn2c1=O,RKO,0
O=c1[nH]cc(F)c(=O)[nH]1,Cn1nnc2c(C(N)=O)ncn2c1=O,SKMEL30,0
O=c1[nH]cc(F)c(=O)[nH]1,Cn1nnc2c(C(N)=O)ncn2c1=O,SKOV3,0
O=c1[nH]cc(F)c(=O)[nH]1,Cn1nnc2c(C(N)=O)ncn2c1=O,SW837,0
O=c1[nH]cc(F)c(=O)[nH]1,Cn1nnc2c(C(N)=O)ncn2c1=O,T47D,0
O=c1[nH]cc(F)c(=O)[nH]1,Cn1nnc2c(C(N)=O)ncn2c1=O,UACC62,0
O=c1[nH]cc(F)c(=O)[nH]1,Cn1nnc2c(C(N)=O)ncn2c1=O,VCAP,0
O=c1[nH]cc(F)c(=O)[nH]1,Cn1nnc2c(C(N)=O)ncn2c1=O,ZR751,0
O=c1[nH]cc(F)c(=O)[nH]1,O=C(CCCCCCC(=O)Nc1ccccc1)NO,A2058,0
O=c1[nH]cc(F)c(=O)[nH]1,O=C(CCCCCCC(=O)Nc1ccccc1)NO,A2780,0
O=c1[nH]cc(F)c(=O)[nH]1,O=C(CCCCCCC(=O)Nc1ccccc1)NO,A427,0
O=c1[nH]cc(F)c(=O)[nH]1,O=C(CCCCCCC(=O)Nc1ccccc1)NO,CAOV3,0
O=c1[nH]cc(F)c(=O)[nH]1,O=C(CCCCCCC(=O)Nc1ccccc1)NO,ES2,0
O=c1[nH]cc(F)c(=O)[nH]1,O=C(CCCCCCC(=O)Nc1ccccc1)NO,HCT116,0
O=c1[nH]cc(F)c(=O)[nH]1,O=C(CCCCCCC(=O)Nc1ccccc1)NO,HT144,0
O=c1[nH]cc(F)c(=O)[nH]1,O=C(CCCCCCC(=O)Nc1ccccc1)NO,HT29,0
O=c1[nH]cc(F)c(=O)[nH]1,O=C(CCCCCCC(=O)Nc1ccccc1)NO,KPL1,0
O=c1[nH]cc(F)c(=O)[nH]1,O=C(CCCCCCC(=O)Nc1ccccc1)NO,LOVO,0
O=c1[nH]cc(F)c(=O)[nH]1,O=C(CCCCCCC(=O)Nc1ccccc1)NO,NCIH2122,1
O=c1[nH]cc(F)c(=O)[nH]1,O=C(CCCCCCC(=O)Nc1ccccc1)NO,NCIH23,0
O=c1[nH]cc(F)c(=O)[nH]1,O=C(CCCCCCC(=O)Nc1ccccc1)NO,NCIH520,0
O=c1[nH]cc(F)c(=O)[nH]1,O=C(CCCCCCC(=O)Nc1ccccc1)NO,OV90,0
O=c1[nH]cc(F)c(=O)[nH]1,O=C(CCCCCCC(=O)Nc1ccccc1)NO,RKO,1
O=c1[nH]cc(F)c(=O)[nH]1,O=C(CCCCCCC(=O)Nc1ccccc1)NO,RPMI7951,0
O=c1[nH]cc(F)c(=O)[nH]1,O=C(CCCCCCC(=O)Nc1ccccc1)NO,SKMEL30,0
O=c1[nH]cc(F)c(=O)[nH]1,O=C(CCCCCCC(=O)Nc1ccccc1)NO,SKMES1,1
O=c1[nH]cc(F)c(=O)[nH]1,O=C(CCCCCCC(=O)Nc1ccccc1)NO,SW620,0
O=c1[nH]cc(F)c(=O)[nH]1,O=C(CCCCCCC(=O)Nc1ccccc1)NO,SW837,0
O=c1[nH]cc(F)c(=O)[nH]1,O=C(CCCCCCC(=O)Nc1ccccc1)NO,VCAP,1
O=c1[nH]cc(F)c(=O)[nH]1,O=C(CCCCCCC(=O)Nc1ccccc1)NO,ZR751,0
CN1C(=O)C=CC2(C)C3CCC4(C)C(NC(=O)OCC(F)(F)F)CCC4C3CCC12,O=c1[nH]cc(F)c(=O)[nH]1,A427,1
CN1C(=O)C=CC2(C)C3CCC4(C)C(NC(=O)OCC(F)(F)F)CCC4C3CCC12,O=c1[nH]cc(F)c(=O)[nH]1,CAOV3,1
CN1C(=O)C=CC2(C)C3CCC4(C)C(NC(=O)OCC(F)(F)F)CCC4C3CCC12,O=c1[nH]cc(F)c(=O)[nH]1,HT144,0
CN1C(=O)C=CC2(C)C3CCC4(C)C(NC(=O)OCC(F)(F)F)CCC4C3CCC12,O=c1[nH]cc(F)c(=O)[nH]1,KPL1,0
CN1C(=O)C=CC2(C)C3CCC4(C)C(NC(=O)OCC(F)(F)F)CCC4C3CCC12,O=c1[nH]cc(F)c(=O)[nH]1,LOVO,0
CN1C(=O)C=CC2(C)C3CCC4(C)C(NC(=O)OCC(F)(F)F)CCC4C3CCC12,O=c1[nH]cc(F)c(=O)[nH]1,MSTO,0
CN1C(=O)C=CC2(C)C3CCC4(C)C(NC(=O)OCC(F)(F)F)CCC4C3CCC12,O=c1[nH]cc(F)c(=O)[nH]1,NCIH1650,0
CN1C(=O)C=CC2(C)C3CCC4(C)C(NC(=O)OCC(F)(F)F)CCC4C3CCC12,O=c1[nH]cc(F)c(=O)[nH]1,NCIH23,0
CN1C(=O)C=CC2(C)C3CCC4(C)C(NC(=O)OCC(F)(F)F)CCC4C3CCC12,O=c1[nH]cc(F)c(=O)[nH]1,NCIH460,0
CN1C(=O)C=CC2(C)C3CCC4(C)C(NC(=O)OCC(F)(F)F)CCC4C3CCC12,O=c1[nH]cc(F)c(=O)[nH]1,NCIH520,0
CN1C(=O)C=CC2(C)C3CCC4(C)C(NC(=O)OCC(F)(F)F)CCC4C3CCC12,O=c1[nH]cc(F)c(=O)[nH]1,OV90,0
CN1C(=O)C=CC2(C)C3CCC4(C)C(NC(=O)OCC(F)(F)F)CCC4C3CCC12,O=c1[nH]cc(F)c(=O)[nH]1,RPMI7951,0
CN1C(=O)C=CC2(C)C3CCC4(C)C(NC(=O)OCC(F)(F)F)CCC4C3CCC12,O=c1[nH]cc(F)c(=O)[nH]1,SKMEL30,1
CN1C(=O)C=CC2(C)C3CCC4(C)C(NC(=O)OCC(F)(F)F)CCC4C3CCC12,O=c1[nH]cc(F)c(=O)[nH]1,SKMES1,0
CN1C(=O)C=CC2(C)C3CCC4(C)C(NC(=O)OCC(F)(F)F)CCC4C3CCC12,O=c1[nH]cc(F)c(=O)[nH]1,SKOV3,0
CN1C(=O)C=CC2(C)C3CCC4(C)C(NC(=O)OCC(F)(F)F)CCC4C3CCC12,O=c1[nH]cc(F)c(=O)[nH]1,SW620,0
CN1C(=O)C=CC2(C)C3CCC4(C)C(NC(=O)OCC(F)(F)F)CCC4C3CCC12,O=c1[nH]cc(F)c(=O)[nH]1,SW837,0
CN1C(=O)C=CC2(C)C3CCC4(C)C(NC(=O)OCC(F)(F)F)CCC4C3CCC12,O=c1[nH]cc(F)c(=O)[nH]1,VCAP,1
CN1C(=O)C=CC2(C)C3CCC4(C)C(NC(=O)OCC(F)(F)F)CCC4C3CCC12,O=c1[nH]cc(F)c(=O)[nH]1,ZR751,0
O=S1(=O)NC2(CN1CC(F)(F)F)C1CCC2Cc2cc(C=CCN3CCC(C(F)(F)F)CC3)ccc2C1,O=c1[nH]cc(F)c(=O)[nH]1,A2058,1
O=S1(=O)NC2(CN1CC(F)(F)F)C1CCC2Cc2cc(C=CCN3CCC(C(F)(F)F)CC3)ccc2C1,O=c1[nH]cc(F)c(=O)[nH]1,HCT116,0
O=S1(=O)NC2(CN1CC(F)(F)F)C1CCC2Cc2cc(C=CCN3CCC(C(F)(F)F)CC3)ccc2C1,O=c1[nH]cc(F)c(=O)[nH]1,KPL1,0
O=S1(=O)NC2(CN1CC(F)(F)F)C1CCC2Cc2cc(C=CCN3CCC(C(F)(F)F)CC3)ccc2C1,O=c1[nH]cc(F)c(=O)[nH]1,LNCAP,0
O=S1(=O)NC2(CN1CC(F)(F)F)C1CCC2Cc2cc(C=CCN3CCC(C(F)(F)F)CC3)ccc2C1,O=c1[nH]cc(F)c(=O)[nH]1,LOVO,0
O=S1(=O)NC2(CN1CC(F)(F)F)C1CCC2Cc2cc(C=CCN3CCC(C(F)(F)F)CC3)ccc2C1,O=c1[nH]cc(F)c(=O)[nH]1,MSTO,0
O=S1(=O)NC2(CN1CC(F)(F)F)C1CCC2Cc2cc(C=CCN3CCC(C(F)(F)F)CC3)ccc2C1,O=c1[nH]cc(F)c(=O)[nH]1,NCIH2122,0
O=S1(=O)NC2(CN1CC(F)(F)F)C1CCC2Cc2cc(C=CCN3CCC(C(F)(F)F)CC3)ccc2C1,O=c1[nH]cc(F)c(=O)[nH]1,NCIH460,0
O=S1(=O)NC2(CN1CC(F)(F)F)C1CCC2Cc2cc(C=CCN3CCC(C(F)(F)F)CC3)ccc2C1,O=c1[nH]cc(F)c(=O)[nH]1,NCIH520,0
O=S1(=O)NC2(CN1CC(F)(F)F)C1CCC2Cc2cc(C=CCN3CCC(C(F)(F)F)CC3)ccc2C1,O=c1[nH]cc(F)c(=O)[nH]1,OV90,0
O=S1(=O)NC2(CN1CC(F)(F)F)C1CCC2Cc2cc(C=CCN3CCC(C(F)(F)F)CC3)ccc2C1,O=c1[nH]cc(F)c(=O)[nH]1,RKO,0
O=S1(=O)NC2(CN1CC(F)(F)F)C1CCC2Cc2cc(C=CCN3CCC(C(F)(F)F)CC3)ccc2C1,O=c1[nH]cc(F)c(=O)[nH]1,T47D,0
O=S1(=O)NC2(CN1CC(F)(F)F)C1CCC2Cc2cc(C=CCN3CCC(C(F)(F)F)CC3)ccc2C1,O=c1[nH]cc(F)c(=O)[nH]1,UACC62,1
O=S1(=O)NC2(CN1CC(F)(F)F)C1CCC2Cc2cc(C=CCN3CCC(C(F)(F)F)CC3)ccc2C1,O=c1[nH]cc(F)c(=O)[nH]1,VCAP,1
O=S1(=O)NC2(CN1CC(F)(F)F)C1CCC2Cc2cc(C=CCN3CCC(C(F)(F)F)CC3)ccc2C1,O=c1[nH]cc(F)c(=O)[nH]1,ZR751,0
O=c1[nH]cc(F)c(=O)[nH]1,Cn1cc(-c2cnn3c(N)c(Br)c(C4CCCNC4)nc23)cn1,A2058,1
O=c1[nH]cc(F)c(=O)[nH]1,Cn1cc(-c2cnn3c(N)c(Br)c(C4CCCNC4)nc23)cn1,A375,1
O=c1[nH]cc(F)c(=O)[nH]1,Cn1cc(-c2cnn3c(N)c(Br)c(C4CCCNC4)nc23)cn1,A427,1
O=c1[nH]cc(F)c(=O)[nH]1,Cn1cc(-c2cnn3c(N)c(Br)c(C4CCCNC4)nc23)cn1,CAOV3,1
O=c1[nH]cc(F)c(=O)[nH]1,Cn1cc(-c2cnn3c(N)c(Br)c(C4CCCNC4)nc23)cn1,ES2,0
O=c1[nH]cc(F)c(=O)[nH]1,Cn1cc(-c2cnn3c(N)c(Br)c(C4CCCNC4)nc23)cn1,HCT116,1
O=c1[nH]cc(F)c(=O)[nH]1,Cn1cc(-c2cnn3c(N)c(Br)c(C4CCCNC4)nc23)cn1,HT29,1
O=c1[nH]cc(F)c(=O)[nH]1,Cn1cc(-c2cnn3c(N)c(Br)c(C4CCCNC4)nc23)cn1,NCIH1650,1
O=c1[nH]cc(F)c(=O)[nH]1,Cn1cc(-c2cnn3c(N)c(Br)c(C4CCCNC4)nc23)cn1,NCIH2122,1
