drug1,drug2,cell,label
CN(C)C(=N)N=C(N)N,CC1(c2nc3c(C(N)=O)cccc3[nH]2)CCCN1,A2780,0
CN(C)C(=N)N=C(N)N,CC1(c2nc3c(C(N)=O)cccc3[nH]2)CCCN1,A375,0
CN(C)C(=N)N=C(N)N,CC1(c2nc3c(C(N)=O)cccc3[nH]2)CCCN1,A427,0
CN(C)C(=N)N=C(N)N,CC1(c2nc3c(C(N)=O)cccc3[nH]2)CCCN1,ES2,0
CN(C)C(=N)N=C(N)N,CC1(c2nc3c(C(N)=O)cccc3[nH]2)CCCN1,HCT116,0
CN(C)C(=N)N=C(N)N,CC1(c2nc3c(C(N)=O)cccc3[nH]2)CCCN1,HT144,0
CN(C)C(=N)N=C(N)N,CC1(c2nc3c(C(N)=O)cccc3[nH]2)CCCN1,HT29,0
CN(C)C(=N)N=C(N)N,CC1(c2nc3c(C(N)=O)cccc3[nH]2)CCCN1,KPL1,0
CN(C)C(=N)N=C(N)N,CC1(c2nc3c(C(N)=O)cccc3[nH]2)CCCN1,LNCAP,1
CN(C)C(=N)N=C(N)N,CC1(c2nc3c(C(N)=O)cccc3[nH]2)CCCN1,LOVO,0
CN(C)C(=N)N=C(N)N,CC1(c2nc3c(C(N)=O)cccc3[nH]2)CCCN1,NCIH1650,0
CN(C)C(=N)N=C(N)N,CC1(c2nc3c(C(N)=O)cccc3[nH]2)CCCN1,NCIH2122,0
CN(C)C(=N)N=C(N)N,CC1(c2nc3c(C(N)=O)cccc3[nH]2)CCCN1,NCIH23,0
CN(C)C(=N)N=C(N)N,CC1(c2nc3c(C(N)=O)cccc3[nH]2)CCCN1,NCIH460,0
CN(C)C(=N)N=C(N)N,CC1(c2nc3c(C(N)=O)cccc3[nH]2)CCCN1,NCIH520,0
CN(C)C(=N)N=C(N)N,CC1(c2nc3c(C(N)=O)cccc3[nH]2)CCCN1,RKO,0
CN(C)C(=N)N=C(N)N,CC1(c2nc3c(C(N)=O)cccc3[nH]2)CCCN1,RPMI7951,0
CN(C)C(=N)N=C(N)N,CC1(c2nc3c(C(N)=O)cccc3[nH]2)CCCN1,SKMEL30,0
CN(C)C(=N)N=C(N)N,CC1(c2nc3c(C(N)=O)cccc3[nH]2)CCCN1,SKOV3,0
CN(C)C(=N)N=C(N)N,CC1(c2nc3c(C(N)=O)cccc3[nH]2)CCCN1,SW620,0
CN(C)C(=N)N=C(N)N,CC1(c2nc3c(C(N)=O)cccc3[nH]2)CCCN1,SW837,0
CN(C)C(=N)N=C(N)N,CC1(c2nc3c(C(N)=O)cccc3[nH]2)CCCN1,T47D,0
CN(C)C(=N)N=C(N)N,CC1(c2nc3c(C(N)=O)cccc3[nH]2)CCCN1,UACC62,0
CN(C)C(=N)N=C(N)N,CC1(c2nc3c(C(N)=O)cccc3[nH]2)CCCN1,VCAP,0
CN(C)C(=N)N=C(N)N,CC1(c2nc3c(C(N)=O)cccc3[nH]2)CCCN1,ZR751,0
CN(C)C(=N)N=C(N)N,C=CCn1c(=O)c2cnc(Nc3ccc(N4CCN(C)CC4)cc3)nc2n1-c1cccc(C(C)(C)O)n1,A375,1
CN(C)C(=N)N=C(N)N,C=CCn1c(=O)c2cnc(Nc3ccc(N4CCN(C)CC4)cc3)nc2n1-c1cccc(C(C)(C)O)n1,CAOV3,0
CN(C)C(=N)N=C(N)N,C=CCn1c(=O)c2cnc(Nc3ccc(N4CCN(C)CC4)cc3)nc2n1-c1cccc(C(C)(C)O)n1,LOVO,0
CN(C)C(=N)N=C(N)N,C=CCn1c(=O)c2cnc(Nc3ccc(N4CCN(C)CC4)cc3)nc2n1-c1cccc(C(C)(C)O)n1,NCIH2122,0
CN(C)C(=N)N=C(N)N,C=CCn1c(=O)c2cnc(Nc3ccc(N4CCN(C)CC4)cc3)nc2n1-c1cccc(C(C)(C)O)n1,NCIH460,0
CN(C)C(=N)N=C(N)N,C=CCn1c(=O)c2cnc(Nc3ccc(N4CCN(C)CC4)cc3)nc2n1-c1cccc(C(C)(C)O)n1,RPMI7951,1
CN(C)C(=N)N=C(N)N,C=CCn1c(=O)c2cnc(Nc3ccc(N4CCN(C)CC4)cc3)nc2n1-c1cccc(C(C)(C)O)n1,SKOV3,1
CN(C)C(=N)N=C(N)N,C=CCn1c(=O)c2cnc(Nc3ccc(N4CCN(C)CC4)cc3)nc2n1-c1cccc(C(C)(C)O)n1,UACC62,1
CN(C)C(=N)N=C(N)N,C=CCn1c(=O)c2cnc(Nc3ccc(N4CCN(C)CC4)cc3)nc2n1-c1cccc(C(C)(C)O)n1,ZR751,0
CN(C)C(=N)N=C(N)N,Cn1c(=O)n(-c2ccc(C(C)(C)C#N)cc2)c2c3cc(-c4cnc5ccccc5c4)ccc3ncc21,A2058,1
CN(C)C(=N)N=C(N)N,Cn1c(=O)n(-c2ccc(C(C)(C)C#N)cc2)c2c3cc(-c4cnc5ccccc5c4)ccc3ncc21,A2780,1
CN(C)C(=N)N=C(N)N,Cn1c(=O)n(-c2ccc(C(C)(C)C#N)cc2)c2c3cc(-c4cnc5ccccc5c4)ccc3ncc21,A375,1
CN(C)C(=N)N=C(N)N,Cn1c(=O)n(-c2ccc(C(C)(C)C#N)cc2)c2c3cc(-c4cnc5ccccc5c4)ccc3ncc21,A427,1
CN(C)C(=N)N=C(N)N,Cn1c(=O)n(-c2ccc(C(C)(C)C#N)cc2)c2c3cc(-c4cnc5ccccc5c4)ccc3ncc21,CAOV3,1
CN(C)C(=N)N=C(N)N,Cn1c(=O)n(-c2ccc(C(C)(C)C#N)cc2)c2c3cc(-c4cnc5ccccc5c4)ccc3ncc21,ES2,1
CN(C)C(=N)N=C(N)N,Cn1c(=O)n(-c2ccc(C(C)(C)C#N)cc2)c2c3cc(-c4cnc5ccccc5c4)ccc3ncc21,HT144,1
CN(C)C(=N)N=C(N)N,Cn1c(=O)n(-c2ccc(C(C)(C)C#N)cc2)c2c3cc(-c4cnc5ccccc5c4)ccc3ncc21,HT29,1
CN(C)C(=N)N=C(N)N,Cn1c(=O)n(-c2ccc(C(C)(C)C#N)cc2)c2c3cc(-c4cnc5ccccc5c4)ccc3ncc21,KPL1,1
CN(C)C(=N)N=C(N)N,Cn1c(=O)n(-c2ccc(C(C)(C)C#N)cc2)c2c3cc(-c4cnc5ccccc5c4)ccc3ncc21,LNCAP,1
CN(C)C(=N)N=C(N)N,Cn1c(=O)n(-c2ccc(C(C)(C)C#N)cc2)c2c3cc(-c4cnc5ccccc5c4)ccc3ncc21,LOVO,1
CN(C)C(=N)N=C(N)N,Cn1c(=O)n(-c2ccc(C(C)(C)C#N)cc2)c2c3cc(-c4cnc5ccccc5c4)ccc3ncc21,MDAMB436,1
CN(C)C(=N)N=C(N)N,Cn1c(=O)n(-c2ccc(C(C)(C)C#N)cc2)c2c3cc(-c4cnc5ccccc5c4)ccc3ncc21,MSTO,0
CN(C)C(=N)N=C(N)N,Cn1c(=O)n(-c2ccc(C(C)(C)C#N)cc2)c2c3cc(-c4cnc5ccccc5c4)ccc3ncc21,NCIH2122,1
CN(C)C(=N)N=C(N)N,Cn1c(=O)n(-c2ccc(C(C)(C)C#N)cc2)c2c3cc(-c4cnc5ccccc5c4)ccc3ncc21,NCIH460,1
CN(C)C(=N)N=C(N)N,Cn1c(=O)n(-c2ccc(C(C)(C)C#N)cc2)c2c3cc(-c4cnc5ccccc5c4)ccc3ncc21,NCIH520,1
CN(C)C(=N)N=C(N)N,Cn1c(=O)n(-c2ccc(C(C)(C)C#N)cc2)c2c3cc(-c4cnc5ccccc5c4)ccc3ncc21,OV90,1
CN(C)C(=N)N=C(N)N,Cn1c(=O)n(-c2ccc(C(C)(C)C#N)cc2)c2c3cc(-c4cnc5ccccc5c4)ccc3ncc21,RKO,0
CN(C)C(=N)N=C(N)N,Cn1c(=O)n(-c2ccc(C(C)(C)C#N)cc2)c2c3cc(-c4cnc5ccccc5c4)ccc3ncc21,RPMI7951,1
CN(C)C(=N)N=C(N)N,Cn1c(=O)n(-c2ccc(C(C)(C)C#N)cc2)c2c3cc(-c4cnc5ccccc5c4)ccc3ncc21,SKMEL30,1
CN(C)C(=N)N=C(N)N,Cn1c(=O)n(-c2ccc(C(C)(C)C#N)cc2)c2c3cc(-c4cnc5ccccc5c4)ccc3ncc21,SKMES1,1
CN(C)C(=N)N=C(N)N,Cn1c(=O)n(-c2ccc(C(C)(C)C#N)cc2)c2c3cc(-c4cnc5ccccc5c4)ccc3ncc21,SW620,1
CN(C)C(=N)N=C(N)N,Cn1c(=O)n(-c2ccc(C(C)(C)C#N)cc2)c2c3cc(-c4cnc5ccccc5c4)ccc3ncc21,SW837,1
CN(C)C(=N)N=C(N)N,Cn1c(=O)n(-c2ccc(C(C)(C)C#N)cc2)c2c3cc(-c4cnc5ccccc5c4)ccc3ncc21,T47D,1
CN(C)C(=N)N=C(N)N,Cn1c(=O)n(-c2ccc(C(C)(C)C#N)cc2)c2c3cc(-c4cnc5ccccc5c4)ccc3ncc21,UACC62,1
CN(C)C(=N)N=C(N)N,Cn1c(=O)n(-c2ccc(C(C)(C)C#N)cc2)c2c3cc(-c4cnc5ccccc5c4)ccc3ncc21,VCAP,1
CN(C)C(=N)N=C(N)N,Cn1c(=O)n(-c2ccc(C(C)(C)C#N)cc2)c2c3cc(-c4cnc5ccccc5c4)ccc3ncc21,ZR751,1
CN(C)C(=N)N=C(N)N,CC(C)CC(NC(=O)C(Cc1ccccc1)NC(=O)c1cnccn1)B(O)O,A2058,0
CN(C)C(=N)N=C(N)N,CC(C)CC(NC(=O)C(Cc1ccccc1)NC(=O)c1cnccn1)B(O)O,A2780,0
CN(C)C(=N)N=C(N)N,CC(C)CC(NC(=O)C(Cc1ccccc1)NC(=O)c1cnccn1)B(O)O,A427,0
CN(C)C(=N)N=C(N)N,CC(C)CC(NC(=O)C(Cc1ccccc1)NC(=O)c1cnccn1)B(O)O,CAOV3,0
CN(C)C(=N)N=C(N)N,CC(C)CC(NC(=O)C(Cc1ccccc1)NC(=O)c1cnccn1)B(O)O,HCT116,0
CN(C)C(=N)N=C(N)N,CC(C)CC(NC(=O)C(Cc1ccccc1)NC(=O)c1cnccn1)B(O)O,HT144,0
CN(C)C(=N)N=C(N)N,CC(C)CC(NC(=O)C(Cc1ccccc1)NC(=O)c1cnccn1)B(O)O,HT29,0
CN(C)C(=N)N=C(N)N,CC(C)CC(NC(=O)C(Cc1ccccc1)NC(=O)c1cnccn1)B(O)O,KPL1,0
CN(C)C(=N)N=C(N)N,CC(C)CC(NC(=O)C(Cc1ccccc1)NC(=O)c1cnccn1)B(O)O,LNCAP,0
CN(C)C(=N)N=C(N)N,CC(C)CC(NC(=O)C(Cc1ccccc1)NC(=O)c1cnccn1)B(O)O,LOVO,0
CN(C)C(=N)N=C(N)N,CC(C)CC(NC(=O)C(Cc1ccccc1)NC(=O)c1cnccn1)B(O)O,MDAMB436,0
CN(C)C(=N)N=C(N)N,CC(C)CC(NC(=O)C(Cc1ccccc1)NC(=O)c1cnccn1)B(O)O,MSTO,1
CN(C)C(=N)N=C(N)N,CC(C)CC(NC(=O)C(Cc1ccccc1)NC(=O)c1cnccn1)B(O)O,NCIH1650,0
CN(C)C(=N)N=C(N)N,CC(C)CC(NC(=O)C(Cc1ccccc1)NC(=O)c1cnccn1)B(O)O,NCIH23,0
CN(C)C(=N)N=C(N)N,CC(C)CC(NC(=O)C(Cc1ccccc1)NC(=O)c1cnccn1)B(O)O,NCIH460,0
CN(C)C(=N)N=C(N)N,CC(C)CC(NC(=O)C(Cc1ccccc1)NC(=O)c1cnccn1)B(O)O,NCIH520,0
CN(C)C(=N)N=C(N)N,CC(C)CC(NC(=O)C(Cc1ccccc1)NC(=O)c1cnccn1)B(O)O,OV90,0
CN(C)C(=N)N=C(N)N,CC(C)CC(NC(=O)C(Cc1ccccc1)NC(=O)c1cnccn1)B(O)O,RKO,0
CN(C)C(=N)N=C(N)N,CC(C)CC(NC(=O)C(Cc1ccccc1)NC(=O)c1cnccn1)B(O)O,RPMI7951,0
CN(C)C(=N)N=C(N)N,CC(C)CC(NC(=O)C(Cc1ccccc1)NC(=O)c1cnccn1)B(O)O,SKMEL30,0
CN(C)C(=N)N=C(N)N,CC(C)CC(NC(=O)C(Cc1ccccc1)NC(=O)c1cnccn1)B(O)O,SKMES1,0
CN(C)C(=N)N=C(N)N,CC(C)CC(NC(=O)C(Cc1ccccc1)NC(=O)c1cnccn1)B(O)O,SKOV3,0
CN(C)C(=N)N=C(N)N,CC(C)CC(NC(=O)C(Cc1ccccc1)NC(=O)c1cnccn1)B(O)O,SW620,0
CN(C)C(=N)N=C(N)N,CC(C)CC(NC(=O)C(Cc1ccccc1)NC(=O)c1cnccn1)B(O)O,SW837,0
CN(C)C(=N)N=C(N)N,CC(C)CC(NC(=O)C(Cc1ccccc1)NC(=O)c1cnccn1)B(O)O,T47D,0
CN(C)C(=N)N=C(N)N,CC(C)CC(NC(=O)C(Cc1ccccc1)NC(=O)c1cnccn1)B(O)O,UACC62,0
CN(C)C(=N)N=C(N)N,CC(C)CC(NC(=O)C(Cc1ccccc1)NC(=O)c1cnccn1)B(O)O,VCAP,0
CN(C)C(=N)N=C(N)N,CC(C)CC(NC(=O)C(Cc1ccccc1)NC(=O)c1cnccn1)B(O)O,ZR751,0
CN(C)C(=N)N=C(N)N,Cc1nc(Nc2ncc(C(=O)Nc3c(C)cccc3Cl)s2)cc(N2CCN(CCO)CC2)n1,A2058,1
CN(C)C(=N)N=C(N)N,Cc1nc(Nc2ncc(C(=O)Nc3c(C)cccc3Cl)s2)cc(N2CCN(CCO)CC2)n1,A2780,1
CN(C)C(=N)N=C(N)N,Cc1nc(Nc2ncc(C(=O)Nc3c(C)cccc3Cl)s2)cc(N2CCN(CCO)CC2)n1,A375,0
CN(C)C(=N)N=C(N)N,Cc1nc(Nc2ncc(C(=O)Nc3c(C)cccc3Cl)s2)cc(N2CCN(CCO)CC2)n1,A427,1
CN(C)C(=N)N=C(N)N,Cc1nc(Nc2ncc(C(=O)Nc3c(C)cccc3Cl)s2)cc(N2CCN(CCO)CC2)n1,CAOV3,0
CN(C)C(=N)N=C(N)N,Cc1nc(Nc2ncc(C(=O)Nc3c(C)cccc3Cl)s2)cc(N2CCN(CCO)CC2)n1,ES2,0
CN(C)C(=N)N=C(N)N,Cc1nc(Nc2ncc(C(=O)Nc3c(C)cccc3Cl)s2)cc(N2CCN(CCO)CC2)n1,HCT116,0
CN(C)C(=N)N=C(N)N,Cc1nc(Nc2ncc(C(=O)Nc3c(C)cccc3Cl)s2)cc(N2CCN(CCO)CC2)n1,HT144,0
CN(C)C(=N)N=C(N)N,Cc1nc(Nc2ncc(C(=O)Nc3c(C)cccc3Cl)s2)cc(N2CCN(CCO)CC2)n1,LOVO,1
CN(C)C(=N)N=C(N)N,Cc1nc(Nc2ncc(C(=O)Nc3c(C)cccc3Cl)s2)cc(N2CCN(CCO)CC2)n1,MDAMB436,1
CN(C)C(=N)N=C(N)N,Cc1nc(Nc2ncc(C(=O)Nc3c(C)cccc3Cl)s2)cc(N2CCN(CCO)CC2)n1,MSTO,1
CN(C)C(=N)N=C(N)N,Cc1nc(Nc2ncc(C(=O)Nc3c(C)cccc3Cl)s2)cc(N2CCN(CCO)CC2)n1,NCIH1650,1
CN(C)C(=N)N=C(N)N,Cc1nc(Nc2ncc(C(=O)Nc3c(C)cccc3Cl)s2)cc(N2CCN(CCO)CC2)n1,NCIH2122,0
CN(C)C(=N)N=C(N)N,Cc1nc(Nc2ncc(C(=O)Nc3c(C)cccc3Cl)s2)cc(N2CCN(CCO)CC2)n1,NCIH23,0
CN(C)C(=N)N=C(N)N,Cc1nc(Nc2ncc(C(=O)Nc3c(C)cccc3Cl)s2)cc(N2CCN(CCO)CC2)n1,NCIH520,1
CN(C)C(=N)N=C(N)N,Cc1nc(Nc2ncc(C(=O)Nc3c(C)cccc3Cl)s2)cc(N2CCN(CCO)CC2)n1,OV90,0
CN(C)C(=N)N=C(N)N,Cc1nc(Nc2ncc(C(=O)Nc3c(C)cccc3Cl)s2)cc(N2CCN(CCO)CC2)n1,SKMEL30,0
CN(C)C(=N)N=C(N)N,Cc1nc(Nc2ncc(C(=O)Nc3c(C)cccc3Cl)s2)cc(N2CCN(CCO)CC2)n1,SKMES1,0
CN(C)C(=N)N=C(N)N,Cc1nc(Nc2ncc(C(=O)Nc3c(C)cccc3Cl)s2)cc(N2CCN(CCO)CC2)n1,SKOV3,0
CN(C)C(=N)N=C(N)N,Cc1nc(Nc2ncc(C(=O)Nc3c(C)cccc3Cl)s2)cc(N2CCN(CCO)CC2)n1,SW837,1
CN(C)C(=N)N=C(N)N,Cc1nc(Nc2ncc(C(=O)Nc3c(C)cccc3Cl)s2)cc(N2CCN(CCO)CC2)n1,T47D,1
CN(C)C(=N)N=C(N)N,Cc1nc(Nc2ncc(C(=O)Nc3c(C)cccc3Cl)s2)cc(N2CCN(CCO)CC2)n1,UACC62,0
CN(C)C(=N)N=C(N)N,Cc1nc(Nc2ncc(C(=O)Nc3c(C)cccc3Cl)s2)cc(N2CCN(CCO)CC2)n1,VCAP,1
CN(C)C(=N)N=C(N)N,Cc1nc(Nc2ncc(C(=O)Nc3c(C)cccc3Cl)s2)cc(N2CCN(CCO)CC2)n1,ZR751,0
CN(C)C(=N)N=C(N)N,CCc1cnn2c(NCc3ccc[n+]([O-])c3)cc(N3CCCCC3CCO)nc12,A2780,0
CN(C)C(=N)N=C(N)N,CCc1cnn2c(NCc3ccc[n+]([O-])c3)cc(N3CCCCC3CCO)nc12,CAOV3,0
CN(C)C(=N)N=C(N)N,CCc1cnn2c(NCc3ccc[n+]([O-])c3)cc(N3CCCCC3CCO)nc12,ES2,0
CN(C)C(=N)N=C(N)N,CCc1cnn2c(NCc3ccc[n+]([O-])c3)cc(N3CCCCC3CCO)nc12,HCT116,0
CN(C)C(=N)N=C(N)N,CCc1cnn2c(NCc3ccc[n+]([O-])c3)cc(N3CCCCC3CCO)nc12,HT144,0
CN(C)C(=N)N=C(N)N,CCc1cnn2c(NCc3ccc[n+]([O-])c3)cc(N3CCCCC3CCO)nc12,HT29,0
CN(C)C(=N)N=C(N)N,CCc1cnn2c(NCc3ccc[n+]([O-])c3)cc(N3CCCCC3CCO)nc12,KPL1,0
CN(C)C(=N)N=C(N)N,CCc1cnn2c(NCc3ccc[n+]([O-])c3)cc(N3CCCCC3CCO)nc12,LNCAP,1
CN(C)C(=N)N=C(N)N,CCc1cnn2c(NCc3ccc[n+]([O-])c3)cc(N3CCCCC3CCO)nc12,LOVO,0
CN(C)C(=N)N=C(N)N,CCc1cnn2c(NCc3ccc[n+]([O-])c3)cc(N3CCCCC3CCO)nc12,NCIH1650,1
CN(C)C(=N)N=C(N)N,CCc1cnn2c(NCc3ccc[n+]([O-])c3)cc(N3CCCCC3CCO)nc12,NCIH23,1
CN(C)C(=N)N=C(N)N,CCc1cnn2c(NCc3ccc[n+]([O-])c3)cc(N3CCCCC3CCO)nc12,NCIH460,0
CN(C)C(=N)N=C(N)N,CCc1cnn2c(NCc3ccc[n+]([O-])c3)cc(N3CCCCC3CCO)nc12,NCIH520,0
CN(C)C(=N)N=C(N)N,CCc1cnn2c(NCc3ccc[n+]([O-])c3)cc(N3CCCCC3CCO)nc12,OV90,0
CN(C)C(=N)N=C(N)N,CCc1cnn2c(NCc3ccc[n+]([O-])c3)cc(N3CCCCC3CCO)nc12,SW837,0
CN(C)C(=N)N=C(N)N,CCc1cnn2c(NCc3ccc[n+]([O-])c3)cc(N3CCCCC3CCO)nc12,T47D,0
CN(C)C(=N)N=C(N)N,CCc1cnn2c(NCc3ccc[n+]([O-])c3)cc(N3CCCCC3CCO)nc12,UACC62,0
CN(C)C(=N)N=C(N)N,CCc1cnn2c(NCc3ccc[n+]([O-])c3)cc(N3CCCCC3CCO)nc12,ZR751,0
CN(C)C(=N)N=C(N)N,C#Cc1cccc(Nc2ncnc3cc(OCCOC)c(OCCOC)cc23)c1,A427,0
CN(C)C(=N)N=C(N)N,C#Cc1cccc(Nc2ncnc3cc(OCCOC)c(OCCOC)cc23)c1,CAOV3,0
CN(C)C(=N)N=C(N)N,C#Cc1cccc(Nc2ncnc3cc(OCCOC)c(OCCOC)cc23)c1,ES2,0
CN(C)C(=N)N=C(N)N,C#Cc1cccc(Nc2ncnc3cc(OCCOC)c(OCCOC)cc23)c1,HCT116,0
CN(C)C(=N)N=C(N)N,C#Cc1cccc(Nc2ncnc3cc(OCCOC)c(OCCOC)cc23)c1,HT144,0
CN(C)C(=N)N=C(N)N,C#Cc1cccc(Nc2ncnc3cc(OCCOC)c(OCCOC)cc23)c1,HT29,0
CN(C)C(=N)N=C(N)N,C#Cc1cccc(Nc2ncnc3cc(OCCOC)c(OCCOC)cc23)c1,MSTO,1
CN(C)C(=N)N=C(N)N,C#Cc1cccc(Nc2ncnc3cc(OCCOC)c(OCCOC)cc23)c1,NCIH1650,0
CN(C)C(=N)N=C(N)N,C#Cc1cccc(Nc2ncnc3cc(OCCOC)c(OCCOC)cc23)c1,NCIH23,0
CN(C)C(=N)N=C(N)N,C#Cc1cccc(Nc2ncnc3cc(OCCOC)c(OCCOC)cc23)c1,NCIH460,0
CN(C)C(=N)N=C(N)N,C#Cc1cccc(Nc2ncnc3cc(OCCOC)c(OCCOC)cc23)c1,NCIH520,0
CN(C)C(=N)N=C(N)N,C#Cc1cccc(Nc2ncnc3cc(OCCOC)c(OCCOC)cc23)c1,OV90,0
CN(C)C(=N)N=C(N)N,C#Cc1cccc(Nc2ncnc3cc(OCCOC)c(OCCOC)cc23)c1,RKO,0
CN(C)C(=N)N=C(N)N,C#Cc1cccc(Nc2ncnc3cc(OCCOC)c(OCCOC)cc23)c1,SKMEL30,0
CN(C)C(=N)N=C(N)N,C#Cc1cccc(Nc2ncnc3cc(OCCOC)c(OCCOC)cc23)c1,SW620,0
CN(C)C(=N)N=C(N)N,C#Cc1cccc(Nc2ncnc3cc(OCCOC)c(OCCOC)cc23)c1,SW837,1
CN(C)C(=N)N=C(N)N,C#Cc1cccc(Nc2ncnc3cc(OCCOC)c(OCCOC)cc23)c1,T47D,1
CN(C)C(=N)N=C(N)N,C#Cc1cccc(Nc2ncnc3cc(OCCOC)c(OCCOC)cc23)c1,UACC62,1
CN(C)C(=N)N=C(N)N,C#Cc1cccc(Nc2ncnc3cc(OCCOC)c(OCCOC)cc23)c1,ZR751,1
CN(C)C(=N)N=C(N)N,COC1=C2CC(C)CC(OC)C(O)C(C)C=C(C)C(OC(N)=O)C(OC)C=CC=C(C)C(=O)NC(=CC1=O)C2=O,A2780,0
CN(C)C(=N)N=C(N)N,COC1=C2CC(C)CC(OC)C(O)C(C)C=C(C)C(OC(N)=O)C(OC)C=CC=C(C)C(=O)NC(=CC1=O)C2=O,A375,0
CN(C)C(=N)N=C(N)N,COC1=C2CC(C)CC(OC)C(O)C(C)C=C(C)C(OC(N)=O)C(OC)C=CC=C(C)C(=O)NC(=CC1=O)C2=O,CAOV3,0
CN(C)C(=N)N=C(N)N,COC1=C2CC(C)CC(OC)C(O)C(C)C=C(C)C(OC(N)=O)C(OC)C=CC=C(C)C(=O)NC(=CC1=O)C2=O,ES2,0
CN(C)C(=N)N=C(N)N,COC1=C2CC(C)CC(OC)C(O)C(C)C=C(C)C(OC(N)=O)C(OC)C=CC=C(C)C(=O)NC(=CC1=O)C2=O,HCT116,0
CN(C)C(=N)N=C(N)N,COC1=C2CC(C)CC(OC)C(O)C(C)C=C(C)C(OC(N)=O)C(OC)C=CC=C(C)C(=O)NC(=CC1=O)C2=O,HT144,0
CN(C)C(=N)N=C(N)N,COC1=C2CC(C)CC(OC)C(O)C(C)C=C(C)C(OC(N)=O)C(OC)C=CC=C(C)C(=O)NC(=CC1=O)C2=O,HT29,0
CN(C)C(=N)N=C(N)N,COC1=C2CC(C)CC(OC)C(O)C(C)C=C(C)C(OC(N)=O)C(OC)C=CC=C(C)C(=O)NC(=CC1=O)C2=O,KPL1,0
CN(C)C(=N)N=C(N)N,COC1=C2CC(C)CC(OC)C(O)C(C)C=C(C)C(OC(N)=O)C(OC)C=CC=C(C)C(=O)NC(=CC1=O)C2=O,LNCAP,1
CN(C)C(=N)N=C(N)N,COC1=C2CC(C)CC(OC)C(O)C(C)C=C(C)C(OC(N)=O)C(OC)C=CC=C(C)C(=O)NC(=CC1=O)C2=O,LOVO,0
CN(C)C(=N)N=C(N)N,COC1=C2CC(C)CC(OC)C(O)C(C)C=C(C)C(OC(N)=O)C(OC)C=CC=C(C)C(=O)NC(=CC1=O)C2=O,MSTO,0
CN(C)C(=N)N=C(N)N,COC1=C2CC(C)CC(OC)C(O)C(C)C=C(C)C(OC(N)=O)C(OC)C=CC=C(C)C(=O)NC(=CC1=O)C2=O,NCIH1650,0
CN(C)C(=N)N=C(N)N,COC1=C2CC(C)CC(OC)C(O)C(C)C=C(C)C(OC(N)=O)C(OC)C=CC=C(C)C(=O)NC(=CC1=O)C2=O,NCIH2122,0
CN(C)C(=N)N=C(N)N,COC1=C2CC(C)CC(OC)C(O)C(C)C=C(C)C(OC(N)=O)C(OC)C=CC=C(C)C(=O)NC(=CC1=O)C2=O,NCIH23,0
CN(C)C(=N)N=C(N)N,COC1=C2CC(C)CC(OC)C(O)C(C)C=C(C)C(OC(N)=O)C(OC)C=CC=C(C)C(=O)NC(=CC1=O)C2=O,NCIH460,0
CN(C)C(=N)N=C(N)N,COC1=C2CC(C)CC(OC)C(O)C(C)C=C(C)C(OC(N)=O)C(OC)C=CC=C(C)C(=O)NC(=CC1=O)C2=O,NCIH520,0
CN(C)C(=N)N=C(N)N,COC1=C2CC(C)CC(OC)C(O)C(C)C=C(C)C(OC(N)=O)C(OC)C=CC=C(C)C(=O)NC(=CC1=O)C2=O,OV90,0
CN(C)C(=N)N=C(N)N,COC1=C2CC(C)CC(OC)C(O)C(C)C=C(C)C(OC(N)=O)C(OC)C=CC=C(C)C(=O)NC(=CC1=O)C2=O,RKO,0
CN(C)C(=N)N=C(N)N,COC1=C2CC(C)CC(OC)C(O)C(C)C=C(C)C(OC(N)=O)C(OC)C=CC=C(C)C(=O)NC(=CC1=O)C2=O,RPMI7951,0
CN(C)C(=N)N=C(N)N,COC1=C2CC(C)CC(OC)C(O)C(C)C=C(C)C(OC(N)=O)C(OC)C=CC=C(C)C(=O)NC(=CC1=O)C2=O,SKMEL30,0
CN(C)C(=N)N=C(N)N,COC1=C2CC(C)CC(OC)C(O)C(C)C=C(C)C(OC(N)=O)C(OC)C=CC=C(C)C(=O)NC(=CC1=O)C2=O,SKOV3,0
CN(C)C(=N)N=C(N)N,COC1=C2CC(C)CC(OC)C(O)C(C)C=C(C)C(OC(N)=O)C(OC)C=CC=C(C)C(=O)NC(=CC1=O)C2=O,SW620,0
CN(C)C(=N)N=C(N)N,COC1=C2CC(C)CC(OC)C(O)C(C)C=C(C)C(OC(N)=O)C(OC)C=CC=C(C)C(=O)NC(=CC1=O)C2=O,SW837,0
CN(C)C(=N)N=C(N)N,COC1=C2CC(C)CC(OC)C(O)C(C)C=C(C)C(OC(N)=O)C(OC)C=CC=C(C)C(=O)NC(=CC1=O)C2=O,T47D,0
CN(C)C(=N)N=C(N)N,COC1=C2CC(C)CC(OC)C(O)C(C)C=C(C)C(OC(N)=O)C(OC)C=CC=C(C)C(=O)NC(=CC1=O)C2=O,UACC62,0
CN(C)C(=N)N=C(N)N,COC1=C2CC(C)CC(OC)C(O)C(C)C=C(C)C(OC(N)=O)C(OC)C=CC=C(C)C(=O)NC(=CC1=O)C2=O,VCAP,0
CN(C)C(=N)N=C(N)N,COC1=C2CC(C)CC(OC)C(O)C(C)C=C(C)C(OC(N)=O)C(OC)C=CC=C(C)C(=O)NC(=CC1=O)C2=O,ZR751,0
CN(C)C(=N)N=C(N)N,N#Cc1ccc(Cn2cncc2CN2CCN(c3cccc(Cl)c3)C(=O)C2)cc1,CAOV3,1
CN(C)C(=N)N=C(N)N,N#Cc1ccc(Cn2cncc2CN2CCN(c3cccc(Cl)c3)C(=O)C2)cc1,HCT116,0
CN(C)C(=N)N=C(N)N,N#Cc1ccc(Cn2cncc2CN2CCN(c3cccc(Cl)c3)C(=O)C2)cc1,HT144,0
CN(C)C(=N)N=C(N)N,N#Cc1ccc(Cn2cncc2CN2CCN(c3cccc(Cl)c3)C(=O)C2)cc1,KPL1,0
CN(C)C(=N)N=C(N)N,N#Cc1ccc(Cn2cncc2CN2CCN(c3cccc(Cl)c3)C(=O)C2)cc1,LNCAP,1
CN(C)C(=N)N=C(N)N,N#Cc1ccc(Cn2cncc2CN2CCN(c3cccc(Cl)c3)C(=O)C2)cc1,MSTO,0
CN(C)C(=N)N=C(N)N,N#Cc1ccc(Cn2cncc2CN2CCN(c3cccc(Cl)c3)C(=O)C2)cc1,NCIH1650,0
CN(C)C(=N)N=C(N)N,N#Cc1ccc(Cn2cncc2CN2CCN(c3cccc(Cl)c3)C(=O)C2)cc1,RKO,0
CN(C)C(=N)N=C(N)N,N#Cc1ccc(Cn2cncc2CN2CCN(c3cccc(Cl)c3)C(=O)C2)cc1,SKMEL30,1
CN(C)C(=N)N=C(N)N,N#Cc1ccc(Cn2cncc2CN2CCN(c3cccc(Cl)c3)C(=O)C2)cc1,T47D,1
CN(C)C(=N)N=C(N)N,N#Cc1ccc(Cn2cncc2CN2CCN(c3cccc(Cl)c3)C(=O)C2)cc1,UACC62,1
CN(C)C(=N)N=C(N)N,N#Cc1ccc(Cn2cncc2CN2CCN(c3cccc(Cl)c3)C(=O)C2)cc1,ZR751,0
CN(C)C(=N)N=C(N)N,CS(=O)(=O)CCNCc1ccc(-c2ccc3ncnc(Nc4ccc(OCc5cccc(F)c5)c(Cl)c4)c3c2)o1,A2058,1
CN(C)C(=N)N=C(N)N,CS(=O)(=O)CCNCc1ccc(-c2ccc3ncnc(Nc4ccc(OCc5cccc(F)c5)c(Cl)c4)c3c2)o1,A2780,0
CN(C)C(=N)N=C(N)N,CS(=O)(=O)CCNCc1ccc(-c2ccc3ncnc(Nc4ccc(OCc5cccc(F)c5)c(Cl)c4)c3c2)o1,A375,0
CN(C)C(=N)N=C(N)N,CS(=O)(=O)CCNCc1ccc(-c2ccc3ncnc(Nc4ccc(OCc5cccc(F)c5)c(Cl)c4)c3c2)o1,A427,0
CN(C)C(=N)N=C(N)N,CS(=O)(=O)CCNCc1ccc(-c2ccc3ncnc(Nc4ccc(OCc5cccc(F)c5)c(Cl)c4)c3c2)o1,ES2,0
CN(C)C(=N)N=C(N)N,CS(=O)(=O)CCNCc1ccc(-c2ccc3ncnc(Nc4ccc(OCc5cccc(F)c5)c(Cl)c4)c3c2)o1,HT144,0
CN(C)C(=N)N=C(N)N,CS(=O)(=O)CCNCc1ccc(-c2ccc3ncnc(Nc4ccc(OCc5cccc(F)c5)c(Cl)c4)c3c2)o1,LNCAP,1
CN(C)C(=N)N=C(N)N,CS(=O)(=O)CCNCc1ccc(-c2ccc3ncnc(Nc4ccc(OCc5cccc(F)c5)c(Cl)c4)c3c2)o1,LOVO,1
CN(C)C(=N)N=C(N)N,CS(=O)(=O)CCNCc1ccc(-c2ccc3ncnc(Nc4ccc(OCc5cccc(F)c5)c(Cl)c4)c3c2)o1,MDAMB436,1
CN(C)C(=N)N=C(N)N,CS(=O)(=O)CCNCc1ccc(-c2ccc3ncnc(Nc4ccc(OCc5cccc(F)c5)c(Cl)c4)c3c2)o1,MSTO,1
CN(C)C(=N)N=C(N)N,CS(=O)(=O)CCNCc1ccc(-c2ccc3ncnc(Nc4ccc(OCc5cccc(F)c5)c(Cl)c4)c3c2)o1,NCIH1650,0
CN(C)C(=N)N=C(N)N,CS(=O)(=O)CCNCc1ccc(-c2ccc3ncnc(Nc4ccc(OCc5cccc(F)c5)c(Cl)c4)c3c2)o1,NCIH23,0
CN(C)C(=N)N=C(N)N,CS(=O)(=O)CCNCc1ccc(-c2ccc3ncnc(Nc4ccc(OCc5cccc(F)c5)c(Cl)c4)c3c2)o1,NCIH460,0
CN(C)C(=N)N=C(N)N,CS(=O)(=O)CCNCc1ccc(-c2ccc3ncnc(Nc4ccc(OCc5cccc(F)c5)c(Cl)c4)c3c2)o1,NCIH520,0
CN(C)C(=N)N=C(N)N,CS(=O)(=O)CCNCc1ccc(-c2ccc3ncnc(Nc4ccc(OCc5cccc(F)c5)c(Cl)c4)c3c2)o1,OV90,0
CN(C)C(=N)N=C(N)N,CS(=O)(=O)CCNCc1ccc(-c2ccc3ncnc(Nc4ccc(OCc5cccc(F)c5)c(Cl)c4)c3c2)o1,RKO,0
CN(C)C(=N)N=C(N)N,CS(=O)(=O)CCNCc1ccc(-c2ccc3ncnc(Nc4ccc(OCc5cccc(F)c5)c(Cl)c4)c3c2)o1,SKMEL30,0
CN(C)C(=N)N=C(N)N,CS(=O)(=O)CCNCc1ccc(-c2ccc3ncnc(Nc4ccc(OCc5cccc(F)c5)c(Cl)c4)c3c2)o1,SW620,0
CN(C)C(=N)N=C(N)N,CS(=O)(=O)CCNCc1ccc(-c2ccc3ncnc(Nc4ccc(OCc5cccc(F)c5)c(Cl)c4)c3c2)o1,SW837,1
CN(C)C(=N)N=C(N)N,CS(=O)(=O)CCNCc1ccc(-c2ccc3ncnc(Nc4ccc(OCc5cccc(F)c5)c(Cl)c4)c3c2)o1,T47D,1
CN(C)C(=N)N=C(N)N,CS(=O)(=O)CCNCc1ccc(-c2ccc3ncnc(Nc4ccc(OCc5cccc(F)c5)c(Cl)c4)c3c2)o1,VCAP,0
CN(C)C(=N)N=C(N)N,CS(=O)(=O)CCNCc1ccc(-c2ccc3ncnc(Nc4ccc(OCc5cccc(F)c5)c(Cl)c4)c3c2)o1,ZR751,1
CN(C)C(=N)N=C(N)N,NC1(c2ccc(-c3nc4ccn5c(=O)[nH]nc5c4cc3-c3ccccc3)cc2)CCC1,A2058,1
CN(C)C(=N)N=C(N)N,NC1(c2ccc(-c3nc4ccn5c(=O)[nH]nc5c4cc3-c3ccccc3)cc2)CCC1,A2780,1
CN(C)C(=N)N=C(N)N,NC1(c2ccc(-c3nc4ccn5c(=O)[nH]nc5c4cc3-c3ccccc3)cc2)CCC1,CAOV3,0
CN(C)C(=N)N=C(N)N,NC1(c2ccc(-c3nc4ccn5c(=O)[nH]nc5c4cc3-c3ccccc3)cc2)CCC1,HT29,0
CN(C)C(=N)N=C(N)N,NC1(c2ccc(-c3nc4ccn5c(=O)[nH]nc5c4cc3-c3ccccc3)cc2)CCC1,KPL1,1
CN(C)C(=N)N=C(N)N,NC1(c2ccc(-c3nc4ccn5c(=O)[nH]nc5c4cc3-c3ccccc3)cc2)CCC1,LOVO,0
CN(C)C(=N)N=C(N)N,NC1(c2ccc(-c3nc4ccn5c(=O)[nH]nc5c4cc3-c3ccccc3)cc2)CCC1,NCIH1650,0
CN(C)C(=N)N=C(N)N,NC1(c2ccc(-c3nc4ccn5c(=O)[nH]nc5c4cc3-c3ccccc3)cc2)CCC1,NCIH2122,0
CN(C)C(=N)N=C(N)N,NC1(c2ccc(-c3nc4ccn5c(=O)[nH]nc5c4cc3-c3ccccc3)cc2)CCC1,NCIH23,0
CN(C)C(=N)N=C(N)N,NC1(c2ccc(-c3nc4ccn5c(=O)[nH]nc5c4cc3-c3ccccc3)cc2)CCC1,NCIH460,0
CN(C)C(=N)N=C(N)N,NC1(c2ccc(-c3nc4ccn5c(=O)[nH]nc5c4cc3-c3ccccc3)cc2)CCC1,RKO,1
CN(C)C(=N)N=C(N)N,NC1(c2ccc(-c3nc4ccn5c(=O)[nH]nc5c4cc3-c3ccccc3)cc2)CCC1,SKMEL30,0
CN(C)C(=N)N=C(N)N,NC1(c2ccc(-c3nc4ccn5c(=O)[nH]nc5c4cc3-c3ccccc3)cc2)CCC1,SKMES1,0
CN(C)C(=N)N=C(N)N,NC1(c2ccc(-c3nc4ccn5c(=O)[nH]nc5c4cc3-c3ccccc3)cc2)CCC1,SW837,0
CN(C)C(=N)N=C(N)N,NC1(c2ccc(-c3nc4ccn5c(=O)[nH]nc5c4cc3-c3ccccc3)cc2)CCC1,T47D,1
CN(C)C(=N)N=C(N)N,NC1(c2ccc(-c3nc4ccn5c(=O)[nH]nc5c4cc3-c3ccccc3)cc2)CCC1,UACC62,0
CN(C)C(=N)N=C(N)N,NC1(c2ccc(-c3nc4ccn5c(=O)[nH]nc5c4cc3-c3ccccc3)cc2)CCC1,ZR751,0
CN(C)C(=N)N=C(N)N,NC(=O)c1cccc2cn(-c3ccc(C4CCCNC4)cc3)nc12,A2058,1
CN(C)C(=N)N=C(N)N,NC(=O)c1cccc2cn(-c3ccc(C4CCCNC4)cc3)nc12,A427,0
CN(C)C(=N)N=C(N)N,NC(=O)c1cccc2cn(-c3ccc(C4CCCNC4)cc3)nc12,CAOV3,0
CN(C)C(=N)N=C(N)N,NC(=O)c1cccc2cn(-c3ccc(C4CCCNC4)cc3)nc12,ES2,0
CN(C)C(=N)N=C(N)N,NC(=O)c1cccc2cn(-c3ccc(C4CCCNC4)cc3)nc12,LNCAP,0
CN(C)C(=N)N=C(N)N,NC(=O)c1cccc2cn(-c3ccc(C4CCCNC4)cc3)nc12,LOVO,0
CN(C)C(=N)N=C(N)N,NC(=O)c1cccc2cn(-c3ccc(C4CCCNC4)cc3)nc12,MSTO,0
CN(C)C(=N)N=C(N)N,NC(=O)c1cccc2cn(-c3ccc(C4CCCNC4)cc3)nc12,NCIH23,0
CN(C)C(=N)N=C(N)N,NC(=O)c1cccc2cn(-c3ccc(C4CCCNC4)cc3)nc12,NCIH520,0
CN(C)C(=N)N=C(N)N,NC(=O)c1cccc2cn(-c3ccc(C4CCCNC4)cc3)nc12,OV90,0
CN(C)C(=N)N=C(N)N,NC(=O)c1cccc2cn(-c3ccc(C4CCCNC4)cc3)nc12,SW837,0
CN(C)C(=N)N=C(N)N,NC(=O)c1cccc2cn(-c3ccc(C4CCCNC4)cc3)nc12,T47D,1
CN(C)C(=N)N=C(N)N,NC(=O)c1cccc2cn(-c3ccc(C4CCCNC4)cc3)nc12,UACC62,0
CN(C)C(=N)N=C(N)N,NC(=O)c1cccc2cn(-c3ccc(C4CCCNC4)cc3)nc12,VCAP,1
CN(C)C(=N)N=C(N)N,NC(=O)c1cccc2cn(-c3ccc(C4CCCNC4)cc3)nc12,ZR751,0
CN(C)C(=N)N=C(N)N,O=C(O)C1(Cc2cccc(Nc3nccs3)n2)CCC(Oc2cccc(Cl)c2F)CC1,A427,0
CN(C)C(=N)N=C(N)N,O=C(O)C1(Cc2cccc(Nc3nccs3)n2)CCC(Oc2cccc(Cl)c2F)CC1,CAOV3,0
CN(C)C(=N)N=C(N)N,O=C(O)C1(Cc2cccc(Nc3nccs3)n2)CCC(Oc2cccc(Cl)c2F)CC1,ES2,0
CN(C)C(=N)N=C(N)N,O=C(O)C1(Cc2cccc(Nc3nccs3)n2)CCC(Oc2cccc(Cl)c2F)CC1,HCT116,0
CN(C)C(=N)N=C(N)N,O=C(O)C1(Cc2cccc(Nc3nccs3)n2)CCC(Oc2cccc(Cl)c2F)CC1,HT144,0
CN(C)C(=N)N=C(N)N,O=C(O)C1(Cc2cccc(Nc3nccs3)n2)CCC(Oc2cccc(Cl)c2F)CC1,KPL1,0
CN(C)C(=N)N=C(N)N,O=C(O)C1(Cc2cccc(Nc3nccs3)n2)CCC(Oc2cccc(Cl)c2F)CC1,LOVO,0
CN(C)C(=N)N=C(N)N,O=C(O)C1(Cc2cccc(Nc3nccs3)n2)CCC(Oc2cccc(Cl)c2F)CC1,MSTO,0
CN(C)C(=N)N=C(N)N,O=C(O)C1(Cc2cccc(Nc3nccs3)n2)CCC(Oc2cccc(Cl)c2F)CC1,NCIH460,0
CN(C)C(=N)N=C(N)N,O=C(O)C1(Cc2cccc(Nc3nccs3)n2)CCC(Oc2cccc(Cl)c2F)CC1,NCIH520,0
CN(C)C(=N)N=C(N)N,O=C(O)C1(Cc2cccc(Nc3nccs3)n2)CCC(Oc2cccc(Cl)c2F)CC1,T47D,1
CN(C)C(=N)N=C(N)N,O=C(O)C1(Cc2cccc(Nc3nccs3)n2)CCC(Oc2cccc(Cl)c2F)CC1,VCAP,1
CN(C)C(=N)N=C(N)N,O=C(O)C1(Cc2cccc(Nc3nccs3)n2)CCC(Oc2cccc(Cl)c2F)CC1,ZR751,0
CN(C)C(=N)N=C(N)N,COC1CC2CCC(C)C(O)(O2)C(=O)C(=O)N2CCCCC2C(=O)OC(C(C)CC2CCC(OP(C)(C)=O)C(OC)C2)CC(=O)C(C)C=C(C)C(O)C(OC)C(=O)C(C)CC(C)C=CC=CC=C1C,A2058,1
CN(C)C(=N)N=C(N)N,COC1CC2CCC(C)C(O)(O2)C(=O)C(=O)N2CCCCC2C(=O)OC(C(C)CC2CCC(OP(C)(C)=O)C(OC)C2)CC(=O)C(C)C=C(C)C(O)C(OC)C(=O)C(C)CC(C)C=CC=CC=C1C,A375,1
CN(C)C(=N)N=C(N)N,COC1CC2CCC(C)C(O)(O2)C(=O)C(=O)N2CCCCC2C(=O)OC(C(C)CC2CCC(OP(C)(C)=O)C(OC)C2)CC(=O)C(C)C=C(C)C(O)C(OC)C(=O)C(C)CC(C)C=CC=CC=C1C,A427,1
CN(C)C(=N)N=C(N)N,COC1CC2CCC(C)C(O)(O2)C(=O)C(=O)N2CCCCC2C(=O)OC(C(C)CC2CCC(OP(C)(C)=O)C(OC)C2)CC(=O)C(C)C=C(C)C(O)C(OC)C(=O)C(C)CC(C)C=CC=CC=C1C,HT29,1
CN(C)C(=N)N=C(N)N,COC1CC2CCC(C)C(O)(O2)C(=O)C(=O)N2CCCCC2C(=O)OC(C(C)CC2CCC(OP(C)(C)=O)C(OC)C2)CC(=O)C(C)C=C(C)C(O)C(OC)C(=O)C(C)CC(C)C=CC=CC=C1C,KPL1,1
CN(C)C(=N)N=C(N)N,COC1CC2CCC(C)C(O)(O2)C(=O)C(=O)N2CCCCC2C(=O)OC(C(C)CC2CCC(OP(C)(C)=O)C(OC)C2)CC(=O)C(C)C=C(C)C(O)C(OC)C(=O)C(C)CC(C)C=CC=CC=C1C,LNCAP,1
CN(C)C(=N)N=C(N)N,COC1CC2CCC(C)C(O)(O2)C(=O)C(=O)N2CCCCC2C(=O)OC(C(C)CC2CCC(OP(C)(C)=O)C(OC)C2)CC(=O)C(C)C=C(C)C(O)C(OC)C(=O)C(C)CC(C)C=CC=CC=C1C,LOVO,1
CN(C)C(=N)N=C(N)N,COC1CC2CCC(C)C(O)(O2)C(=O)C(=O)N2CCCCC2C(=O)OC(C(C)CC2CCC(OP(C)(C)=O)C(OC)C2)CC(=O)C(C)C=C(C)C(O)C(OC)C(=O)C(C)CC(C)C=CC=CC=C1C,MSTO,0
CN(C)C(=N)N=C(N)N,COC1CC2CCC(C)C(O)(O2)C(=O)C(=O)N2CCCCC2C(=O)OC(C(C)CC2CCC(OP(C)(C)=O)C(OC)C2)CC(=O)C(C)C=C(C)C(O)C(OC)C(=O)C(C)CC(C)C=CC=CC=C1C,NCIH1650,1
CN(C)C(=N)N=C(N)N,COC1CC2CCC(C)C(O)(O2)C(=O)C(=O)N2CCCCC2C(=O)OC(C(C)CC2CCC(OP(C)(C)=O)C(OC)C2)CC(=O)C(C)C=C(C)C(O)C(OC)C(=O)C(C)CC(C)C=CC=CC=C1C,OV90,1
CN(C)C(=N)N=C(N)N,COC1CC2CCC(C)C(O)(O2)C(=O)C(=O)N2CCCCC2C(=O)OC(C(C)CC2CCC(OP(C)(C)=O)C(OC)C2)CC(=O)C(C)C=C(C)C(O)C(OC)C(=O)C(C)CC(C)C=CC=CC=C1C,RKO,1
CN(C)C(=N)N=C(N)N,COC1CC2CCC(C)C(O)(O2)C(=O)C(=O)N2CCCCC2C(=O)OC(C(C)CC2CCC(OP(C)(C)=O)C(OC)C2)CC(=O)C(C)C=C(C)C(O)C(OC)C(=O)C(C)CC(C)C=CC=CC=C1C,SKMEL30,1
CN(C)C(=N)N=C(N)N,COC1CC2CCC(C)C(O)(O2)C(=O)C(=O)N2CCCCC2C(=O)OC(C(C)CC2CCC(OP(C)(C)=O)C(OC)C2)CC(=O)C(C)C=C(C)C(O)C(OC)C(=O)C(C)CC(C)C=CC=CC=C1C,SKMES1,1
CN(C)C(=N)N=C(N)N,COC1CC2CCC(C)C(O)(O2)C(=O)C(=O)N2CCCCC2C(=O)OC(C(C)CC2CCC(OP(C)(C)=O)C(OC)C2)CC(=O)C(C)C=C(C)C(O)C(OC)C(=O)C(C)CC(C)C=CC=CC=C1C,SKOV3,1
CN(C)C(=N)N=C(N)N,COC1CC2CCC(C)C(O)(O2)C(=O)C(=O)N2CCCCC2C(=O)OC(C(C)CC2CCC(OP(C)(C)=O)C(OC)C2)CC(=O)C(C)C=C(C)C(O)C(OC)C(=O)C(C)CC(C)C=CC=CC=C1C,SW837,0
CN(C)C(=N)N=C(N)N,COC1CC2CCC(C)C(O)(O2)C(=O)C(=O)N2CCCCC2C(=O)OC(C(C)CC2CCC(OP(C)(C)=O)C(OC)C2)CC(=O)C(C)C=C(C)C(O)C(OC)C(=O)C(C)CC(C)C=CC=CC=C1C,T47D,1
CN(C)C(=N)N=C(N)N,COC1CC2CCC(C)C(O)(O2)C(=O)C(=O)N2CCCCC2C(=O)OC(C(C)CC2CCC(OP(C)(C)=O)C(OC)C2)CC(=O)C(C)C=C(C)C(O)C(OC)C(=O)C(C)CC(C)C=CC=CC=C1C,VCAP,1
CN(C)C(=N)N=C(N)N,COC1CC2CCC(C)C(O)(O2)C(=O)C(=O)N2CCCCC2C(=O)OC(C(C)CC2CCC(OP(C)(C)=O)C(OC)C2)CC(=O)C(C)C=C(C)C(O)C(OC)C(=O)C(C)CC(C)C=CC=CC=C1C,ZR751,1
CN(C)C(=N)N=C(N)N,Cn1cc(-c2cnn3c(N)c(Br)c(C4CCCNC4)nc23)cn1,A375,0
CN(C)C(=N)N=C(N)N,Cn1cc(-c2cnn3c(N)c(Br)c(C4CCCNC4)nc23)cn1,A427,0
CN(C)C(=N)N=C(N)N,Cn1cc(-c2cnn3c(N)c(Br)c(C4CCCNC4)nc23)cn1,ES2,0
CN(C)C(=N)N=C(N)N,Cn1cc(-c2cnn3c(N)c(Br)c(C4CCCNC4)nc23)cn1,HCT116,0
CN(C)C(=N)N=C(N)N,Cn1cc(-c2cnn3c(N)c(Br)c(C4CCCNC4)nc23)cn1,HT144,1
CN(C)C(=N)N=C(N)N,Cn1cc(-c2cnn3c(N)c(Br)c(C4CCCNC4)nc23)cn1,HT29,0
CN(C)C(=N)N=C(N)N,Cn1cc(-c2cnn3c(N)c(Br)c(C4CCCNC4)nc23)cn1,KPL1,0
CN(C)C(=N)N=C(N)N,Cn1cc(-c2cnn3c(N)c(Br)c(C4CCCNC4)nc23)cn1,LNCAP,0
CN(C)C(=N)N=C(N)N,Cn1cc(-c2cnn3c(N)c(Br)c(C4CCCNC4)nc23)cn1,MSTO,0
CN(C)C(=N)N=C(N)N,Cn1cc(-c2cnn3c(N)c(Br)c(C4CCCNC4)nc23)cn1,NCIH2122,0
CN(C)C(=N)N=C(N)N,Cn1cc(-c2cnn3c(N)c(Br)c(C4CCCNC4)nc23)cn1,NCIH460,0
CN(C)C(=N)N=C(N)N,Cn1cc(-c2cnn3c(N)c(Br)c(C4CCCNC4)nc23)cn1,NCIH520,0
CN(C)C(=N)N=C(N)N,Cn1cc(-c2cnn3c(N)c(Br)c(C4CCCNC4)nc23)cn1,RPMI7951,0
CN(C)C(=N)N=C(N)N,Cn1cc(-c2cnn3c(N)c(Br)c(C4CCCNC4)nc23)cn1,SKMEL30,1
CN(C)C(=N)N=C(N)N,Cn1cc(-c2cnn3c(N)c(Br)c(C4CCCNC4)nc23)cn1,SKMES1,0
CN(C)C(=N)N=C(N)N,Cn1cc(-c2cnn3c(N)c(Br)c(C4CCCNC4)nc23)cn1,SW837,0
CN(C)C(=N)N=C(N)N,Cn1cc(-c2cnn3c(N)c(Br)c(C4CCCNC4)nc23)cn1,T47D,1
CN(C)C(=N)N=C(N)N,Cn1cc(-c2cnn3c(N)c(Br)c(C4CCCNC4)nc23)cn1,UACC62,0
CN(C)C(=N)N=C(N)N,Cn1cc(-c2cnn3c(N)c(Br)c(C4CCCNC4)nc23)cn1,ZR751,0
CN(C)C(=N)N=C(N)N,O=C(NOCC(O)CO)c1ccc(F)c(F)c1Nc1ccc(I)cc1F,A2058,1
CN(C)C(=N)N=C(N)N,O=C(NOCC(O)CO)c1ccc(F)c(F)c1Nc1ccc(I)cc1F,A2780,0
CN(C)C(=N)N=C(N)N,O=C(NOCC(O)CO)c1ccc(F)c(F)c1Nc1ccc(I)cc1F,A427,0
CN(C)C(=N)N=C(N)N,O=C(NOCC(O)CO)c1ccc(F)c(F)c1Nc1ccc(I)cc1F,ES2,0
CN(C)C(=N)N=C(N)N,O=C(NOCC(O)CO)c1ccc(F)c(F)c1Nc1ccc(I)cc1F,HCT116,0
CN(C)C(=N)N=C(N)N,O=C(NOCC(O)CO)c1ccc(F)c(F)c1Nc1ccc(I)cc1F,HT144,0
CN(C)C(=N)N=C(N)N,O=C(NOCC(O)CO)c1ccc(F)c(F)c1Nc1ccc(I)cc1F,HT29,0
CN(C)C(=N)N=C(N)N,O=C(NOCC(O)CO)c1ccc(F)c(F)c1Nc1ccc(I)cc1F,KPL1,0
CN(C)C(=N)N=C(N)N,O=C(NOCC(O)CO)c1ccc(F)c(F)c1Nc1ccc(I)cc1F,LNCAP,1
CN(C)C(=N)N=C(N)N,O=C(NOCC(O)CO)c1ccc(F)c(F)c1Nc1ccc(I)cc1F,LOVO,0
CN(C)C(=N)N=C(N)N,O=C(NOCC(O)CO)c1ccc(F)c(F)c1Nc1ccc(I)cc1F,MDAMB436,0
CN(C)C(=N)N=C(N)N,O=C(NOCC(O)CO)c1ccc(F)c(F)c1Nc1ccc(I)cc1F,MSTO,0
CN(C)C(=N)N=C(N)N,O=C(NOCC(O)CO)c1ccc(F)c(F)c1Nc1ccc(I)cc1F,NCIH1650,0
CN(C)C(=N)N=C(N)N,O=C(NOCC(O)CO)c1ccc(F)c(F)c1Nc1ccc(I)cc1F,NCIH2122,0
CN(C)C(=N)N=C(N)N,O=C(NOCC(O)CO)c1ccc(F)c(F)c1Nc1ccc(I)cc1F,NCIH23,0
CN(C)C(=N)N=C(N)N,O=C(NOCC(O)CO)c1ccc(F)c(F)c1Nc1ccc(I)cc1F,NCIH460,0
CN(C)C(=N)N=C(N)N,O=C(NOCC(O)CO)c1ccc(F)c(F)c1Nc1ccc(I)cc1F,NCIH520,0
CN(C)C(=N)N=C(N)N,O=C(NOCC(O)CO)c1ccc(F)c(F)c1Nc1ccc(I)cc1F,OV90,0
CN(C)C(=N)N=C(N)N,O=C(NOCC(O)CO)c1ccc(F)c(F)c1Nc1ccc(I)cc1F,RKO,0
CN(C)C(=N)N=C(N)N,O=C(NOCC(O)CO)c1ccc(F)c(F)c1Nc1ccc(I)cc1F,RPMI7951,0
CN(C)C(=N)N=C(N)N,O=C(NOCC(O)CO)c1ccc(F)c(F)c1Nc1ccc(I)cc1F,SKMES1,0
CN(C)C(=N)N=C(N)N,O=C(NOCC(O)CO)c1ccc(F)c(F)c1Nc1ccc(I)cc1F,SKOV3,0
CN(C)C(=N)N=C(N)N,O=C(NOCC(O)CO)c1ccc(F)c(F)c1Nc1ccc(I)cc1F,SW620,0
CN(C)C(=N)N=C(N)N,O=C(NOCC(O)CO)c1ccc(F)c(F)c1Nc1ccc(I)cc1F,SW837,0
CN(C)C(=N)N=C(N)N,O=C(NOCC(O)CO)c1ccc(F)c(F)c1Nc1ccc(I)cc1F,UACC62,0
CN(C)C(=N)N=C(N)N,O=C(NOCC(O)CO)c1ccc(F)c(F)c1Nc1ccc(I)cc1F,VCAP,0
CN(C)C(=N)N=C(N)N,O=C(NOCC(O)CO)c1ccc(F)c(F)c1Nc1ccc(I)cc1F,ZR751,0
CN(C)C(=N)N=C(N)N,CNC(=O)c1cc(Oc2ccc(NC(=O)Nc3ccc(Cl)c(C(F)(F)F)c3)cc2)ccn1,A2058,1
CN(C)C(=N)N=C(N)N,CNC(=O)c1cc(Oc2ccc(NC(=O)Nc3ccc(Cl)c(C(F)(F)F)c3)cc2)ccn1,A375,1
CN(C)C(=N)N=C(N)N,CNC(=O)c1cc(Oc2ccc(NC(=O)Nc3ccc(Cl)c(C(F)(F)F)c3)cc2)ccn1,CAOV3,0
CN(C)C(=N)N=C(N)N,CNC(=O)c1cc(Oc2ccc(NC(=O)Nc3ccc(Cl)c(C(F)(F)F)c3)cc2)ccn1,KPL1,0
CN(C)C(=N)N=C(N)N,CNC(=O)c1cc(Oc2ccc(NC(=O)Nc3ccc(Cl)c(C(F)(F)F)c3)cc2)ccn1,LNCAP,1
CN(C)C(=N)N=C(N)N,CNC(=O)c1cc(Oc2ccc(NC(=O)Nc3ccc(Cl)c(C(F)(F)F)c3)cc2)ccn1,LOVO,0
CN(C)C(=N)N=C(N)N,CNC(=O)c1cc(Oc2ccc(NC(=O)Nc3ccc(Cl)c(C(F)(F)F)c3)cc2)ccn1,MSTO,0
CN(C)C(=N)N=C(N)N,CNC(=O)c1cc(Oc2ccc(NC(=O)Nc3ccc(Cl)c(C(F)(F)F)c3)cc2)ccn1,NCIH460,1
CN(C)C(=N)N=C(N)N,CNC(=O)c1cc(Oc2ccc(NC(=O)Nc3ccc(Cl)c(C(F)(F)F)c3)cc2)ccn1,NCIH520,1
CN(C)C(=N)N=C(N)N,CNC(=O)c1cc(Oc2ccc(NC(=O)Nc3ccc(Cl)c(C(F)(F)F)c3)cc2)ccn1,RKO,1
CN(C)C(=N)N=C(N)N,CNC(=O)c1cc(Oc2ccc(NC(=O)Nc3ccc(Cl)c(C(F)(F)F)c3)cc2)ccn1,SKMES1,1
CN(C)C(=N)N=C(N)N,CNC(=O)c1cc(Oc2ccc(NC(=O)Nc3ccc(Cl)c(C(F)(F)F)c3)cc2)ccn1,SKOV3,1
CN(C)C(=N)N=C(N)N,CNC(=O)c1cc(Oc2ccc(NC(=O)Nc3ccc(Cl)c(C(F)(F)F)c3)cc2)ccn1,SW620,1
CN(C)C(=N)N=C(N)N,CNC(=O)c1cc(Oc2ccc(NC(=O)Nc3ccc(Cl)c(C(F)(F)F)c3)cc2)ccn1,ZR751,0
CN(C)C(=N)N=C(N)N,CCN(CC)CCNC(=O)c1c(C)[nH]c(C=C2C(=O)Nc3ccc(F)cc32)c1C,HT144,0
CN(C)C(=N)N=C(N)N,CCN(CC)CCNC(=O)c1c(C)[nH]c(C=C2C(=O)Nc3ccc(F)cc32)c1C,LNCAP,0
CN(C)C(=N)N=C(N)N,CCN(CC)CCNC(=O)c1c(C)[nH]c(C=C2C(=O)Nc3ccc(F)cc32)c1C,NCIH460,0
CN(C)C(=N)N=C(N)N,CCN(CC)CCNC(=O)c1c(C)[nH]c(C=C2C(=O)Nc3ccc(F)cc32)c1C,NCIH520,1
CN(C)C(=N)N=C(N)N,CCN(CC)CCNC(=O)c1c(C)[nH]c(C=C2C(=O)Nc3ccc(F)cc32)c1C,RPMI7951,0
CN(C)C(=N)N=C(N)N,CCN(CC)CCNC(=O)c1c(C)[nH]c(C=C2C(=O)Nc3ccc(F)cc32)c1C,SW837,0
CN(C)C(=N)N=C(N)N,CCN(CC)CCNC(=O)c1c(C)[nH]c(C=C2C(=O)Nc3ccc(F)cc32)c1C,T47D,1
CN(C)C(=N)N=C(N)N,CCN(CC)CCNC(=O)c1c(C)[nH]c(C=C2C(=O)Nc3ccc(F)cc32)c1C,VCAP,1
CN(C)C(=N)N=C(N)N,CCN(CC)CCNC(=O)c1c(C)[nH]c(C=C2C(=O)Nc3ccc(F)cc32)c1C,ZR751,0
CN(C)C(=N)N=C(N)N,Cn1nnc2c(C(N)=O)ncn2c1=O,A2780,0
CN(C)C(=N)N=C(N)N,Cn1nnc2c(C(N)=O)ncn2c1=O,A375,0
CN(C)C(=N)N=C(N)N,Cn1nnc2c(C(N)=O)ncn2c1=O,A427,0
CN(C)C(=N)N=C(N)N,Cn1nnc2c(C(N)=O)ncn2c1=O,CAOV3,0
CN(C)C(=N)N=C(N)N,Cn1nnc2c(C(N)=O)ncn2c1=O,ES2,0
CN(C)C(=N)N=C(N)N,Cn1nnc2c(C(N)=O)ncn2c1=O,HCT116,0
CN(C)C(=N)N=C(N)N,Cn1nnc2c(C(N)=O)ncn2c1=O,HT144,0
CN(C)C(=N)N=C(N)N,Cn1nnc2c(C(N)=O)ncn2c1=O,HT29,0
CN(C)C(=N)N=C(N)N,Cn1nnc2c(C(N)=O)ncn2c1=O,KPL1,0
CN(C)C(=N)N=C(N)N,Cn1nnc2c(C(N)=O)ncn2c1=O,LNCAP,0
CN(C)C(=N)N=C(N)N,Cn1nnc2c(C(N)=O)ncn2c1=O,LOVO,0
CN(C)C(=N)N=C(N)N,Cn1nnc2c(C(N)=O)ncn2c1=O,MDAMB436,0
CN(C)C(=N)N=C(N)N,Cn1nnc2c(C(N)=O)ncn2c1=O,MSTO,0
CN(C)C(=N)N=C(N)N,Cn1nnc2c(C(N)=O)ncn2c1=O,NCIH1650,0
CN(C)C(=N)N=C(N)N,Cn1nnc2c(C(N)=O)ncn2c1=O,NCIH2122,0
CN(C)C(=N)N=C(N)N,Cn1nnc2c(C(N)=O)ncn2c1=O,NCIH23,0
CN(C)C(=N)N=C(N)N,Cn1nnc2c(C(N)=O)ncn2c1=O,NCIH460,0
CN(C)C(=N)N=C(N)N,Cn1nnc2c(C(N)=O)ncn2c1=O,NCIH520,0
CN(C)C(=N)N=C(N)N,Cn1nnc2c(C(N)=O)ncn2c1=O,OV90,0
CN(C)C(=N)N=C(N)N,Cn1nnc2c(C(N)=O)ncn2c1=O,SKOV3,0
CN(C)C(=N)N=C(N)N,Cn1nnc2c(C(N)=O)ncn2c1=O,SW620,0
CN(C)C(=N)N=C(N)N,Cn1nnc2c(C(N)=O)ncn2c1=O,SW837,0
CN(C)C(=N)N=C(N)N,Cn1nnc2c(C(N)=O)ncn2c1=O,T47D,0
CN(C)C(=N)N=C(N)N,Cn1nnc2c(C(N)=O)ncn2c1=O,UACC62,0
CN(C)C(=N)N=C(N)N,Cn1nnc2c(C(N)=O)ncn2c1=O,VCAP,0
CN(C)C(=N)N=C(N)N,Cn1nnc2c(C(N)=O)ncn2c1=O,ZR751,0
CN(C)C(=N)N=C(N)N,O=C(CCCCCCC(=O)Nc1ccccc1)NO,A427,0
CN(C)C(=N)N=C(N)N,O=C(CCCCCCC(=O)Nc1ccccc1)NO,ES2,0
CN(C)C(=N)N=C(N)N,O=C(CCCCCCC(=O)Nc1ccccc1)NO,HT144,0
CN(C)C(=N)N=C(N)N,O=C(CCCCCCC(=O)Nc1ccccc1)NO,HT29,1
CN(C)C(=N)N=C(N)N,O=C(CCCCCCC(=O)Nc1ccccc1)NO,MSTO,0
CN(C)C(=N)N=C(N)N,O=C(CCCCCCC(=O)Nc1ccccc1)NO,NCIH23,0
CN(C)C(=N)N=C(N)N,O=C(CCCCCCC(=O)Nc1ccccc1)NO,NCIH460,0
CN(C)C(=N)N=C(N)N,O=C(CCCCCCC(=O)Nc1ccccc1)NO,SKOV3,1
CN(C)C(=N)N=C(N)N,O=C(CCCCCCC(=O)Nc1ccccc1)NO,T47D,1
CN(C)C(=N)N=C(N)N,O=C(CCCCCCC(=O)Nc1ccccc1)NO,UACC62,0
CN(C)C(=N)N=C(N)N,O=C(CCCCCCC(=O)Nc1ccccc1)NO,VCAP,1
CN(C)C(=N)N=C(N)N,O=C(CCCCCCC(=O)Nc1ccccc1)NO,ZR751,0
CN1C(=O)C=CC2(C)C3CCC4(C)C(NC(=O)OCC(F)(F)F)CCC4C3CCC12,CN(C)C(=N)N=C(N)N,A375,0
CN1C(=O)C=CC2(C)C3CCC4(C)C(NC(=O)OCC(F)(F)F)CCC4C3CCC12,CN(C)C(=N)N=C(N)N,A427,0
CN1C(=O)C=CC2(C)C3CCC4(C)C(NC(=O)OCC(F)(F)F)CCC4C3CCC12,CN(C)C(=N)N=C(N)N,CAOV3,0
CN1C(=O)C=CC2(C)C3CCC4(C)C(NC(=O)OCC(F)(F)F)CCC4C3CCC12,CN(C)C(=N)N=C(N)N,ES2,0
CN1C(=O)C=CC2(C)C3CCC4(C)C(NC(=O)OCC(F)(F)F)CCC4C3CCC12,CN(C)C(=N)N=C(N)N,HCT116,0
CN1C(=O)C=CC2(C)C3CCC4(C)C(NC(=O)OCC(F)(F)F)CCC4C3CCC12,CN(C)C(=N)N=C(N)N,HT144,0
CN1C(=O)C=CC2(C)C3CCC4(C)C(NC(=O)OCC(F)(F)F)CCC4C3CCC12,CN(C)C(=N)N=C(N)N,HT29,0
CN1C(=O)C=CC2(C)C3CCC4(C)C(NC(=O)OCC(F)(F)F)CCC4C3CCC12,CN(C)C(=N)N=C(N)N,KPL1,0
CN1C(=O)C=CC2(C)C3CCC4(C)C(NC(=O)OCC(F)(F)F)CCC4C3CCC12,CN(C)C(=N)N=C(N)N,LNCAP,0
CN1C(=O)C=CC2(C)C3CCC4(C)C(NC(=O)OCC(F)(F)F)CCC4C3CCC12,CN(C)C(=N)N=C(N)N,LOVO,0
CN1C(=O)C=CC2(C)C3CCC4(C)C(NC(=O)OCC(F)(F)F)CCC4C3CCC12,CN(C)C(=N)N=C(N)N,MDAMB436,0
CN1C(=O)C=CC2(C)C3CCC4(C)C(NC(=O)OCC(F)(F)F)CCC4C3CCC12,CN(C)C(=N)N=C(N)N,NCIH1650,0
CN1C(=O)C=CC2(C)C3CCC4(C)C(NC(=O)OCC(F)(F)F)CCC4C3CCC12,CN(C)C(=N)N=C(N)N,NCIH2122,0
CN1C(=O)C=CC2(C)C3CCC4(C)C(NC(=O)OCC(F)(F)F)CCC4C3CCC12,CN(C)C(=N)N=C(N)N,NCIH23,0
CN1C(=O)C=CC2(C)C3CCC4(C)C(NC(=O)OCC(F)(F)F)CCC4C3CCC12,CN(C)C(=N)N=C(N)N,NCIH460,0
CN1C(=O)C=CC2(C)C3CCC4(C)C(NC(=O)OCC(F)(F)F)CCC4C3CCC12,CN(C)C(=N)N=C(N)N,NCIH520,0
CN1C(=O)C=CC2(C)C3CCC4(C)C(NC(=O)OCC(F)(F)F)CCC4C3CCC12,CN(C)C(=N)N=C(N)N,OV90,0
CN1C(=O)C=CC2(C)C3CCC4(C)C(NC(=O)OCC(F)(F)F)CCC4C3CCC12,CN(C)C(=N)N=C(N)N,RPMI7951,0
CN1C(=O)C=CC2(C)C3CCC4(C)C(NC(=O)OCC(F)(F)F)CCC4C3CCC12,CN(C)C(=N)N=C(N)N,SKMEL30,0
CN1C(=O)C=CC2(C)C3CCC4(C)C(NC(=O)OCC(F)(F)F)CCC4C3CCC12,CN(C)C(=N)N=C(N)N,SKMES1,0
CN1C(=O)C=CC2(C)C3CCC4(C)C(NC(=O)OCC(F)(F)F)CCC4C3CCC12,CN(C)C(=N)N=C(N)N,SW837,0
CN1C(=O)C=CC2(C)C3CCC4(C)C(NC(=O)OCC(F)(F)F)CCC4C3CCC12,CN(C)C(=N)N=C(N)N,T47D,1
CN1C(=O)C=CC2(C)C3CCC4(C)C(NC(=O)OCC(F)(F)F)CCC4C3CCC12,CN(C)C(=N)N=C(N)N,UACC62,0
CN1C(=O)C=CC2(C)C3CCC4(C)C(NC(=O)OCC(F)(F)F)CCC4C3CCC12,CN(C)C(=N)N=C(N)N,VCAP,1
CN1C(=O)C=CC2(C)C3CCC4(C)C(NC(=O)OCC(F)(F)F)CCC4C3CCC12,CN(C)C(=N)N=C(N)N,ZR751,0
O=S1(=O)NC2(CN1CC(F)(F)F)C1CCC2Cc2cc(C=CCN3CCC(C(F)(F)F)CC3)ccc2C1,CN(C)C(=N)N=C(N)N,A375,1
O=S1(=O)NC2(CN1CC(F)(F)F)C1CCC2Cc2cc(C=CCN3CCC(C(F)(F)F)CC3)ccc2C1,CN(C)C(=N)N=C(N)N,A427,1
O=S1(=O)NC2(CN1CC(F)(F)F)C1CCC2Cc2cc(C=CCN3CCC(C(F)(F)F)CC3)ccc2C1,CN(C)C(=N)N=C(N)N,ES2,0
O=S1(=O)NC2(CN1CC(F)(F)F)C1CCC2Cc2cc(C=CCN3CCC(C(F)(F)F)CC3)ccc2C1,CN(C)C(=N)N=C(N)N,HT144,1
O=S1(=O)NC2(CN1CC(F)(F)F)C1CCC2Cc2cc(C=CCN3CCC(C(F)(F)F)CC3)ccc2C1,CN(C)C(=N)N=C(N)N,LNCAP,0
O=S1(=O)NC2(CN1CC(F)(F)F)C1CCC2Cc2cc(C=CCN3CCC(C(F)(F)F)CC3)ccc2C1,CN(C)C(=N)N=C(N)N,RKO,1
O=S1(=O)NC2(CN1CC(F)(F)F)C1CCC2Cc2cc(C=CCN3CCC(C(F)(F)F)CC3)ccc2C1,CN(C)C(=N)N=C(N)N,SKMEL30,1
O=S1(=O)NC2(CN1CC(F)(F)F)C1CCC2Cc2cc(C=CCN3CCC(C(F)(F)F)CC3)ccc2C1,CN(C)C(=N)N=C(N)N,SKOV3,1
O=S1(=O)NC2(CN1CC(F)(F)F)C1CCC2Cc2cc(C=CCN3CCC(C(F)(F)F)CC3)ccc2C1,CN(C)C(=N)N=C(N)N,T47D,0
O=S1(=O)NC2(CN1CC(F)(F)F)C1CCC2Cc2cc(C=CCN3CCC(C(F)(F)F)CC3)ccc2C1,CN(C)C(=N)N=C(N)N,ZR751,0
