drug1,drug2,cell,label
O=c1[nH]cc(F)c(=O)[nH]1,NC(=O)c1cccc2cn(-c3ccc(C4CCCNC4)cc3)nc12,A375,0
O=c1[nH]cc(F)c(=O)[nH]1,NC(=O)c1cccc2cn(-c3ccc(C4CCCNC4)cc3)nc12,CAOV3,0
O=c1[nH]cc(F)c(=O)[nH]1,NC(=O)c1cccc2cn(-c3ccc(C4CCCNC4)cc3)nc12,ES2,0
O=c1[nH]cc(F)c(=O)[nH]1,NC(=O)c1cccc2cn(-c3ccc(C4CCCNC4)cc3)nc12,HT144,0
O=c1[nH]cc(F)c(=O)[nH]1,NC(=O)c1cccc2cn(-c3ccc(C4CCCNC4)cc3)nc12,KPL1,0
O=c1[nH]cc(F)c(=O)[nH]1,NC(=O)c1cccc2cn(-c3ccc(C4CCCNC4)cc3)nc12,LNCAP,0
O=c1[nH]cc(F)c(=O)[nH]1,NC(=O)c1cccc2cn(-c3ccc(C4CCCNC4)cc3)nc12,LOVO,0
O=c1[nH]cc(F)c(=O)[nH]1,NC(=O)c1cccc2cn(-c3ccc(C4CCCNC4)cc3)nc12,MSTO,0
O=c1[nH]cc(F)c(=O)[nH]1,NC(=O)c1cccc2cn(-c3ccc(C4CCCNC4)cc3)nc12,NCIH1650,0
O=c1[nH]cc(F)c(=O)[nH]1,NC(=O)c1cccc2cn(-c3ccc(C4CCCNC4)cc3)nc12,NCIH23,0
O=c1[nH]cc(F)c(=O)[nH]1,NC(=O)c1cccc2cn(-c3ccc(C4CCCNC4)cc3)nc12,NCIH460,0
O=c1[nH]cc(F)c(=O)[nH]1,NC(=O)c1cccc2cn(-c3ccc(C4CCCNC4)cc3)nc12,OV90,0
O=c1[nH]cc(F)c(=O)[nH]1,NC(=O)c1cccc2cn(-c3ccc(C4CCCNC4)cc3)nc12,RKO,0
O=c1[nH]cc(F)c(=O)[nH]1,NC(=O)c1cccc2cn(-c3ccc(C4CCCNC4)cc3)nc12,SKOV3,0
O=c1[nH]cc(F)c(=O)[nH]1,NC(=O)c1cccc2cn(-c3ccc(C4CCCNC4)cc3)nc12,SW837,0
O=c1[nH]cc(F)c(=O)[nH]1,NC(=O)c1cccc2cn(-c3ccc(C4CCCNC4)cc3)nc12,T47D,0
O=c1[nH]cc(F)c(=O)[nH]1,NC(=O)c1cccc2cn(-c3ccc(C4CCCNC4)cc3)nc12,VCAP,1
C=CCn1c(=O)c2cnc(Nc3ccc(N4CCN(C)CC4)cc3)nc2n1-c1cccc(C(C)(C)O)n1,NC(=O)c1cccc2cn(-c3ccc(C4CCCNC4)cc3)nc12,A2058,1
C=CCn1c(=O)c2cnc(Nc3ccc(N4CCN(C)CC4)cc3)nc2n1-c1cccc(C(C)(C)O)n1,NC(=O)c1cccc2cn(-c3ccc(C4CCCNC4)cc3)nc12,A375,1
C=CCn1c(=O)c2cnc(Nc3ccc(N4CCN(C)CC4)cc3)nc2n1-c1cccc(C(C)(C)O)n1,NC(=O)c1cccc2cn(-c3ccc(C4CCCNC4)cc3)nc12,CAOV3,0
C=CCn1c(=O)c2cnc(Nc3ccc(N4CCN(C)CC4)cc3)nc2n1-c1cccc(C(C)(C)O)n1,NC(=O)c1cccc2cn(-c3ccc(C4CCCNC4)cc3)nc12,ES2,0
C=CCn1c(=O)c2cnc(Nc3ccc(N4CCN(C)CC4)cc3)nc2n1-c1cccc(C(C)(C)O)n1,NC(=O)c1cccc2cn(-c3ccc(C4CCCNC4)cc3)nc12,LNCAP,1
C=CCn1c(=O)c2cnc(Nc3ccc(N4CCN(C)CC4)cc3)nc2n1-c1cccc(C(C)(C)O)n1,NC(=O)c1cccc2cn(-c3ccc(C4CCCNC4)cc3)nc12,MDAMB436,1
C=CCn1c(=O)c2cnc(Nc3ccc(N4CCN(C)CC4)cc3)nc2n1-c1cccc(C(C)(C)O)n1,NC(=O)c1cccc2cn(-c3ccc(C4CCCNC4)cc3)nc12,MSTO,0
C=CCn1c(=O)c2cnc(Nc3ccc(N4CCN(C)CC4)cc3)nc2n1-c1cccc(C(C)(C)O)n1,NC(=O)c1cccc2cn(-c3ccc(C4CCCNC4)cc3)nc12,NCIH1650,1
C=CCn1c(=O)c2cnc(Nc3ccc(N4CCN(C)CC4)cc3)nc2n1-c1cccc(C(C)(C)O)n1,NC(=O)c1cccc2cn(-c3ccc(C4CCCNC4)cc3)nc12,NCIH2122,1
C=CCn1c(=O)c2cnc(Nc3ccc(N4CCN(C)CC4)cc3)nc2n1-c1cccc(C(C)(C)O)n1,NC(=O)c1cccc2cn(-c3ccc(C4CCCNC4)cc3)nc12,OV90,0
C=CCn1c(=O)c2cnc(Nc3ccc(N4CCN(C)CC4)cc3)nc2n1-c1cccc(C(C)(C)O)n1,NC(=O)c1cccc2cn(-c3ccc(C4CCCNC4)cc3)nc12,RKO,1
C=CCn1c(=O)c2cnc(Nc3ccc(N4CCN(C)CC4)cc3)nc2n1-c1cccc(C(C)(C)O)n1,NC(=O)c1cccc2cn(-c3ccc(C4CCCNC4)cc3)nc12,RPMI7951,1
C=CCn1c(=O)c2cnc(Nc3ccc(N4CCN(C)CC4)cc3)nc2n1-c1cccc(C(C)(C)O)n1,NC(=O)c1cccc2cn(-c3ccc(C4CCCNC4)cc3)nc12,SKMEL30,1
C=CCn1c(=O)c2cnc(Nc3ccc(N4CCN(C)CC4)cc3)nc2n1-c1cccc(C(C)(C)O)n1,NC(=O)c1cccc2cn(-c3ccc(C4CCCNC4)cc3)nc12,SKMES1,1
C=CCn1c(=O)c2cnc(Nc3ccc(N4CCN(C)CC4)cc3)nc2n1-c1cccc(C(C)(C)O)n1,NC(=O)c1cccc2cn(-c3ccc(C4CCCNC4)cc3)nc12,SKOV3,1
C=CCn1c(=O)c2cnc(Nc3ccc(N4CCN(C)CC4)cc3)nc2n1-c1cccc(C(C)(C)O)n1,NC(=O)c1cccc2cn(-c3ccc(C4CCCNC4)cc3)nc12,SW837,1
C=CCn1c(=O)c2cnc(Nc3ccc(N4CCN(C)CC4)cc3)nc2n1-c1cccc(C(C)(C)O)n1,NC(=O)c1cccc2cn(-c3ccc(C4CCCNC4)cc3)nc12,T47D,1
C=CCn1c(=O)c2cnc(Nc3ccc(N4CCN(C)CC4)cc3)nc2n1-c1cccc(C(C)(C)O)n1,NC(=O)c1cccc2cn(-c3ccc(C4CCCNC4)cc3)nc12,UACC62,1
C=CCn1c(=O)c2cnc(Nc3ccc(N4CCN(C)CC4)cc3)nc2n1-c1cccc(C(C)(C)O)n1,NC(=O)c1cccc2cn(-c3ccc(C4CCCNC4)cc3)nc12,ZR751,1
N.N.O=C(O)C1(C(=O)O)CCC1.[Pt],NC(=O)c1cccc2cn(-c3ccc(C4CCCNC4)cc3)nc12,A427,0
N.N.O=C(O)C1(C(=O)O)CCC1.[Pt],NC(=O)c1cccc2cn(-c3ccc(C4CCCNC4)cc3)nc12,CAOV3,0
N.N.O=C(O)C1(C(=O)O)CCC1.[Pt],NC(=O)c1cccc2cn(-c3ccc(C4CCCNC4)cc3)nc12,ES2,0
N.N.O=C(O)C1(C(=O)O)CCC1.[Pt],NC(=O)c1cccc2cn(-c3ccc(C4CCCNC4)cc3)nc12,HCT116,1
N.N.O=C(O)C1(C(=O)O)CCC1.[Pt],NC(=O)c1cccc2cn(-c3ccc(C4CCCNC4)cc3)nc12,HT29,1
N.N.O=C(O)C1(C(=O)O)CCC1.[Pt],NC(=O)c1cccc2cn(-c3ccc(C4CCCNC4)cc3)nc12,KPL1,1
N.N.O=C(O)C1(C(=O)O)CCC1.[Pt],NC(=O)c1cccc2cn(-c3ccc(C4CCCNC4)cc3)nc12,LNCAP,0
N.N.O=C(O)C1(C(=O)O)CCC1.[Pt],NC(=O)c1cccc2cn(-c3ccc(C4CCCNC4)cc3)nc12,LOVO,0
N.N.O=C(O)C1(C(=O)O)CCC1.[Pt],NC(=O)c1cccc2cn(-c3ccc(C4CCCNC4)cc3)nc12,MDAMB436,1
N.N.O=C(O)C1(C(=O)O)CCC1.[Pt],NC(=O)c1cccc2cn(-c3ccc(C4CCCNC4)cc3)nc12,MSTO,0
N.N.O=C(O)C1(C(=O)O)CCC1.[Pt],NC(=O)c1cccc2cn(-c3ccc(C4CCCNC4)cc3)nc12,NCIH1650,1
N.N.O=C(O)C1(C(=O)O)CCC1.[Pt],NC(=O)c1cccc2cn(-c3ccc(C4CCCNC4)cc3)nc12,NCIH23,0
N.N.O=C(O)C1(C(=O)O)CCC1.[Pt],NC(=O)c1cccc2cn(-c3ccc(C4CCCNC4)cc3)nc12,OV90,0
N.N.O=C(O)C1(C(=O)O)CCC1.[Pt],NC(=O)c1cccc2cn(-c3ccc(C4CCCNC4)cc3)nc12,RKO,1
N.N.O=C(O)C1(C(=O)O)CCC1.[Pt],NC(=O)c1cccc2cn(-c3ccc(C4CCCNC4)cc3)nc12,RPMI7951,0
N.N.O=C(O)C1(C(=O)O)CCC1.[Pt],NC(=O)c1cccc2cn(-c3ccc(C4CCCNC4)cc3)nc12,SKMES1,0
N.N.O=C(O)C1(C(=O)O)CCC1.[Pt],NC(=O)c1cccc2cn(-c3ccc(C4CCCNC4)cc3)nc12,SW620,1
N.N.O=C(O)C1(C(=O)O)CCC1.[Pt],NC(=O)c1cccc2cn(-c3ccc(C4CCCNC4)cc3)nc12,SW837,0
N.N.O=C(O)C1(C(=O)O)CCC1.[Pt],NC(=O)c1cccc2cn(-c3ccc(C4CCCNC4)cc3)nc12,T47D,0
N.N.O=C(O)C1(C(=O)O)CCC1.[Pt],NC(=O)c1cccc2cn(-c3ccc(C4CCCNC4)cc3)nc12,UACC62,0
N.N.O=C(O)C1(C(=O)O)CCC1.[Pt],NC(=O)c1cccc2cn(-c3ccc(C4CCCNC4)cc3)nc12,VCAP,1
N.N.O=C(O)C1(C(=O)O)CCC1.[Pt],NC(=O)c1cccc2cn(-c3ccc(C4CCCNC4)cc3)nc12,ZR751,0
O=P1(N(CCCl)CCCl)NCCCO1,NC(=O)c1cccc2cn(-c3ccc(C4CCCNC4)cc3)nc12,A375,0
O=P1(N(CCCl)CCCl)NCCCO1,NC(=O)c1cccc2cn(-c3ccc(C4CCCNC4)cc3)nc12,A427,0
O=P1(N(CCCl)CCCl)NCCCO1,NC(=O)c1cccc2cn(-c3ccc(C4CCCNC4)cc3)nc12,ES2,0
O=P1(N(CCCl)CCCl)NCCCO1,NC(=O)c1cccc2cn(-c3ccc(C4CCCNC4)cc3)nc12,HT144,0
O=P1(N(CCCl)CCCl)NCCCO1,NC(=O)c1cccc2cn(-c3ccc(C4CCCNC4)cc3)nc12,LNCAP,0
O=P1(N(CCCl)CCCl)NCCCO1,NC(=O)c1cccc2cn(-c3ccc(C4CCCNC4)cc3)nc12,LOVO,0
O=P1(N(CCCl)CCCl)NCCCO1,NC(=O)c1cccc2cn(-c3ccc(C4CCCNC4)cc3)nc12,MSTO,0
O=P1(N(CCCl)CCCl)NCCCO1,NC(=O)c1cccc2cn(-c3ccc(C4CCCNC4)cc3)nc12,NCIH2122,1
O=P1(N(CCCl)CCCl)NCCCO1,NC(=O)c1cccc2cn(-c3ccc(C4CCCNC4)cc3)nc12,NCIH23,0
O=P1(N(CCCl)CCCl)NCCCO1,NC(=O)c1cccc2cn(-c3ccc(C4CCCNC4)cc3)nc12,NCIH460,0
O=P1(N(CCCl)CCCl)NCCCO1,NC(=O)c1cccc2cn(-c3ccc(C4CCCNC4)cc3)nc12,RPMI7951,0
O=P1(N(CCCl)CCCl)NCCCO1,NC(=O)c1cccc2cn(-c3ccc(C4CCCNC4)cc3)nc12,SKMEL30,0
O=P1(N(CCCl)CCCl)NCCCO1,NC(=O)c1cccc2cn(-c3ccc(C4CCCNC4)cc3)nc12,SW837,0
O=P1(N(CCCl)CCCl)NCCCO1,NC(=O)c1cccc2cn(-c3ccc(C4CCCNC4)cc3)nc12,T47D,0
O=P1(N(CCCl)CCCl)NCCCO1,NC(=O)c1cccc2cn(-c3ccc(C4CCCNC4)cc3)nc12,UACC62,0
O=P1(N(CCCl)CCCl)NCCCO1,NC(=O)c1cccc2cn(-c3ccc(C4CCCNC4)cc3)nc12,ZR751,1
CC1CC2C3CCC4=CC(=O)C=CC4(C)C3(F)C(O)CC2(C)C1(O)C(=O)CO,NC(=O)c1cccc2cn(-c3ccc(C4CCCNC4)cc3)nc12,A2058,0
CC1CC2C3CCC4=CC(=O)C=CC4(C)C3(F)C(O)CC2(C)C1(O)C(=O)CO,NC(=O)c1cccc2cn(-c3ccc(C4CCCNC4)cc3)nc12,A375,0
CC1CC2C3CCC4=CC(=O)C=CC4(C)C3(F)C(O)CC2(C)C1(O)C(=O)CO,NC(=O)c1cccc2cn(-c3ccc(C4CCCNC4)cc3)nc12,A427,0
CC1CC2C3CCC4=CC(=O)C=CC4(C)C3(F)C(O)CC2(C)C1(O)C(=O)CO,NC(=O)c1cccc2cn(-c3ccc(C4CCCNC4)cc3)nc12,CAOV3,1
CC1CC2C3CCC4=CC(=O)C=CC4(C)C3(F)C(O)CC2(C)C1(O)C(=O)CO,NC(=O)c1cccc2cn(-c3ccc(C4CCCNC4)cc3)nc12,ES2,0
CC1CC2C3CCC4=CC(=O)C=CC4(C)C3(F)C(O)CC2(C)C1(O)C(=O)CO,NC(=O)c1cccc2cn(-c3ccc(C4CCCNC4)cc3)nc12,HT144,0
CC1CC2C3CCC4=CC(=O)C=CC4(C)C3(F)C(O)CC2(C)C1(O)C(=O)CO,NC(=O)c1cccc2cn(-c3ccc(C4CCCNC4)cc3)nc12,HT29,1
CC1CC2C3CCC4=CC(=O)C=CC4(C)C3(F)C(O)CC2(C)C1(O)C(=O)CO,NC(=O)c1cccc2cn(-c3ccc(C4CCCNC4)cc3)nc12,KPL1,1
CC1CC2C3CCC4=CC(=O)C=CC4(C)C3(F)C(O)CC2(C)C1(O)C(=O)CO,NC(=O)c1cccc2cn(-c3ccc(C4CCCNC4)cc3)nc12,LNCAP,0
CC1CC2C3CCC4=CC(=O)C=CC4(C)C3(F)C(O)CC2(C)C1(O)C(=O)CO,NC(=O)c1cccc2cn(-c3ccc(C4CCCNC4)cc3)nc12,LOVO,1
CC1CC2C3CCC4=CC(=O)C=CC4(C)C3(F)C(O)CC2(C)C1(O)C(=O)CO,NC(=O)c1cccc2cn(-c3ccc(C4CCCNC4)cc3)nc12,MDAMB436,0
CC1CC2C3CCC4=CC(=O)C=CC4(C)C3(F)C(O)CC2(C)C1(O)C(=O)CO,NC(=O)c1cccc2cn(-c3ccc(C4CCCNC4)cc3)nc12,MSTO,0
CC1CC2C3CCC4=CC(=O)C=CC4(C)C3(F)C(O)CC2(C)C1(O)C(=O)CO,NC(=O)c1cccc2cn(-c3ccc(C4CCCNC4)cc3)nc12,NCIH1650,1
CC1CC2C3CCC4=CC(=O)C=CC4(C)C3(F)C(O)CC2(C)C1(O)C(=O)CO,NC(=O)c1cccc2cn(-c3ccc(C4CCCNC4)cc3)nc12,NCIH2122,1
CC1CC2C3CCC4=CC(=O)C=CC4(C)C3(F)C(O)CC2(C)C1(O)C(=O)CO,NC(=O)c1cccc2cn(-c3ccc(C4CCCNC4)cc3)nc12,OV90,0
CC1CC2C3CCC4=CC(=O)C=CC4(C)C3(F)C(O)CC2(C)C1(O)C(=O)CO,NC(=O)c1cccc2cn(-c3ccc(C4CCCNC4)cc3)nc12,RPMI7951,0
CC1CC2C3CCC4=CC(=O)C=CC4(C)C3(F)C(O)CC2(C)C1(O)C(=O)CO,NC(=O)c1cccc2cn(-c3ccc(C4CCCNC4)cc3)nc12,SKOV3,1
CC1CC2C3CCC4=CC(=O)C=CC4(C)C3(F)C(O)CC2(C)C1(O)C(=O)CO,NC(=O)c1cccc2cn(-c3ccc(C4CCCNC4)cc3)nc12,SW837,0
CC1CC2C3CCC4=CC(=O)C=CC4(C)C3(F)C(O)CC2(C)C1(O)C(=O)CO,NC(=O)c1cccc2cn(-c3ccc(C4CCCNC4)cc3)nc12,T47D,0
CC1CC2C3CCC4=CC(=O)C=CC4(C)C3(F)C(O)CC2(C)C1(O)C(=O)CO,NC(=O)c1cccc2cn(-c3ccc(C4CCCNC4)cc3)nc12,UACC62,0
CC1CC2C3CCC4=CC(=O)C=CC4(C)C3(F)C(O)CC2(C)C1(O)C(=O)CO,NC(=O)c1cccc2cn(-c3ccc(C4CCCNC4)cc3)nc12,VCAP,0
CC1CC2C3CCC4=CC(=O)C=CC4(C)C3(F)C(O)CC2(C)C1(O)C(=O)CO,NC(=O)c1cccc2cn(-c3ccc(C4CCCNC4)cc3)nc12,ZR751,1
COc1cccc2c1C(=O)c1c(O)c3c(c(O)c1C2=O)CC(O)(C(=O)CO)CC3OC1CC(N)C(O)C(C)O1,NC(=O)c1cccc2cn(-c3ccc(C4CCCNC4)cc3)nc12,A2058,0
COc1cccc2c1C(=O)c1c(O)c3c(c(O)c1C2=O)CC(O)(C(=O)CO)CC3OC1CC(N)C(O)C(C)O1,NC(=O)c1cccc2cn(-c3ccc(C4CCCNC4)cc3)nc12,A2780,0
COc1cccc2c1C(=O)c1c(O)c3c(c(O)c1C2=O)CC(O)(C(=O)CO)CC3OC1CC(N)C(O)C(C)O1,NC(=O)c1cccc2cn(-c3ccc(C4CCCNC4)cc3)nc12,A375,0
COc1cccc2c1C(=O)c1c(O)c3c(c(O)c1C2=O)CC(O)(C(=O)CO)CC3OC1CC(N)C(O)C(C)O1,NC(=O)c1cccc2cn(-c3ccc(C4CCCNC4)cc3)nc12,A427,0
COc1cccc2c1C(=O)c1c(O)c3c(c(O)c1C2=O)CC(O)(C(=O)CO)CC3OC1CC(N)C(O)C(C)O1,NC(=O)c1cccc2cn(-c3ccc(C4CCCNC4)cc3)nc12,ES2,0
COc1cccc2c1C(=O)c1c(O)c3c(c(O)c1C2=O)CC(O)(C(=O)CO)CC3OC1CC(N)C(O)C(C)O1,NC(=O)c1cccc2cn(-c3ccc(C4CCCNC4)cc3)nc12,HCT116,0
COc1cccc2c1C(=O)c1c(O)c3c(c(O)c1C2=O)CC(O)(C(=O)CO)CC3OC1CC(N)C(O)C(C)O1,NC(=O)c1cccc2cn(-c3ccc(C4CCCNC4)cc3)nc12,HT144,0
COc1cccc2c1C(=O)c1c(O)c3c(c(O)c1C2=O)CC(O)(C(=O)CO)CC3OC1CC(N)C(O)C(C)O1,NC(=O)c1cccc2cn(-c3ccc(C4CCCNC4)cc3)nc12,HT29,0
COc1cccc2c1C(=O)c1c(O)c3c(c(O)c1C2=O)CC(O)(C(=O)CO)CC3OC1CC(N)C(O)C(C)O1,NC(=O)c1cccc2cn(-c3ccc(C4CCCNC4)cc3)nc12,KPL1,0
COc1cccc2c1C(=O)c1c(O)c3c(c(O)c1C2=O)CC(O)(C(=O)CO)CC3OC1CC(N)C(O)C(C)O1,NC(=O)c1cccc2cn(-c3ccc(C4CCCNC4)cc3)nc12,LNCAP,0
COc1cccc2c1C(=O)c1c(O)c3c(c(O)c1C2=O)CC(O)(C(=O)CO)CC3OC1CC(N)C(O)C(C)O1,NC(=O)c1cccc2cn(-c3ccc(C4CCCNC4)cc3)nc12,LOVO,0
COc1cccc2c1C(=O)c1c(O)c3c(c(O)c1C2=O)CC(O)(C(=O)CO)CC3OC1CC(N)C(O)C(C)O1,NC(=O)c1cccc2cn(-c3ccc(C4CCCNC4)cc3)nc12,MDAMB436,0
COc1cccc2c1C(=O)c1c(O)c3c(c(O)c1C2=O)CC(O)(C(=O)CO)CC3OC1CC(N)C(O)C(C)O1,NC(=O)c1cccc2cn(-c3ccc(C4CCCNC4)cc3)nc12,MSTO,0
COc1cccc2c1C(=O)c1c(O)c3c(c(O)c1C2=O)CC(O)(C(=O)CO)CC3OC1CC(N)C(O)C(C)O1,NC(=O)c1cccc2cn(-c3ccc(C4CCCNC4)cc3)nc12,NCIH2122,0
COc1cccc2c1C(=O)c1c(O)c3c(c(O)c1C2=O)CC(O)(C(=O)CO)CC3OC1CC(N)C(O)C(C)O1,NC(=O)c1cccc2cn(-c3ccc(C4CCCNC4)cc3)nc12,NCIH23,0
COc1cccc2c1C(=O)c1c(O)c3c(c(O)c1C2=O)CC(O)(C(=O)CO)CC3OC1CC(N)C(O)C(C)O1,NC(=O)c1cccc2cn(-c3ccc(C4CCCNC4)cc3)nc12,OV90,0
COc1cccc2c1C(=O)c1c(O)c3c(c(O)c1C2=O)CC(O)(C(=O)CO)CC3OC1CC(N)C(O)C(C)O1,NC(=O)c1cccc2cn(-c3ccc(C4CCCNC4)cc3)nc12,RKO,0
COc1cccc2c1C(=O)c1c(O)c3c(c(O)c1C2=O)CC(O)(C(=O)CO)CC3OC1CC(N)C(O)C(C)O1,NC(=O)c1cccc2cn(-c3ccc(C4CCCNC4)cc3)nc12,RPMI7951,0
COc1cccc2c1C(=O)c1c(O)c3c(c(O)c1C2=O)CC(O)(C(=O)CO)CC3OC1CC(N)C(O)C(C)O1,NC(=O)c1cccc2cn(-c3ccc(C4CCCNC4)cc3)nc12,SKMES1,0
COc1cccc2c1C(=O)c1c(O)c3c(c(O)c1C2=O)CC(O)(C(=O)CO)CC3OC1CC(N)C(O)C(C)O1,NC(=O)c1cccc2cn(-c3ccc(C4CCCNC4)cc3)nc12,SKOV3,0
COc1cccc2c1C(=O)c1c(O)c3c(c(O)c1C2=O)CC(O)(C(=O)CO)CC3OC1CC(N)C(O)C(C)O1,NC(=O)c1cccc2cn(-c3ccc(C4CCCNC4)cc3)nc12,SW620,0
COc1cccc2c1C(=O)c1c(O)c3c(c(O)c1C2=O)CC(O)(C(=O)CO)CC3OC1CC(N)C(O)C(C)O1,NC(=O)c1cccc2cn(-c3ccc(C4CCCNC4)cc3)nc12,SW837,0
COc1cccc2c1C(=O)c1c(O)c3c(c(O)c1C2=O)CC(O)(C(=O)CO)CC3OC1CC(N)C(O)C(C)O1,NC(=O)c1cccc2cn(-c3ccc(C4CCCNC4)cc3)nc12,T47D,1
COc1cccc2c1C(=O)c1c(O)c3c(c(O)c1C2=O)CC(O)(C(=O)CO)CC3OC1CC(N)C(O)C(C)O1,NC(=O)c1cccc2cn(-c3ccc(C4CCCNC4)cc3)nc12,UACC62,0
COc1cccc2c1C(=O)c1c(O)c3c(c(O)c1C2=O)CC(O)(C(=O)CO)CC3OC1CC(N)C(O)C(C)O1,NC(=O)c1cccc2cn(-c3ccc(C4CCCNC4)cc3)nc12,ZR751,0
COc1cc(C2c3cc4c(cc3C(OC3OC5COC(C)OC5C(O)C3O)C3COC(=O)C23)OCO4)cc(OC)c1O,NC(=O)c1cccc2cn(-c3ccc(C4CCCNC4)cc3)nc12,A2058,0
COc1cc(C2c3cc4c(cc3C(OC3OC5COC(C)OC5C(O)C3O)C3COC(=O)C23)OCO4)cc(OC)c1O,NC(=O)c1cccc2cn(-c3ccc(C4CCCNC4)cc3)nc12,A427,0
COc1cc(C2c3cc4c(cc3C(OC3OC5COC(C)OC5C(O)C3O)C3COC(=O)C23)OCO4)cc(OC)c1O,NC(=O)c1cccc2cn(-c3ccc(C4CCCNC4)cc3)nc12,CAOV3,1
COc1cc(C2c3cc4c(cc3C(OC3OC5COC(C)OC5C(O)C3O)C3COC(=O)C23)OCO4)cc(OC)c1O,NC(=O)c1cccc2cn(-c3ccc(C4CCCNC4)cc3)nc12,ES2,0
COc1cc(C2c3cc4c(cc3C(OC3OC5COC(C)OC5C(O)C3O)C3COC(=O)C23)OCO4)cc(OC)c1O,NC(=O)c1cccc2cn(-c3ccc(C4CCCNC4)cc3)nc12,HCT116,1
COc1cc(C2c3cc4c(cc3C(OC3OC5COC(C)OC5C(O)C3O)C3COC(=O)C23)OCO4)cc(OC)c1O,NC(=O)c1cccc2cn(-c3ccc(C4CCCNC4)cc3)nc12,HT144,1
COc1cc(C2c3cc4c(cc3C(OC3OC5COC(C)OC5C(O)C3O)C3COC(=O)C23)OCO4)cc(OC)c1O,NC(=O)c1cccc2cn(-c3ccc(C4CCCNC4)cc3)nc12,KPL1,1
COc1cc(C2c3cc4c(cc3C(OC3OC5COC(C)OC5C(O)C3O)C3COC(=O)C23)OCO4)cc(OC)c1O,NC(=O)c1cccc2cn(-c3ccc(C4CCCNC4)cc3)nc12,LNCAP,0
COc1cc(C2c3cc4c(cc3C(OC3OC5COC(C)OC5C(O)C3O)C3COC(=O)C23)OCO4)cc(OC)c1O,NC(=O)c1cccc2cn(-c3ccc(C4CCCNC4)cc3)nc12,MDAMB436,1
COc1cc(C2c3cc4c(cc3C(OC3OC5COC(C)OC5C(O)C3O)C3COC(=O)C23)OCO4)cc(OC)c1O,NC(=O)c1cccc2cn(-c3ccc(C4CCCNC4)cc3)nc12,MSTO,0
COc1cc(C2c3cc4c(cc3C(OC3OC5COC(C)OC5C(O)C3O)C3COC(=O)C23)OCO4)cc(OC)c1O,NC(=O)c1cccc2cn(-c3ccc(C4CCCNC4)cc3)nc12,NCIH1650,1
COc1cc(C2c3cc4c(cc3C(OC3OC5COC(C)OC5C(O)C3O)C3COC(=O)C23)OCO4)cc(OC)c1O,NC(=O)c1cccc2cn(-c3ccc(C4CCCNC4)cc3)nc12,NCIH2122,1
COc1cc(C2c3cc4c(cc3C(OC3OC5COC(C)OC5C(O)C3O)C3COC(=O)C23)OCO4)cc(OC)c1O,NC(=O)c1cccc2cn(-c3ccc(C4CCCNC4)cc3)nc12,NCIH23,0
COc1cc(C2c3cc4c(cc3C(OC3OC5COC(C)OC5C(O)C3O)C3COC(=O)C23)OCO4)cc(OC)c1O,NC(=O)c1cccc2cn(-c3ccc(C4CCCNC4)cc3)nc12,NCIH460,1
COc1cc(C2c3cc4c(cc3C(OC3OC5COC(C)OC5C(O)C3O)C3COC(=O)C23)OCO4)cc(OC)c1O,NC(=O)c1cccc2cn(-c3ccc(C4CCCNC4)cc3)nc12,NCIH520,1
COc1cc(C2c3cc4c(cc3C(OC3OC5COC(C)OC5C(O)C3O)C3COC(=O)C23)OCO4)cc(OC)c1O,NC(=O)c1cccc2cn(-c3ccc(C4CCCNC4)cc3)nc12,SKMEL30,1
COc1cc(C2c3cc4c(cc3C(OC3OC5COC(C)OC5C(O)C3O)C3COC(=O)C23)OCO4)cc(OC)c1O,NC(=O)c1cccc2cn(-c3ccc(C4CCCNC4)cc3)nc12,SKOV3,1
COc1cc(C2c3cc4c(cc3C(OC3OC5COC(C)OC5C(O)C3O)C3COC(=O)C23)OCO4)cc(OC)c1O,NC(=O)c1cccc2cn(-c3ccc(C4CCCNC4)cc3)nc12,SW837,1
COc1cc(C2c3cc4c(cc3C(OC3OC5COC(C)OC5C(O)C3O)C3COC(=O)C23)OCO4)cc(OC)c1O,NC(=O)c1cccc2cn(-c3ccc(C4CCCNC4)cc3)nc12,T47D,0
COc1cc(C2c3cc4c(cc3C(OC3OC5COC(C)OC5C(O)C3O)C3COC(=O)C23)OCO4)cc(OC)c1O,NC(=O)c1cccc2cn(-c3ccc(C4CCCNC4)cc3)nc12,VCAP,1
Nc1ccn(C2OC(CO)C(O)C2(F)F)c(=O)n1,NC(=O)c1cccc2cn(-c3ccc(C4CCCNC4)cc3)nc12,A2058,0
Nc1ccn(C2OC(CO)C(O)C2(F)F)c(=O)n1,NC(=O)c1cccc2cn(-c3ccc(C4CCCNC4)cc3)nc12,A2780,0
Nc1ccn(C2OC(CO)C(O)C2(F)F)c(=O)n1,NC(=O)c1cccc2cn(-c3ccc(C4CCCNC4)cc3)nc12,A375,0
Nc1ccn(C2OC(CO)C(O)C2(F)F)c(=O)n1,NC(=O)c1cccc2cn(-c3ccc(C4CCCNC4)cc3)nc12,A427,0
Nc1ccn(C2OC(CO)C(O)C2(F)F)c(=O)n1,NC(=O)c1cccc2cn(-c3ccc(C4CCCNC4)cc3)nc12,HCT116,0
Nc1ccn(C2OC(CO)C(O)C2(F)F)c(=O)n1,NC(=O)c1cccc2cn(-c3ccc(C4CCCNC4)cc3)nc12,LNCAP,0
Nc1ccn(C2OC(CO)C(O)C2(F)F)c(=O)n1,NC(=O)c1cccc2cn(-c3ccc(C4CCCNC4)cc3)nc12,LOVO,0
Nc1ccn(C2OC(CO)C(O)C2(F)F)c(=O)n1,NC(=O)c1cccc2cn(-c3ccc(C4CCCNC4)cc3)nc12,MSTO,0
Nc1ccn(C2OC(CO)C(O)C2(F)F)c(=O)n1,NC(=O)c1cccc2cn(-c3ccc(C4CCCNC4)cc3)nc12,NCIH23,0
Nc1ccn(C2OC(CO)C(O)C2(F)F)c(=O)n1,NC(=O)c1cccc2cn(-c3ccc(C4CCCNC4)cc3)nc12,RKO,0
Nc1ccn(C2OC(CO)C(O)C2(F)F)c(=O)n1,NC(=O)c1cccc2cn(-c3ccc(C4CCCNC4)cc3)nc12,RPMI7951,0
Nc1ccn(C2OC(CO)C(O)C2(F)F)c(=O)n1,NC(=O)c1cccc2cn(-c3ccc(C4CCCNC4)cc3)nc12,SKMES1,0
Nc1ccn(C2OC(CO)C(O)C2(F)F)c(=O)n1,NC(=O)c1cccc2cn(-c3ccc(C4CCCNC4)cc3)nc12,SW620,0
Nc1ccn(C2OC(CO)C(O)C2(F)F)c(=O)n1,NC(=O)c1cccc2cn(-c3ccc(C4CCCNC4)cc3)nc12,T47D,0
N#Cc1ccc(Cn2cncc2CN2CCN(c3cccc(Cl)c3)C(=O)C2)cc1,NC(=O)c1cccc2cn(-c3ccc(C4CCCNC4)cc3)nc12,A2058,1
N#Cc1ccc(Cn2cncc2CN2CCN(c3cccc(Cl)c3)C(=O)C2)cc1,NC(=O)c1cccc2cn(-c3ccc(C4CCCNC4)cc3)nc12,A427,1
N#Cc1ccc(Cn2cncc2CN2CCN(c3cccc(Cl)c3)C(=O)C2)cc1,NC(=O)c1cccc2cn(-c3ccc(C4CCCNC4)cc3)nc12,CAOV3,0
N#Cc1ccc(Cn2cncc2CN2CCN(c3cccc(Cl)c3)C(=O)C2)cc1,NC(=O)c1cccc2cn(-c3ccc(C4CCCNC4)cc3)nc12,HT144,0
N#Cc1ccc(Cn2cncc2CN2CCN(c3cccc(Cl)c3)C(=O)C2)cc1,NC(=O)c1cccc2cn(-c3ccc(C4CCCNC4)cc3)nc12,HT29,1
N#Cc1ccc(Cn2cncc2CN2CCN(c3cccc(Cl)c3)C(=O)C2)cc1,NC(=O)c1cccc2cn(-c3ccc(C4CCCNC4)cc3)nc12,KPL1,0
N#Cc1ccc(Cn2cncc2CN2CCN(c3cccc(Cl)c3)C(=O)C2)cc1,NC(=O)c1cccc2cn(-c3ccc(C4CCCNC4)cc3)nc12,LNCAP,0
N#Cc1ccc(Cn2cncc2CN2CCN(c3cccc(Cl)c3)C(=O)C2)cc1,NC(=O)c1cccc2cn(-c3ccc(C4CCCNC4)cc3)nc12,MDAMB436,1
N#Cc1ccc(Cn2cncc2CN2CCN(c3cccc(Cl)c3)C(=O)C2)cc1,NC(=O)c1cccc2cn(-c3ccc(C4CCCNC4)cc3)nc12,MSTO,0
N#Cc1ccc(Cn2cncc2CN2CCN(c3cccc(Cl)c3)C(=O)C2)cc1,NC(=O)c1cccc2cn(-c3ccc(C4CCCNC4)cc3)nc12,NCIH2122,1
N#Cc1ccc(Cn2cncc2CN2CCN(c3cccc(Cl)c3)C(=O)C2)cc1,NC(=O)c1cccc2cn(-c3ccc(C4CCCNC4)cc3)nc12,OV90,1
N#Cc1ccc(Cn2cncc2CN2CCN(c3cccc(Cl)c3)C(=O)C2)cc1,NC(=O)c1cccc2cn(-c3ccc(C4CCCNC4)cc3)nc12,RKO,1
N#Cc1ccc(Cn2cncc2CN2CCN(c3cccc(Cl)c3)C(=O)C2)cc1,NC(=O)c1cccc2cn(-c3ccc(C4CCCNC4)cc3)nc12,RPMI7951,1
N#Cc1ccc(Cn2cncc2CN2CCN(c3cccc(Cl)c3)C(=O)C2)cc1,NC(=O)c1cccc2cn(-c3ccc(C4CCCNC4)cc3)nc12,SKOV3,1
N#Cc1ccc(Cn2cncc2CN2CCN(c3cccc(Cl)c3)C(=O)C2)cc1,NC(=O)c1cccc2cn(-c3ccc(C4CCCNC4)cc3)nc12,SW837,0
N#Cc1ccc(Cn2cncc2CN2CCN(c3cccc(Cl)c3)C(=O)C2)cc1,NC(=O)c1cccc2cn(-c3ccc(C4CCCNC4)cc3)nc12,UACC62,1
N#Cc1ccc(Cn2cncc2CN2CCN(c3cccc(Cl)c3)C(=O)C2)cc1,NC(=O)c1cccc2cn(-c3ccc(C4CCCNC4)cc3)nc12,VCAP,1
N#Cc1ccc(Cn2cncc2CN2CCN(c3cccc(Cl)c3)C(=O)C2)cc1,NC(=O)c1cccc2cn(-c3ccc(C4CCCNC4)cc3)nc12,ZR751,0
CS(=O)(=O)CCNCc1ccc(-c2ccc3ncnc(Nc4ccc(OCc5cccc(F)c5)c(Cl)c4)c3c2)o1,NC(=O)c1cccc2cn(-c3ccc(C4CCCNC4)cc3)nc12,A2058,1
CS(=O)(=O)CCNCc1ccc(-c2ccc3ncnc(Nc4ccc(OCc5cccc(F)c5)c(Cl)c4)c3c2)o1,NC(=O)c1cccc2cn(-c3ccc(C4CCCNC4)cc3)nc12,A2780,1
CS(=O)(=O)CCNCc1ccc(-c2ccc3ncnc(Nc4ccc(OCc5cccc(F)c5)c(Cl)c4)c3c2)o1,NC(=O)c1cccc2cn(-c3ccc(C4CCCNC4)cc3)nc12,A375,1
CS(=O)(=O)CCNCc1ccc(-c2ccc3ncnc(Nc4ccc(OCc5cccc(F)c5)c(Cl)c4)c3c2)o1,NC(=O)c1cccc2cn(-c3ccc(C4CCCNC4)cc3)nc12,A427,0
CS(=O)(=O)CCNCc1ccc(-c2ccc3ncnc(Nc4ccc(OCc5cccc(F)c5)c(Cl)c4)c3c2)o1,NC(=O)c1cccc2cn(-c3ccc(C4CCCNC4)cc3)nc12,CAOV3,1
CS(=O)(=O)CCNCc1ccc(-c2ccc3ncnc(Nc4ccc(OCc5cccc(F)c5)c(Cl)c4)c3c2)o1,NC(=O)c1cccc2cn(-c3ccc(C4CCCNC4)cc3)nc12,ES2,1
CS(=O)(=O)CCNCc1ccc(-c2ccc3ncnc(Nc4ccc(OCc5cccc(F)c5)c(Cl)c4)c3c2)o1,NC(=O)c1cccc2cn(-c3ccc(C4CCCNC4)cc3)nc12,HCT116,1
CS(=O)(=O)CCNCc1ccc(-c2ccc3ncnc(Nc4ccc(OCc5cccc(F)c5)c(Cl)c4)c3c2)o1,NC(=O)c1cccc2cn(-c3ccc(C4CCCNC4)cc3)nc12,HT144,1
CS(=O)(=O)CCNCc1ccc(-c2ccc3ncnc(Nc4ccc(OCc5cccc(F)c5)c(Cl)c4)c3c2)o1,NC(=O)c1cccc2cn(-c3ccc(C4CCCNC4)cc3)nc12,HT29,1
CS(=O)(=O)CCNCc1ccc(-c2ccc3ncnc(Nc4ccc(OCc5cccc(F)c5)c(Cl)c4)c3c2)o1,NC(=O)c1cccc2cn(-c3ccc(C4CCCNC4)cc3)nc12,KPL1,1
CS(=O)(=O)CCNCc1ccc(-c2ccc3ncnc(Nc4ccc(OCc5cccc(F)c5)c(Cl)c4)c3c2)o1,NC(=O)c1cccc2cn(-c3ccc(C4CCCNC4)cc3)nc12,LNCAP,0
CS(=O)(=O)CCNCc1ccc(-c2ccc3ncnc(Nc4ccc(OCc5cccc(F)c5)c(Cl)c4)c3c2)o1,NC(=O)c1cccc2cn(-c3ccc(C4CCCNC4)cc3)nc12,LOVO,1
CS(=O)(=O)CCNCc1ccc(-c2ccc3ncnc(Nc4ccc(OCc5cccc(F)c5)c(Cl)c4)c3c2)o1,NC(=O)c1cccc2cn(-c3ccc(C4CCCNC4)cc3)nc12,MDAMB436,1
CS(=O)(=O)CCNCc1ccc(-c2ccc3ncnc(Nc4ccc(OCc5cccc(F)c5)c(Cl)c4)c3c2)o1,NC(=O)c1cccc2cn(-c3ccc(C4CCCNC4)cc3)nc12,MSTO,1
CS(=O)(=O)CCNCc1ccc(-c2ccc3ncnc(Nc4ccc(OCc5cccc(F)c5)c(Cl)c4)c3c2)o1,NC(=O)c1cccc2cn(-c3ccc(C4CCCNC4)cc3)nc12,NCIH2122,1
CS(=O)(=O)CCNCc1ccc(-c2ccc3ncnc(Nc4ccc(OCc5cccc(F)c5)c(Cl)c4)c3c2)o1,NC(=O)c1cccc2cn(-c3ccc(C4CCCNC4)cc3)nc12,NCIH23,0
CS(=O)(=O)CCNCc1ccc(-c2ccc3ncnc(Nc4ccc(OCc5cccc(F)c5)c(Cl)c4)c3c2)o1,NC(=O)c1cccc2cn(-c3ccc(C4CCCNC4)cc3)nc12,OV90,0
CS(=O)(=O)CCNCc1ccc(-c2ccc3ncnc(Nc4ccc(OCc5cccc(F)c5)c(Cl)c4)c3c2)o1,NC(=O)c1cccc2cn(-c3ccc(C4CCCNC4)cc3)nc12,RKO,1
CS(=O)(=O)CCNCc1ccc(-c2ccc3ncnc(Nc4ccc(OCc5cccc(F)c5)c(Cl)c4)c3c2)o1,NC(=O)c1cccc2cn(-c3ccc(C4CCCNC4)cc3)nc12,RPMI7951,1
CS(=O)(=O)CCNCc1ccc(-c2ccc3ncnc(Nc4ccc(OCc5cccc(F)c5)c(Cl)c4)c3c2)o1,NC(=O)c1cccc2cn(-c3ccc(C4CCCNC4)cc3)nc12,SKMEL30,1
CS(=O)(=O)CCNCc1ccc(-c2ccc3ncnc(Nc4ccc(OCc5cccc(F)c5)c(Cl)c4)c3c2)o1,NC(=O)c1cccc2cn(-c3ccc(C4CCCNC4)cc3)nc12,SKMES1,1
CS(=O)(=O)CCNCc1ccc(-c2ccc3ncnc(Nc4ccc(OCc5cccc(F)c5)c(Cl)c4)c3c2)o1,NC(=O)c1cccc2cn(-c3ccc(C4CCCNC4)cc3)nc12,SW620,1
CS(=O)(=O)CCNCc1ccc(-c2ccc3ncnc(Nc4ccc(OCc5cccc(F)c5)c(Cl)c4)c3c2)o1,NC(=O)c1cccc2cn(-c3ccc(C4CCCNC4)cc3)nc12,SW837,1
CS(=O)(=O)CCNCc1ccc(-c2ccc3ncnc(Nc4ccc(OCc5cccc(F)c5)c(Cl)c4)c3c2)o1,NC(=O)c1cccc2cn(-c3ccc(C4CCCNC4)cc3)nc12,T47D,0
CS(=O)(=O)CCNCc1ccc(-c2ccc3ncnc(Nc4ccc(OCc5cccc(F)c5)c(Cl)c4)c3c2)o1,NC(=O)c1cccc2cn(-c3ccc(C4CCCNC4)cc3)nc12,VCAP,1
CS(=O)(=O)CCNCc1ccc(-c2ccc3ncnc(Nc4ccc(OCc5cccc(F)c5)c(Cl)c4)c3c2)o1,NC(=O)c1cccc2cn(-c3ccc(C4CCCNC4)cc3)nc12,ZR751,1
CN(C)C(=N)N=C(N)N,NC(=O)c1cccc2cn(-c3ccc(C4CCCNC4)cc3)nc12,A2058,1
CN(C)C(=N)N=C(N)N,NC(=O)c1cccc2cn(-c3ccc(C4CCCNC4)cc3)nc12,A427,0
CN(C)C(=N)N=C(N)N,NC(=O)c1cccc2cn(-c3ccc(C4CCCNC4)cc3)nc12,CAOV3,0
CN(C)C(=N)N=C(N)N,NC(=O)c1cccc2cn(-c3ccc(C4CCCNC4)cc3)nc12,ES2,0
CN(C)C(=N)N=C(N)N,NC(=O)c1cccc2cn(-c3ccc(C4CCCNC4)cc3)nc12,LNCAP,0
CN(C)C(=N)N=C(N)N,NC(=O)c1cccc2cn(-c3ccc(C4CCCNC4)cc3)nc12,LOVO,0
CN(C)C(=N)N=C(N)N,NC(=O)c1cccc2cn(-c3ccc(C4CCCNC4)cc3)nc12,MSTO,0
CN(C)C(=N)N=C(N)N,NC(=O)c1cccc2cn(-c3ccc(C4CCCNC4)cc3)nc12,NCIH23,0
CN(C)C(=N)N=C(N)N,NC(=O)c1cccc2cn(-c3ccc(C4CCCNC4)cc3)nc12,NCIH520,0
CN(C)C(=N)N=C(N)N,NC(=O)c1cccc2cn(-c3ccc(C4CCCNC4)cc3)nc12,OV90,0
CN(C)C(=N)N=C(N)N,NC(=O)c1cccc2cn(-c3ccc(C4CCCNC4)cc3)nc12,SW837,0
CN(C)C(=N)N=C(N)N,NC(=O)c1cccc2cn(-c3ccc(C4CCCNC4)cc3)nc12,T47D,1
CN(C)C(=N)N=C(N)N,NC(=O)c1cccc2cn(-c3ccc(C4CCCNC4)cc3)nc12,UACC62,0
CN(C)C(=N)N=C(N)N,NC(=O)c1cccc2cn(-c3ccc(C4CCCNC4)cc3)nc12,VCAP,1
CN(C)C(=N)N=C(N)N,NC(=O)c1cccc2cn(-c3ccc(C4CCCNC4)cc3)nc12,ZR751,0
CN(Cc1cnc2nc(N)nc(N)c2n1)c1ccc(C(=O)NC(CCC(=O)O)C(=O)O)cc1,NC(=O)c1cccc2cn(-c3ccc(C4CCCNC4)cc3)nc12,A2058,0
CN(Cc1cnc2nc(N)nc(N)c2n1)c1ccc(C(=O)NC(CCC(=O)O)C(=O)O)cc1,NC(=O)c1cccc2cn(-c3ccc(C4CCCNC4)cc3)nc12,A2780,0
CN(Cc1cnc2nc(N)nc(N)c2n1)c1ccc(C(=O)NC(CCC(=O)O)C(=O)O)cc1,NC(=O)c1cccc2cn(-c3ccc(C4CCCNC4)cc3)nc12,A375,0
CN(Cc1cnc2nc(N)nc(N)c2n1)c1ccc(C(=O)NC(CCC(=O)O)C(=O)O)cc1,NC(=O)c1cccc2cn(-c3ccc(C4CCCNC4)cc3)nc12,A427,1
CN(Cc1cnc2nc(N)nc(N)c2n1)c1ccc(C(=O)NC(CCC(=O)O)C(=O)O)cc1,NC(=O)c1cccc2cn(-c3ccc(C4CCCNC4)cc3)nc12,CAOV3,0
CN(Cc1cnc2nc(N)nc(N)c2n1)c1ccc(C(=O)NC(CCC(=O)O)C(=O)O)cc1,NC(=O)c1cccc2cn(-c3ccc(C4CCCNC4)cc3)nc12,ES2,0
CN(Cc1cnc2nc(N)nc(N)c2n1)c1ccc(C(=O)NC(CCC(=O)O)C(=O)O)cc1,NC(=O)c1cccc2cn(-c3ccc(C4CCCNC4)cc3)nc12,HCT116,0
CN(Cc1cnc2nc(N)nc(N)c2n1)c1ccc(C(=O)NC(CCC(=O)O)C(=O)O)cc1,NC(=O)c1cccc2cn(-c3ccc(C4CCCNC4)cc3)nc12,HT144,0
CN(Cc1cnc2nc(N)nc(N)c2n1)c1ccc(C(=O)NC(CCC(=O)O)C(=O)O)cc1,NC(=O)c1cccc2cn(-c3ccc(C4CCCNC4)cc3)nc12,HT29,0
CN(Cc1cnc2nc(N)nc(N)c2n1)c1ccc(C(=O)NC(CCC(=O)O)C(=O)O)cc1,NC(=O)c1cccc2cn(-c3ccc(C4CCCNC4)cc3)nc12,KPL1,0
CN(Cc1cnc2nc(N)nc(N)c2n1)c1ccc(C(=O)NC(CCC(=O)O)C(=O)O)cc1,NC(=O)c1cccc2cn(-c3ccc(C4CCCNC4)cc3)nc12,LNCAP,0
CN(Cc1cnc2nc(N)nc(N)c2n1)c1ccc(C(=O)NC(CCC(=O)O)C(=O)O)cc1,NC(=O)c1cccc2cn(-c3ccc(C4CCCNC4)cc3)nc12,LOVO,0
CN(Cc1cnc2nc(N)nc(N)c2n1)c1ccc(C(=O)NC(CCC(=O)O)C(=O)O)cc1,NC(=O)c1cccc2cn(-c3ccc(C4CCCNC4)cc3)nc12,MDAMB436,0
CN(Cc1cnc2nc(N)nc(N)c2n1)c1ccc(C(=O)NC(CCC(=O)O)C(=O)O)cc1,NC(=O)c1cccc2cn(-c3ccc(C4CCCNC4)cc3)nc12,MSTO,0
CN(Cc1cnc2nc(N)nc(N)c2n1)c1ccc(C(=O)NC(CCC(=O)O)C(=O)O)cc1,NC(=O)c1cccc2cn(-c3ccc(C4CCCNC4)cc3)nc12,NCIH1650,0
CN(Cc1cnc2nc(N)nc(N)c2n1)c1ccc(C(=O)NC(CCC(=O)O)C(=O)O)cc1,NC(=O)c1cccc2cn(-c3ccc(C4CCCNC4)cc3)nc12,NCIH23,0
CN(Cc1cnc2nc(N)nc(N)c2n1)c1ccc(C(=O)NC(CCC(=O)O)C(=O)O)cc1,NC(=O)c1cccc2cn(-c3ccc(C4CCCNC4)cc3)nc12,NCIH460,0
CN(Cc1cnc2nc(N)nc(N)c2n1)c1ccc(C(=O)NC(CCC(=O)O)C(=O)O)cc1,NC(=O)c1cccc2cn(-c3ccc(C4CCCNC4)cc3)nc12,NCIH520,0
CN(Cc1cnc2nc(N)nc(N)c2n1)c1ccc(C(=O)NC(CCC(=O)O)C(=O)O)cc1,NC(=O)c1cccc2cn(-c3ccc(C4CCCNC4)cc3)nc12,OV90,0
CN(Cc1cnc2nc(N)nc(N)c2n1)c1ccc(C(=O)NC(CCC(=O)O)C(=O)O)cc1,NC(=O)c1cccc2cn(-c3ccc(C4CCCNC4)cc3)nc12,RKO,0
CN(Cc1cnc2nc(N)nc(N)c2n1)c1ccc(C(=O)NC(CCC(=O)O)C(=O)O)cc1,NC(=O)c1cccc2cn(-c3ccc(C4CCCNC4)cc3)nc12,SKMEL30,0
CN(Cc1cnc2nc(N)nc(N)c2n1)c1ccc(C(=O)NC(CCC(=O)O)C(=O)O)cc1,NC(=O)c1cccc2cn(-c3ccc(C4CCCNC4)cc3)nc12,SKMES1,0
CN(Cc1cnc2nc(N)nc(N)c2n1)c1ccc(C(=O)NC(CCC(=O)O)C(=O)O)cc1,NC(=O)c1cccc2cn(-c3ccc(C4CCCNC4)cc3)nc12,SW620,0
CN(Cc1cnc2nc(N)nc(N)c2n1)c1ccc(C(=O)NC(CCC(=O)O)C(=O)O)cc1,NC(=O)c1cccc2cn(-c3ccc(C4CCCNC4)cc3)nc12,SW837,0
CN(Cc1cnc2nc(N)nc(N)c2n1)c1ccc(C(=O)NC(CCC(=O)O)C(=O)O)cc1,NC(=O)c1cccc2cn(-c3ccc(C4CCCNC4)cc3)nc12,T47D,0
CN(Cc1cnc2nc(N)nc(N)c2n1)c1ccc(C(=O)NC(CCC(=O)O)C(=O)O)cc1,NC(=O)c1cccc2cn(-c3ccc(C4CCCNC4)cc3)nc12,UACC62,0
CN(Cc1cnc2nc(N)nc(N)c2n1)c1ccc(C(=O)NC(CCC(=O)O)C(=O)O)cc1,NC(=O)c1cccc2cn(-c3ccc(C4CCCNC4)cc3)nc12,VCAP,0
CN(Cc1cnc2nc(N)nc(N)c2n1)c1ccc(C(=O)NC(CCC(=O)O)C(=O)O)cc1,NC(=O)c1cccc2cn(-c3ccc(C4CCCNC4)cc3)nc12,ZR751,0
COC12C(COC(N)=O)C3=C(C(=O)C(C)=C(N)C3=O)N1CC1NC12,NC(=O)c1cccc2cn(-c3ccc(C4CCCNC4)cc3)nc12,A375,1
COC12C(COC(N)=O)C3=C(C(=O)C(C)=C(N)C3=O)N1CC1NC12,NC(=O)c1cccc2cn(-c3ccc(C4CCCNC4)cc3)nc12,LNCAP,0
COC12C(COC(N)=O)C3=C(C(=O)C(C)=C(N)C3=O)N1CC1NC12,NC(=O)c1cccc2cn(-c3ccc(C4CCCNC4)cc3)nc12,NCIH1650,0
COC12C(COC(N)=O)C3=C(C(=O)C(C)=C(N)C3=O)N1CC1NC12,NC(=O)c1cccc2cn(-c3ccc(C4CCCNC4)cc3)nc12,NCIH2122,0
COC12C(COC(N)=O)C3=C(C(=O)C(C)=C(N)C3=O)N1CC1NC12,NC(=O)c1cccc2cn(-c3ccc(C4CCCNC4)cc3)nc12,NCIH23,0
COC12C(COC(N)=O)C3=C(C(=O)C(C)=C(N)C3=O)N1CC1NC12,NC(=O)c1cccc2cn(-c3ccc(C4CCCNC4)cc3)nc12,SKOV3,0
COC12C(COC(N)=O)C3=C(C(=O)C(C)=C(N)C3=O)N1CC1NC12,NC(=O)c1cccc2cn(-c3ccc(C4CCCNC4)cc3)nc12,UACC62,1
COC12C(COC(N)=O)C3=C(C(=O)C(C)=C(N)C3=O)N1CC1NC12,NC(=O)c1cccc2cn(-c3ccc(C4CCCNC4)cc3)nc12,VCAP,1
COC12C(COC(N)=O)C3=C(C(=O)C(C)=C(N)C3=O)N1CC1NC12,NC(=O)c1cccc2cn(-c3ccc(C4CCCNC4)cc3)nc12,ZR751,0
CN1C(=O)C=CC2(C)C3CCC4(C)C(NC(=O)OCC(F)(F)F)CCC4C3CCC12,NC(=O)c1cccc2cn(-c3ccc(C4CCCNC4)cc3)nc12,A2780,1
CN1C(=O)C=CC2(C)C3CCC4(C)C(NC(=O)OCC(F)(F)F)CCC4C3CCC12,NC(=O)c1cccc2cn(-c3ccc(C4CCCNC4)cc3)nc12,A375,0
CN1C(=O)C=CC2(C)C3CCC4(C)C(NC(=O)OCC(F)(F)F)CCC4C3CCC12,NC(=O)c1cccc2cn(-c3ccc(C4CCCNC4)cc3)nc12,A427,0
CN1C(=O)C=CC2(C)C3CCC4(C)C(NC(=O)OCC(F)(F)F)CCC4C3CCC12,NC(=O)c1cccc2cn(-c3ccc(C4CCCNC4)cc3)nc12,CAOV3,1
CN1C(=O)C=CC2(C)C3CCC4(C)C(NC(=O)OCC(F)(F)F)CCC4C3CCC12,NC(=O)c1cccc2cn(-c3ccc(C4CCCNC4)cc3)nc12,ES2,0
CN1C(=O)C=CC2(C)C3CCC4(C)C(NC(=O)OCC(F)(F)F)CCC4C3CCC12,NC(=O)c1cccc2cn(-c3ccc(C4CCCNC4)cc3)nc12,HT144,0
CN1C(=O)C=CC2(C)C3CCC4(C)C(NC(=O)OCC(F)(F)F)CCC4C3CCC12,NC(=O)c1cccc2cn(-c3ccc(C4CCCNC4)cc3)nc12,HT29,1
CN1C(=O)C=CC2(C)C3CCC4(C)C(NC(=O)OCC(F)(F)F)CCC4C3CCC12,NC(=O)c1cccc2cn(-c3ccc(C4CCCNC4)cc3)nc12,LNCAP,1
CN1C(=O)C=CC2(C)C3CCC4(C)C(NC(=O)OCC(F)(F)F)CCC4C3CCC12,NC(=O)c1cccc2cn(-c3ccc(C4CCCNC4)cc3)nc12,MDAMB436,1
CN1C(=O)C=CC2(C)C3CCC4(C)C(NC(=O)OCC(F)(F)F)CCC4C3CCC12,NC(=O)c1cccc2cn(-c3ccc(C4CCCNC4)cc3)nc12,NCIH2122,1
CN1C(=O)C=CC2(C)C3CCC4(C)C(NC(=O)OCC(F)(F)F)CCC4C3CCC12,NC(=O)c1cccc2cn(-c3ccc(C4CCCNC4)cc3)nc12,NCIH23,0
CN1C(=O)C=CC2(C)C3CCC4(C)C(NC(=O)OCC(F)(F)F)CCC4C3CCC12,NC(=O)c1cccc2cn(-c3ccc(C4CCCNC4)cc3)nc12,NCIH460,0
CN1C(=O)C=CC2(C)C3CCC4(C)C(NC(=O)OCC(F)(F)F)CCC4C3CCC12,NC(=O)c1cccc2cn(-c3ccc(C4CCCNC4)cc3)nc12,OV90,0
CN1C(=O)C=CC2(C)C3CCC4(C)C(NC(=O)OCC(F)(F)F)CCC4C3CCC12,NC(=O)c1cccc2cn(-c3ccc(C4CCCNC4)cc3)nc12,RPMI7951,0
CN1C(=O)C=CC2(C)C3CCC4(C)C(NC(=O)OCC(F)(F)F)CCC4C3CCC12,NC(=O)c1cccc2cn(-c3ccc(C4CCCNC4)cc3)nc12,SKMES1,0
CN1C(=O)C=CC2(C)C3CCC4(C)C(NC(=O)OCC(F)(F)F)CCC4C3CCC12,NC(=O)c1cccc2cn(-c3ccc(C4CCCNC4)cc3)nc12,SW837,0
CN1C(=O)C=CC2(C)C3CCC4(C)C(NC(=O)OCC(F)(F)F)CCC4C3CCC12,NC(=O)c1cccc2cn(-c3ccc(C4CCCNC4)cc3)nc12,UACC62,0
CN1C(=O)C=CC2(C)C3CCC4(C)C(NC(=O)OCC(F)(F)F)CCC4C3CCC12,NC(=O)c1cccc2cn(-c3ccc(C4CCCNC4)cc3)nc12,VCAP,1
CN1C(=O)C=CC2(C)C3CCC4(C)C(NC(=O)OCC(F)(F)F)CCC4C3CCC12,NC(=O)c1cccc2cn(-c3ccc(C4CCCNC4)cc3)nc12,ZR751,1
NC(=O)c1cccc2cn(-c3ccc(C4CCCNC4)cc3)nc12,CC1(c2nc3c(C(N)=O)cccc3[nH]2)CCCN1,A2058,0
NC(=O)c1cccc2cn(-c3ccc(C4CCCNC4)cc3)nc12,CC1(c2nc3c(C(N)=O)cccc3[nH]2)CCCN1,A2780,0
NC(=O)c1cccc2cn(-c3ccc(C4CCCNC4)cc3)nc12,CC1(c2nc3c(C(N)=O)cccc3[nH]2)CCCN1,A375,0
NC(=O)c1cccc2cn(-c3ccc(C4CCCNC4)cc3)nc12,CC1(c2nc3c(C(N)=O)cccc3[nH]2)CCCN1,A427,0
NC(=O)c1cccc2cn(-c3ccc(C4CCCNC4)cc3)nc12,CC1(c2nc3c(C(N)=O)cccc3[nH]2)CCCN1,CAOV3,0
NC(=O)c1cccc2cn(-c3ccc(C4CCCNC4)cc3)nc12,CC1(c2nc3c(C(N)=O)cccc3[nH]2)CCCN1,ES2,0
NC(=O)c1cccc2cn(-c3ccc(C4CCCNC4)cc3)nc12,CC1(c2nc3c(C(N)=O)cccc3[nH]2)CCCN1,HCT116,0
NC(=O)c1cccc2cn(-c3ccc(C4CCCNC4)cc3)nc12,CC1(c2nc3c(C(N)=O)cccc3[nH]2)CCCN1,HT144,0
NC(=O)c1cccc2cn(-c3ccc(C4CCCNC4)cc3)nc12,CC1(c2nc3c(C(N)=O)cccc3[nH]2)CCCN1,KPL1,0
NC(=O)c1cccc2cn(-c3ccc(C4CCCNC4)cc3)nc12,CC1(c2nc3c(C(N)=O)cccc3[nH]2)CCCN1,LNCAP,0
NC(=O)c1cccc2cn(-c3ccc(C4CCCNC4)cc3)nc12,CC1(c2nc3c(C(N)=O)cccc3[nH]2)CCCN1,LOVO,0
NC(=O)c1cccc2cn(-c3ccc(C4CCCNC4)cc3)nc12,CC1(c2nc3c(C(N)=O)cccc3[nH]2)CCCN1,MDAMB436,0
NC(=O)c1cccc2cn(-c3ccc(C4CCCNC4)cc3)nc12,CC1(c2nc3c(C(N)=O)cccc3[nH]2)CCCN1,MSTO,0
NC(=O)c1cccc2cn(-c3ccc(C4CCCNC4)cc3)nc12,CC1(c2nc3c(C(N)=O)cccc3[nH]2)CCCN1,NCIH1650,0
NC(=O)c1cccc2cn(-c3ccc(C4CCCNC4)cc3)nc12,CC1(c2nc3c(C(N)=O)cccc3[nH]2)CCCN1,NCIH2122,0
NC(=O)c1cccc2cn(-c3ccc(C4CCCNC4)cc3)nc12,CC1(c2nc3c(C(N)=O)cccc3[nH]2)CCCN1,NCIH23,0
NC(=O)c1cccc2cn(-c3ccc(C4CCCNC4)cc3)nc12,CC1(c2nc3c(C(N)=O)cccc3[nH]2)CCCN1,NCIH460,0
NC(=O)c1cccc2cn(-c3ccc(C4CCCNC4)cc3)nc12,CC1(c2nc3c(C(N)=O)cccc3[nH]2)CCCN1,NCIH520,0
NC(=O)c1cccc2cn(-c3ccc(C4CCCNC4)cc3)nc12,CC1(c2nc3c(C(N)=O)cccc3[nH]2)CCCN1,RKO,0
NC(=O)c1cccc2cn(-c3ccc(C4CCCNC4)cc3)nc12,CC1(c2nc3c(C(N)=O)cccc3[nH]2)CCCN1,RPMI7951,0
NC(=O)c1cccc2cn(-c3ccc(C4CCCNC4)cc3)nc12,CC1(c2nc3c(C(N)=O)cccc3[nH]2)CCCN1,SKMEL30,0
NC(=O)c1cccc2cn(-c3ccc(C4CCCNC4)cc3)nc12,CC1(c2nc3c(C(N)=O)cccc3[nH]2)CCCN1,SKMES1,0
NC(=O)c1cccc2cn(-c3ccc(C4CCCNC4)cc3)nc12,CC1(c2nc3c(C(N)=O)cccc3[nH]2)CCCN1,SW620,0
NC(=O)c1cccc2cn(-c3ccc(C4CCCNC4)cc3)nc12,CC1(c2nc3c(C(N)=O)cccc3[nH]2)CCCN1,SW837,0
NC(=O)c1cccc2cn(-c3ccc(C4CCCNC4)cc3)nc12,CC1(c2nc3c(C(N)=O)cccc3[nH]2)CCCN1,T47D,0
NC(=O)c1cccc2cn(-c3ccc(C4CCCNC4)cc3)nc12,CC1(c2nc3c(C(N)=O)cccc3[nH]2)CCCN1,UACC62,0
NC(=O)c1cccc2cn(-c3ccc(C4CCCNC4)cc3)nc12,CC1(c2nc3c(C(N)=O)cccc3[nH]2)CCCN1,VCAP,0
NC(=O)c1cccc2cn(-c3ccc(C4CCCNC4)cc3)nc12,CC1(c2nc3c(C(N)=O)cccc3[nH]2)CCCN1,ZR751,0
NC(=O)c1cccc2cn(-c3ccc(C4CCCNC4)cc3)nc12,Cn1c(=O)n(-c2ccc(C(C)(C)C#N)cc2)c2c3cc(-c4cnc5ccccc5c4)ccc3ncc21,A2780,1
NC(=O)c1cccc2cn(-c3ccc(C4CCCNC4)cc3)nc12,Cn1c(=O)n(-c2ccc(C(C)(C)C#N)cc2)c2c3cc(-c4cnc5ccccc5c4)ccc3ncc21,A375,1
NC(=O)c1cccc2cn(-c3ccc(C4CCCNC4)cc3)nc12,Cn1c(=O)n(-c2ccc(C(C)(C)C#N)cc2)c2c3cc(-c4cnc5ccccc5c4)ccc3ncc21,A427,1
NC(=O)c1cccc2cn(-c3ccc(C4CCCNC4)cc3)nc12,Cn1c(=O)n(-c2ccc(C(C)(C)C#N)cc2)c2c3cc(-c4cnc5ccccc5c4)ccc3ncc21,CAOV3,0
NC(=O)c1cccc2cn(-c3ccc(C4CCCNC4)cc3)nc12,Cn1c(=O)n(-c2ccc(C(C)(C)C#N)cc2)c2c3cc(-c4cnc5ccccc5c4)ccc3ncc21,HCT116,1
NC(=O)c1cccc2cn(-c3ccc(C4CCCNC4)cc3)nc12,Cn1c(=O)n(-c2ccc(C(C)(C)C#N)cc2)c2c3cc(-c4cnc5ccccc5c4)ccc3ncc21,HT144,1
NC(=O)c1cccc2cn(-c3ccc(C4CCCNC4)cc3)nc12,Cn1c(=O)n(-c2ccc(C(C)(C)C#N)cc2)c2c3cc(-c4cnc5ccccc5c4)ccc3ncc21,HT29,1
NC(=O)c1cccc2cn(-c3ccc(C4CCCNC4)cc3)nc12,Cn1c(=O)n(-c2ccc(C(C)(C)C#N)cc2)c2c3cc(-c4cnc5ccccc5c4)ccc3ncc21,KPL1,1
NC(=O)c1cccc2cn(-c3ccc(C4CCCNC4)cc3)nc12,Cn1c(=O)n(-c2ccc(C(C)(C)C#N)cc2)c2c3cc(-c4cnc5ccccc5c4)ccc3ncc21,LNCAP,1
NC(=O)c1cccc2cn(-c3ccc(C4CCCNC4)cc3)nc12,Cn1c(=O)n(-c2ccc(C(C)(C)C#N)cc2)c2c3cc(-c4cnc5ccccc5c4)ccc3ncc21,LOVO,1
NC(=O)c1cccc2cn(-c3ccc(C4CCCNC4)cc3)nc12,Cn1c(=O)n(-c2ccc(C(C)(C)C#N)cc2)c2c3cc(-c4cnc5ccccc5c4)ccc3ncc21,MDAMB436,1
NC(=O)c1cccc2cn(-c3ccc(C4CCCNC4)cc3)nc12,Cn1c(=O)n(-c2ccc(C(C)(C)C#N)cc2)c2c3cc(-c4cnc5ccccc5c4)ccc3ncc21,MSTO,1
NC(=O)c1cccc2cn(-c3ccc(C4CCCNC4)cc3)nc12,Cn1c(=O)n(-c2ccc(C(C)(C)C#N)cc2)c2c3cc(-c4cnc5ccccc5c4)ccc3ncc21,NCIH2122,1
NC(=O)c1cccc2cn(-c3ccc(C4CCCNC4)cc3)nc12,Cn1c(=O)n(-c2ccc(C(C)(C)C#N)cc2)c2c3cc(-c4cnc5ccccc5c4)ccc3ncc21,NCIH23,0
NC(=O)c1cccc2cn(-c3ccc(C4CCCNC4)cc3)nc12,Cn1c(=O)n(-c2ccc(C(C)(C)C#N)cc2)c2c3cc(-c4cnc5ccccc5c4)ccc3ncc21,NCIH460,1
NC(=O)c1cccc2cn(-c3ccc(C4CCCNC4)cc3)nc12,Cn1c(=O)n(-c2ccc(C(C)(C)C#N)cc2)c2c3cc(-c4cnc5ccccc5c4)ccc3ncc21,NCIH520,1
NC(=O)c1cccc2cn(-c3ccc(C4CCCNC4)cc3)nc12,Cn1c(=O)n(-c2ccc(C(C)(C)C#N)cc2)c2c3cc(-c4cnc5ccccc5c4)ccc3ncc21,OV90,1
NC(=O)c1cccc2cn(-c3ccc(C4CCCNC4)cc3)nc12,Cn1c(=O)n(-c2ccc(C(C)(C)C#N)cc2)c2c3cc(-c4cnc5ccccc5c4)ccc3ncc21,RKO,1
NC(=O)c1cccc2cn(-c3ccc(C4CCCNC4)cc3)nc12,Cn1c(=O)n(-c2ccc(C(C)(C)C#N)cc2)c2c3cc(-c4cnc5ccccc5c4)ccc3ncc21,RPMI7951,1
NC(=O)c1cccc2cn(-c3ccc(C4CCCNC4)cc3)nc12,Cn1c(=O)n(-c2ccc(C(C)(C)C#N)cc2)c2c3cc(-c4cnc5ccccc5c4)ccc3ncc21,SKMEL30,1
NC(=O)c1cccc2cn(-c3ccc(C4CCCNC4)cc3)nc12,Cn1c(=O)n(-c2ccc(C(C)(C)C#N)cc2)c2c3cc(-c4cnc5ccccc5c4)ccc3ncc21,SKMES1,1
NC(=O)c1cccc2cn(-c3ccc(C4CCCNC4)cc3)nc12,Cn1c(=O)n(-c2ccc(C(C)(C)C#N)cc2)c2c3cc(-c4cnc5ccccc5c4)ccc3ncc21,SW837,1
NC(=O)c1cccc2cn(-c3ccc(C4CCCNC4)cc3)nc12,Cn1c(=O)n(-c2ccc(C(C)(C)C#N)cc2)c2c3cc(-c4cnc5ccccc5c4)ccc3ncc21,T47D,1
NC(=O)c1cccc2cn(-c3ccc(C4CCCNC4)cc3)nc12,Cn1c(=O)n(-c2ccc(C(C)(C)C#N)cc2)c2c3cc(-c4cnc5ccccc5c4)ccc3ncc21,UACC62,1
NC(=O)c1cccc2cn(-c3ccc(C4CCCNC4)cc3)nc12,Cn1c(=O)n(-c2ccc(C(C)(C)C#N)cc2)c2c3cc(-c4cnc5ccccc5c4)ccc3ncc21,VCAP,1
NC(=O)c1cccc2cn(-c3ccc(C4CCCNC4)cc3)nc12,Cn1c(=O)n(-c2ccc(C(C)(C)C#N)cc2)c2c3cc(-c4cnc5ccccc5c4)ccc3ncc21,ZR751,1
NC(=O)c1cccc2cn(-c3ccc(C4CCCNC4)cc3)nc12,CC(C)CC(NC(=O)C(Cc1ccccc1)NC(=O)c1cnccn1)B(O)O,A2780,0
NC(=O)c1cccc2cn(-c3ccc(C4CCCNC4)cc3)nc12,CC(C)CC(NC(=O)C(Cc1ccccc1)NC(=O)c1cnccn1)B(O)O,A375,0
NC(=O)c1cccc2cn(-c3ccc(C4CCCNC4)cc3)nc12,CC(C)CC(NC(=O)C(Cc1ccccc1)NC(=O)c1cnccn1)B(O)O,A427,0
NC(=O)c1cccc2cn(-c3ccc(C4CCCNC4)cc3)nc12,CC(C)CC(NC(=O)C(Cc1ccccc1)NC(=O)c1cnccn1)B(O)O,CAOV3,0
NC(=O)c1cccc2cn(-c3ccc(C4CCCNC4)cc3)nc12,CC(C)CC(NC(=O)C(Cc1ccccc1)NC(=O)c1cnccn1)B(O)O,ES2,0
NC(=O)c1cccc2cn(-c3ccc(C4CCCNC4)cc3)nc12,CC(C)CC(NC(=O)C(Cc1ccccc1)NC(=O)c1cnccn1)B(O)O,HT144,0
NC(=O)c1cccc2cn(-c3ccc(C4CCCNC4)cc3)nc12,CC(C)CC(NC(=O)C(Cc1ccccc1)NC(=O)c1cnccn1)B(O)O,HT29,0
NC(=O)c1cccc2cn(-c3ccc(C4CCCNC4)cc3)nc12,CC(C)CC(NC(=O)C(Cc1ccccc1)NC(=O)c1cnccn1)B(O)O,LNCAP,0
NC(=O)c1cccc2cn(-c3ccc(C4CCCNC4)cc3)nc12,CC(C)CC(NC(=O)C(Cc1ccccc1)NC(=O)c1cnccn1)B(O)O,MDAMB436,1
NC(=O)c1cccc2cn(-c3ccc(C4CCCNC4)cc3)nc12,CC(C)CC(NC(=O)C(Cc1ccccc1)NC(=O)c1cnccn1)B(O)O,MSTO,1
NC(=O)c1cccc2cn(-c3ccc(C4CCCNC4)cc3)nc12,CC(C)CC(NC(=O)C(Cc1ccccc1)NC(=O)c1cnccn1)B(O)O,NCIH1650,0
NC(=O)c1cccc2cn(-c3ccc(C4CCCNC4)cc3)nc12,CC(C)CC(NC(=O)C(Cc1ccccc1)NC(=O)c1cnccn1)B(O)O,NCIH2122,1
NC(=O)c1cccc2cn(-c3ccc(C4CCCNC4)cc3)nc12,CC(C)CC(NC(=O)C(Cc1ccccc1)NC(=O)c1cnccn1)B(O)O,NCIH23,0
NC(=O)c1cccc2cn(-c3ccc(C4CCCNC4)cc3)nc12,CC(C)CC(NC(=O)C(Cc1ccccc1)NC(=O)c1cnccn1)B(O)O,NCIH460,1
NC(=O)c1cccc2cn(-c3ccc(C4CCCNC4)cc3)nc12,CC(C)CC(NC(=O)C(Cc1ccccc1)NC(=O)c1cnccn1)B(O)O,NCIH520,0
NC(=O)c1cccc2cn(-c3ccc(C4CCCNC4)cc3)nc12,CC(C)CC(NC(=O)C(Cc1ccccc1)NC(=O)c1cnccn1)B(O)O,OV90,0
NC(=O)c1cccc2cn(-c3ccc(C4CCCNC4)cc3)nc12,CC(C)CC(NC(=O)C(Cc1ccccc1)NC(=O)c1cnccn1)B(O)O,RPMI7951,0
NC(=O)c1cccc2cn(-c3ccc(C4CCCNC4)cc3)nc12,CC(C)CC(NC(=O)C(Cc1ccccc1)NC(=O)c1cnccn1)B(O)O,SKMEL30,0
NC(=O)c1cccc2cn(-c3ccc(C4CCCNC4)cc3)nc12,CC(C)CC(NC(=O)C(Cc1ccccc1)NC(=O)c1cnccn1)B(O)O,SKMES1,0
NC(=O)c1cccc2cn(-c3ccc(C4CCCNC4)cc3)nc12,CC(C)CC(NC(=O)C(Cc1ccccc1)NC(=O)c1cnccn1)B(O)O,SW837,0
NC(=O)c1cccc2cn(-c3ccc(C4CCCNC4)cc3)nc12,CC(C)CC(NC(=O)C(Cc1ccccc1)NC(=O)c1cnccn1)B(O)O,T47D,0
NC(=O)c1cccc2cn(-c3ccc(C4CCCNC4)cc3)nc12,CC(C)CC(NC(=O)C(Cc1ccccc1)NC(=O)c1cnccn1)B(O)O,UACC62,0
NC(=O)c1cccc2cn(-c3ccc(C4CCCNC4)cc3)nc12,CC(C)CC(NC(=O)C(Cc1ccccc1)NC(=O)c1cnccn1)B(O)O,VCAP,0
NC(=O)c1cccc2cn(-c3ccc(C4CCCNC4)cc3)nc12,Cc1nc(Nc2ncc(C(=O)Nc3c(C)cccc3Cl)s2)cc(N2CCN(CCO)CC2)n1,A2058,1
NC(=O)c1cccc2cn(-c3ccc(C4CCCNC4)cc3)nc12,Cc1nc(Nc2ncc(C(=O)Nc3c(C)cccc3Cl)s2)cc(N2CCN(CCO)CC2)n1,A2780,1
NC(=O)c1cccc2cn(-c3ccc(C4CCCNC4)cc3)nc12,Cc1nc(Nc2ncc(C(=O)Nc3c(C)cccc3Cl)s2)cc(N2CCN(CCO)CC2)n1,A375,1
NC(=O)c1cccc2cn(-c3ccc(C4CCCNC4)cc3)nc12,Cc1nc(Nc2ncc(C(=O)Nc3c(C)cccc3Cl)s2)cc(N2CCN(CCO)CC2)n1,A427,1
NC(=O)c1cccc2cn(-c3ccc(C4CCCNC4)cc3)nc12,Cc1nc(Nc2ncc(C(=O)Nc3c(C)cccc3Cl)s2)cc(N2CCN(CCO)CC2)n1,ES2,0
NC(=O)c1cccc2cn(-c3ccc(C4CCCNC4)cc3)nc12,Cc1nc(Nc2ncc(C(=O)Nc3c(C)cccc3Cl)s2)cc(N2CCN(CCO)CC2)n1,HCT116,0
NC(=O)c1cccc2cn(-c3ccc(C4CCCNC4)cc3)nc12,Cc1nc(Nc2ncc(C(=O)Nc3c(C)cccc3Cl)s2)cc(N2CCN(CCO)CC2)n1,HT144,0
NC(=O)c1cccc2cn(-c3ccc(C4CCCNC4)cc3)nc12,Cc1nc(Nc2ncc(C(=O)Nc3c(C)cccc3Cl)s2)cc(N2CCN(CCO)CC2)n1,HT29,1
NC(=O)c1cccc2cn(-c3ccc(C4CCCNC4)cc3)nc12,Cc1nc(Nc2ncc(C(=O)Nc3c(C)cccc3Cl)s2)cc(N2CCN(CCO)CC2)n1,KPL1,1
NC(=O)c1cccc2cn(-c3ccc(C4CCCNC4)cc3)nc12,Cc1nc(Nc2ncc(C(=O)Nc3c(C)cccc3Cl)s2)cc(N2CCN(CCO)CC2)n1,LNCAP,1
NC(=O)c1cccc2cn(-c3ccc(C4CCCNC4)cc3)nc12,Cc1nc(Nc2ncc(C(=O)Nc3c(C)cccc3Cl)s2)cc(N2CCN(CCO)CC2)n1,LOVO,1
NC(=O)c1cccc2cn(-c3ccc(C4CCCNC4)cc3)nc12,Cc1nc(Nc2ncc(C(=O)Nc3c(C)cccc3Cl)s2)cc(N2CCN(CCO)CC2)n1,MDAMB436,1
NC(=O)c1cccc2cn(-c3ccc(C4CCCNC4)cc3)nc12,Cc1nc(Nc2ncc(C(=O)Nc3c(C)cccc3Cl)s2)cc(N2CCN(CCO)CC2)n1,MSTO,1
NC(=O)c1cccc2cn(-c3ccc(C4CCCNC4)cc3)nc12,Cc1nc(Nc2ncc(C(=O)Nc3c(C)cccc3Cl)s2)cc(N2CCN(CCO)CC2)n1,NCIH1650,1
NC(=O)c1cccc2cn(-c3ccc(C4CCCNC4)cc3)nc12,Cc1nc(Nc2ncc(C(=O)Nc3c(C)cccc3Cl)s2)cc(N2CCN(CCO)CC2)n1,NCIH2122,0
NC(=O)c1cccc2cn(-c3ccc(C4CCCNC4)cc3)nc12,Cc1nc(Nc2ncc(C(=O)Nc3c(C)cccc3Cl)s2)cc(N2CCN(CCO)CC2)n1,NCIH23,1
NC(=O)c1cccc2cn(-c3ccc(C4CCCNC4)cc3)nc12,Cc1nc(Nc2ncc(C(=O)Nc3c(C)cccc3Cl)s2)cc(N2CCN(CCO)CC2)n1,NCIH460,1
NC(=O)c1cccc2cn(-c3ccc(C4CCCNC4)cc3)nc12,Cc1nc(Nc2ncc(C(=O)Nc3c(C)cccc3Cl)s2)cc(N2CCN(CCO)CC2)n1,NCIH520,1
NC(=O)c1cccc2cn(-c3ccc(C4CCCNC4)cc3)nc12,Cc1nc(Nc2ncc(C(=O)Nc3c(C)cccc3Cl)s2)cc(N2CCN(CCO)CC2)n1,OV90,0
NC(=O)c1cccc2cn(-c3ccc(C4CCCNC4)cc3)nc12,Cc1nc(Nc2ncc(C(=O)Nc3c(C)cccc3Cl)s2)cc(N2CCN(CCO)CC2)n1,RKO,1
NC(=O)c1cccc2cn(-c3ccc(C4CCCNC4)cc3)nc12,Cc1nc(Nc2ncc(C(=O)Nc3c(C)cccc3Cl)s2)cc(N2CCN(CCO)CC2)n1,RPMI7951,1
NC(=O)c1cccc2cn(-c3ccc(C4CCCNC4)cc3)nc12,Cc1nc(Nc2ncc(C(=O)Nc3c(C)cccc3Cl)s2)cc(N2CCN(CCO)CC2)n1,SKMEL30,0
NC(=O)c1cccc2cn(-c3ccc(C4CCCNC4)cc3)nc12,Cc1nc(Nc2ncc(C(=O)Nc3c(C)cccc3Cl)s2)cc(N2CCN(CCO)CC2)n1,SKOV3,0
NC(=O)c1cccc2cn(-c3ccc(C4CCCNC4)cc3)nc12,Cc1nc(Nc2ncc(C(=O)Nc3c(C)cccc3Cl)s2)cc(N2CCN(CCO)CC2)n1,SW620,1
NC(=O)c1cccc2cn(-c3ccc(C4CCCNC4)cc3)nc12,Cc1nc(Nc2ncc(C(=O)Nc3c(C)cccc3Cl)s2)cc(N2CCN(CCO)CC2)n1,SW837,1
NC(=O)c1cccc2cn(-c3ccc(C4CCCNC4)cc3)nc12,Cc1nc(Nc2ncc(C(=O)Nc3c(C)cccc3Cl)s2)cc(N2CCN(CCO)CC2)n1,T47D,0
NC(=O)c1cccc2cn(-c3ccc(C4CCCNC4)cc3)nc12,Cc1nc(Nc2ncc(C(=O)Nc3c(C)cccc3Cl)s2)cc(N2CCN(CCO)CC2)n1,VCAP,1
NC(=O)c1cccc2cn(-c3ccc(C4CCCNC4)cc3)nc12,Cc1nc(Nc2ncc(C(=O)Nc3c(C)cccc3Cl)s2)cc(N2CCN(CCO)CC2)n1,ZR751,1
NC(=O)c1cccc2cn(-c3ccc(C4CCCNC4)cc3)nc12,CCc1cnn2c(NCc3ccc[n+]([O-])c3)cc(N3CCCCC3CCO)nc12,A2058,0
NC(=O)c1cccc2cn(-c3ccc(C4CCCNC4)cc3)nc12,CCc1cnn2c(NCc3ccc[n+]([O-])c3)cc(N3CCCCC3CCO)nc12,A375,0
NC(=O)c1cccc2cn(-c3ccc(C4CCCNC4)cc3)nc12,CCc1cnn2c(NCc3ccc[n+]([O-])c3)cc(N3CCCCC3CCO)nc12,A427,0
NC(=O)c1cccc2cn(-c3ccc(C4CCCNC4)cc3)nc12,CCc1cnn2c(NCc3ccc[n+]([O-])c3)cc(N3CCCCC3CCO)nc12,CAOV3,0
NC(=O)c1cccc2cn(-c3ccc(C4CCCNC4)cc3)nc12,CCc1cnn2c(NCc3ccc[n+]([O-])c3)cc(N3CCCCC3CCO)nc12,ES2,0
NC(=O)c1cccc2cn(-c3ccc(C4CCCNC4)cc3)nc12,CCc1cnn2c(NCc3ccc[n+]([O-])c3)cc(N3CCCCC3CCO)nc12,HCT116,0
NC(=O)c1cccc2cn(-c3ccc(C4CCCNC4)cc3)nc12,CCc1cnn2c(NCc3ccc[n+]([O-])c3)cc(N3CCCCC3CCO)nc12,HT144,0
NC(=O)c1cccc2cn(-c3ccc(C4CCCNC4)cc3)nc12,CCc1cnn2c(NCc3ccc[n+]([O-])c3)cc(N3CCCCC3CCO)nc12,HT29,0
NC(=O)c1cccc2cn(-c3ccc(C4CCCNC4)cc3)nc12,CCc1cnn2c(NCc3ccc[n+]([O-])c3)cc(N3CCCCC3CCO)nc12,LNCAP,0
NC(=O)c1cccc2cn(-c3ccc(C4CCCNC4)cc3)nc12,CCc1cnn2c(NCc3ccc[n+]([O-])c3)cc(N3CCCCC3CCO)nc12,LOVO,0
NC(=O)c1cccc2cn(-c3ccc(C4CCCNC4)cc3)nc12,CCc1cnn2c(NCc3ccc[n+]([O-])c3)cc(N3CCCCC3CCO)nc12,MSTO,0
NC(=O)c1cccc2cn(-c3ccc(C4CCCNC4)cc3)nc12,CCc1cnn2c(NCc3ccc[n+]([O-])c3)cc(N3CCCCC3CCO)nc12,NCIH2122,1
NC(=O)c1cccc2cn(-c3ccc(C4CCCNC4)cc3)nc12,CCc1cnn2c(NCc3ccc[n+]([O-])c3)cc(N3CCCCC3CCO)nc12,NCIH23,0
NC(=O)c1cccc2cn(-c3ccc(C4CCCNC4)cc3)nc12,CCc1cnn2c(NCc3ccc[n+]([O-])c3)cc(N3CCCCC3CCO)nc12,NCIH460,1
NC(=O)c1cccc2cn(-c3ccc(C4CCCNC4)cc3)nc12,CCc1cnn2c(NCc3ccc[n+]([O-])c3)cc(N3CCCCC3CCO)nc12,NCIH520,0
NC(=O)c1cccc2cn(-c3ccc(C4CCCNC4)cc3)nc12,CCc1cnn2c(NCc3ccc[n+]([O-])c3)cc(N3CCCCC3CCO)nc12,OV90,0
NC(=O)c1cccc2cn(-c3ccc(C4CCCNC4)cc3)nc12,CCc1cnn2c(NCc3ccc[n+]([O-])c3)cc(N3CCCCC3CCO)nc12,RPMI7951,0
NC(=O)c1cccc2cn(-c3ccc(C4CCCNC4)cc3)nc12,CCc1cnn2c(NCc3ccc[n+]([O-])c3)cc(N3CCCCC3CCO)nc12,SKMEL30,0
NC(=O)c1cccc2cn(-c3ccc(C4CCCNC4)cc3)nc12,CCc1cnn2c(NCc3ccc[n+]([O-])c3)cc(N3CCCCC3CCO)nc12,SW620,0
NC(=O)c1cccc2cn(-c3ccc(C4CCCNC4)cc3)nc12,CCc1cnn2c(NCc3ccc[n+]([O-])c3)cc(N3CCCCC3CCO)nc12,SW837,0
NC(=O)c1cccc2cn(-c3ccc(C4CCCNC4)cc3)nc12,CCc1cnn2c(NCc3ccc[n+]([O-])c3)cc(N3CCCCC3CCO)nc12,T47D,0
NC(=O)c1cccc2cn(-c3ccc(C4CCCNC4)cc3)nc12,CCc1cnn2c(NCc3ccc[n+]([O-])c3)cc(N3CCCCC3CCO)nc12,UACC62,0
NC(=O)c1cccc2cn(-c3ccc(C4CCCNC4)cc3)nc12,C#Cc1cccc(Nc2ncnc3cc(OCCOC)c(OCCOC)cc23)c1,A2058,1
NC(=O)c1cccc2cn(-c3ccc(C4CCCNC4)cc3)nc12,C#Cc1cccc(Nc2ncnc3cc(OCCOC)c(OCCOC)cc23)c1,A375,1
NC(=O)c1cccc2cn(-c3ccc(C4CCCNC4)cc3)nc12,C#Cc1cccc(Nc2ncnc3cc(OCCOC)c(OCCOC)cc23)c1,A427,0
NC(=O)c1cccc2cn(-c3ccc(C4CCCNC4)cc3)nc12,C#Cc1cccc(Nc2ncnc3cc(OCCOC)c(OCCOC)cc23)c1,ES2,0
NC(=O)c1cccc2cn(-c3ccc(C4CCCNC4)cc3)nc12,C#Cc1cccc(Nc2ncnc3cc(OCCOC)c(OCCOC)cc23)c1,HT29,1
NC(=O)c1cccc2cn(-c3ccc(C4CCCNC4)cc3)nc12,C#Cc1cccc(Nc2ncnc3cc(OCCOC)c(OCCOC)cc23)c1,KPL1,1
NC(=O)c1cccc2cn(-c3ccc(C4CCCNC4)cc3)nc12,C#Cc1cccc(Nc2ncnc3cc(OCCOC)c(OCCOC)cc23)c1,LNCAP,0
NC(=O)c1cccc2cn(-c3ccc(C4CCCNC4)cc3)nc12,C#Cc1cccc(Nc2ncnc3cc(OCCOC)c(OCCOC)cc23)c1,LOVO,1
NC(=O)c1cccc2cn(-c3ccc(C4CCCNC4)cc3)nc12,C#Cc1cccc(Nc2ncnc3cc(OCCOC)c(OCCOC)cc23)c1,MDAMB436,1
NC(=O)c1cccc2cn(-c3ccc(C4CCCNC4)cc3)nc12,C#Cc1cccc(Nc2ncnc3cc(OCCOC)c(OCCOC)cc23)c1,MSTO,1
NC(=O)c1cccc2cn(-c3ccc(C4CCCNC4)cc3)nc12,C#Cc1cccc(Nc2ncnc3cc(OCCOC)c(OCCOC)cc23)c1,NCIH2122,1
NC(=O)c1cccc2cn(-c3ccc(C4CCCNC4)cc3)nc12,C#Cc1cccc(Nc2ncnc3cc(OCCOC)c(OCCOC)cc23)c1,NCIH23,0
NC(=O)c1cccc2cn(-c3ccc(C4CCCNC4)cc3)nc12,C#Cc1cccc(Nc2ncnc3cc(OCCOC)c(OCCOC)cc23)c1,OV90,0
NC(=O)c1cccc2cn(-c3ccc(C4CCCNC4)cc3)nc12,C#Cc1cccc(Nc2ncnc3cc(OCCOC)c(OCCOC)cc23)c1,RPMI7951,0
NC(=O)c1cccc2cn(-c3ccc(C4CCCNC4)cc3)nc12,C#Cc1cccc(Nc2ncnc3cc(OCCOC)c(OCCOC)cc23)c1,SKMEL30,0
NC(=O)c1cccc2cn(-c3ccc(C4CCCNC4)cc3)nc12,C#Cc1cccc(Nc2ncnc3cc(OCCOC)c(OCCOC)cc23)c1,SKMES1,1
NC(=O)c1cccc2cn(-c3ccc(C4CCCNC4)cc3)nc12,C#Cc1cccc(Nc2ncnc3cc(OCCOC)c(OCCOC)cc23)c1,SW837,1
NC(=O)c1cccc2cn(-c3ccc(C4CCCNC4)cc3)nc12,C#Cc1cccc(Nc2ncnc3cc(OCCOC)c(OCCOC)cc23)c1,VCAP,1
NC(=O)c1cccc2cn(-c3ccc(C4CCCNC4)cc3)nc12,C#Cc1cccc(Nc2ncnc3cc(OCCOC)c(OCCOC)cc23)c1,ZR751,1
NC(=O)c1cccc2cn(-c3ccc(C4CCCNC4)cc3)nc12,COC1=C2CC(C)CC(OC)C(O)C(C)C=C(C)C(OC(N)=O)C(OC)C=CC=C(C)C(=O)NC(=CC1=O)C2=O,A2058,1
NC(=O)c1cccc2cn(-c3ccc(C4CCCNC4)cc3)nc12,COC1=C2CC(C)CC(OC)C(O)C(C)C=C(C)C(OC(N)=O)C(OC)C=CC=C(C)C(=O)NC(=CC1=O)C2=O,A375,0
NC(=O)c1cccc2cn(-c3ccc(C4CCCNC4)cc3)nc12,COC1=C2CC(C)CC(OC)C(O)C(C)C=C(C)C(OC(N)=O)C(OC)C=CC=C(C)C(=O)NC(=CC1=O)C2=O,CAOV3,0
NC(=O)c1cccc2cn(-c3ccc(C4CCCNC4)cc3)nc12,COC1=C2CC(C)CC(OC)C(O)C(C)C=C(C)C(OC(N)=O)C(OC)C=CC=C(C)C(=O)NC(=CC1=O)C2=O,ES2,0
NC(=O)c1cccc2cn(-c3ccc(C4CCCNC4)cc3)nc12,COC1=C2CC(C)CC(OC)C(O)C(C)C=C(C)C(OC(N)=O)C(OC)C=CC=C(C)C(=O)NC(=CC1=O)C2=O,HT144,0
NC(=O)c1cccc2cn(-c3ccc(C4CCCNC4)cc3)nc12,COC1=C2CC(C)CC(OC)C(O)C(C)C=C(C)C(OC(N)=O)C(OC)C=CC=C(C)C(=O)NC(=CC1=O)C2=O,HT29,0
NC(=O)c1cccc2cn(-c3ccc(C4CCCNC4)cc3)nc12,COC1=C2CC(C)CC(OC)C(O)C(C)C=C(C)C(OC(N)=O)C(OC)C=CC=C(C)C(=O)NC(=CC1=O)C2=O,LNCAP,0
NC(=O)c1cccc2cn(-c3ccc(C4CCCNC4)cc3)nc12,COC1=C2CC(C)CC(OC)C(O)C(C)C=C(C)C(OC(N)=O)C(OC)C=CC=C(C)C(=O)NC(=CC1=O)C2=O,LOVO,0
NC(=O)c1cccc2cn(-c3ccc(C4CCCNC4)cc3)nc12,COC1=C2CC(C)CC(OC)C(O)C(C)C=C(C)C(OC(N)=O)C(OC)C=CC=C(C)C(=O)NC(=CC1=O)C2=O,MDAMB436,1
NC(=O)c1cccc2cn(-c3ccc(C4CCCNC4)cc3)nc12,COC1=C2CC(C)CC(OC)C(O)C(C)C=C(C)C(OC(N)=O)C(OC)C=CC=C(C)C(=O)NC(=CC1=O)C2=O,MSTO,0
NC(=O)c1cccc2cn(-c3ccc(C4CCCNC4)cc3)nc12,COC1=C2CC(C)CC(OC)C(O)C(C)C=C(C)C(OC(N)=O)C(OC)C=CC=C(C)C(=O)NC(=CC1=O)C2=O,NCIH23,0
NC(=O)c1cccc2cn(-c3ccc(C4CCCNC4)cc3)nc12,COC1=C2CC(C)CC(OC)C(O)C(C)C=C(C)C(OC(N)=O)C(OC)C=CC=C(C)C(=O)NC(=CC1=O)C2=O,OV90,0
NC(=O)c1cccc2cn(-c3ccc(C4CCCNC4)cc3)nc12,COC1=C2CC(C)CC(OC)C(O)C(C)C=C(C)C(OC(N)=O)C(OC)C=CC=C(C)C(=O)NC(=CC1=O)C2=O,RKO,0
NC(=O)c1cccc2cn(-c3ccc(C4CCCNC4)cc3)nc12,COC1=C2CC(C)CC(OC)C(O)C(C)C=C(C)C(OC(N)=O)C(OC)C=CC=C(C)C(=O)NC(=CC1=O)C2=O,RPMI7951,0
NC(=O)c1cccc2cn(-c3ccc(C4CCCNC4)cc3)nc12,COC1=C2CC(C)CC(OC)C(O)C(C)C=C(C)C(OC(N)=O)C(OC)C=CC=C(C)C(=O)NC(=CC1=O)C2=O,SKOV3,0
NC(=O)c1cccc2cn(-c3ccc(C4CCCNC4)cc3)nc12,COC1=C2CC(C)CC(OC)C(O)C(C)C=C(C)C(OC(N)=O)C(OC)C=CC=C(C)C(=O)NC(=CC1=O)C2=O,SW837,0
NC(=O)c1cccc2cn(-c3ccc(C4CCCNC4)cc3)nc12,COC1=C2CC(C)CC(OC)C(O)C(C)C=C(C)C(OC(N)=O)C(OC)C=CC=C(C)C(=O)NC(=CC1=O)C2=O,T47D,0
NC(=O)c1cccc2cn(-c3ccc(C4CCCNC4)cc3)nc12,COC1=C2CC(C)CC(OC)C(O)C(C)C=C(C)C(OC(N)=O)C(OC)C=CC=C(C)C(=O)NC(=CC1=O)C2=O,UACC62,0
NC(=O)c1cccc2cn(-c3ccc(C4CCCNC4)cc3)nc12,COC1=C2CC(C)CC(OC)C(O)C(C)C=C(C)C(OC(N)=O)C(OC)C=CC=C(C)C(=O)NC(=CC1=O)C2=O,VCAP,1
NC(=O)c1cccc2cn(-c3ccc(C4CCCNC4)cc3)nc12,COC1=C2CC(C)CC(OC)C(O)C(C)C=C(C)C(OC(N)=O)C(OC)C=CC=C(C)C(=O)NC(=CC1=O)C2=O,ZR751,0
NC(=O)c1cccc2cn(-c3ccc(C4CCCNC4)cc3)nc12,NC1(c2ccc(-c3nc4ccn5c(=O)[nH]nc5c4cc3-c3ccccc3)cc2)CCC1,A2058,1
NC(=O)c1cccc2cn(-c3ccc(C4CCCNC4)cc3)nc12,NC1(c2ccc(-c3nc4ccn5c(=O)[nH]nc5c4cc3-c3ccccc3)cc2)CCC1,A2780,1
NC(=O)c1cccc2cn(-c3ccc(C4CCCNC4)cc3)nc12,NC1(c2ccc(-c3nc4ccn5c(=O)[nH]nc5c4cc3-c3ccccc3)cc2)CCC1,A375,1
NC(=O)c1cccc2cn(-c3ccc(C4CCCNC4)cc3)nc12,NC1(c2ccc(-c3nc4ccn5c(=O)[nH]nc5c4cc3-c3ccccc3)cc2)CCC1,A427,1
NC(=O)c1cccc2cn(-c3ccc(C4CCCNC4)cc3)nc12,NC1(c2ccc(-c3nc4ccn5c(=O)[nH]nc5c4cc3-c3ccccc3)cc2)CCC1,CAOV3,1
NC(=O)c1cccc2cn(-c3ccc(C4CCCNC4)cc3)nc12,NC1(c2ccc(-c3nc4ccn5c(=O)[nH]nc5c4cc3-c3ccccc3)cc2)CCC1,ES2,0
NC(=O)c1cccc2cn(-c3ccc(C4CCCNC4)cc3)nc12,NC1(c2ccc(-c3nc4ccn5c(=O)[nH]nc5c4cc3-c3ccccc3)cc2)CCC1,HCT116,1
NC(=O)c1cccc2cn(-c3ccc(C4CCCNC4)cc3)nc12,NC1(c2ccc(-c3nc4ccn5c(=O)[nH]nc5c4cc3-c3ccccc3)cc2)CCC1,HT144,1
NC(=O)c1cccc2cn(-c3ccc(C4CCCNC4)cc3)nc12,NC1(c2ccc(-c3nc4ccn5c(=O)[nH]nc5c4cc3-c3ccccc3)cc2)CCC1,HT29,1
NC(=O)c1cccc2cn(-c3ccc(C4CCCNC4)cc3)nc12,NC1(c2ccc(-c3nc4ccn5c(=O)[nH]nc5c4cc3-c3ccccc3)cc2)CCC1,KPL1,1
NC(=O)c1cccc2cn(-c3ccc(C4CCCNC4)cc3)nc12,NC1(c2ccc(-c3nc4ccn5c(=O)[nH]nc5c4cc3-c3ccccc3)cc2)CCC1,LNCAP,0
NC(=O)c1cccc2cn(-c3ccc(C4CCCNC4)cc3)nc12,NC1(c2ccc(-c3nc4ccn5c(=O)[nH]nc5c4cc3-c3ccccc3)cc2)CCC1,LOVO,1
NC(=O)c1cccc2cn(-c3ccc(C4CCCNC4)cc3)nc12,NC1(c2ccc(-c3nc4ccn5c(=O)[nH]nc5c4cc3-c3ccccc3)cc2)CCC1,MDAMB436,1
NC(=O)c1cccc2cn(-c3ccc(C4CCCNC4)cc3)nc12,NC1(c2ccc(-c3nc4ccn5c(=O)[nH]nc5c4cc3-c3ccccc3)cc2)CCC1,MSTO,1
NC(=O)c1cccc2cn(-c3ccc(C4CCCNC4)cc3)nc12,NC1(c2ccc(-c3nc4ccn5c(=O)[nH]nc5c4cc3-c3ccccc3)cc2)CCC1,NCIH1650,1
NC(=O)c1cccc2cn(-c3ccc(C4CCCNC4)cc3)nc12,NC1(c2ccc(-c3nc4ccn5c(=O)[nH]nc5c4cc3-c3ccccc3)cc2)CCC1,NCIH2122,1
NC(=O)c1cccc2cn(-c3ccc(C4CCCNC4)cc3)nc12,NC1(c2ccc(-c3nc4ccn5c(=O)[nH]nc5c4cc3-c3ccccc3)cc2)CCC1,NCIH23,1
NC(=O)c1cccc2cn(-c3ccc(C4CCCNC4)cc3)nc12,NC1(c2ccc(-c3nc4ccn5c(=O)[nH]nc5c4cc3-c3ccccc3)cc2)CCC1,NCIH460,1
NC(=O)c1cccc2cn(-c3ccc(C4CCCNC4)cc3)nc12,NC1(c2ccc(-c3nc4ccn5c(=O)[nH]nc5c4cc3-c3ccccc3)cc2)CCC1,NCIH520,1
NC(=O)c1cccc2cn(-c3ccc(C4CCCNC4)cc3)nc12,NC1(c2ccc(-c3nc4ccn5c(=O)[nH]nc5c4cc3-c3ccccc3)cc2)CCC1,OV90,1
NC(=O)c1cccc2cn(-c3ccc(C4CCCNC4)cc3)nc12,NC1(c2ccc(-c3nc4ccn5c(=O)[nH]nc5c4cc3-c3ccccc3)cc2)CCC1,RKO,1
NC(=O)c1cccc2cn(-c3ccc(C4CCCNC4)cc3)nc12,NC1(c2ccc(-c3nc4ccn5c(=O)[nH]nc5c4cc3-c3ccccc3)cc2)CCC1,RPMI7951,1
NC(=O)c1cccc2cn(-c3ccc(C4CCCNC4)cc3)nc12,NC1(c2ccc(-c3nc4ccn5c(=O)[nH]nc5c4cc3-c3ccccc3)cc2)CCC1,SKMES1,1
NC(=O)c1cccc2cn(-c3ccc(C4CCCNC4)cc3)nc12,NC1(c2ccc(-c3nc4ccn5c(=O)[nH]nc5c4cc3-c3ccccc3)cc2)CCC1,SKOV3,1
NC(=O)c1cccc2cn(-c3ccc(C4CCCNC4)cc3)nc12,NC1(c2ccc(-c3nc4ccn5c(=O)[nH]nc5c4cc3-c3ccccc3)cc2)CCC1,SW620,1
NC(=O)c1cccc2cn(-c3ccc(C4CCCNC4)cc3)nc12,NC1(c2ccc(-c3nc4ccn5c(=O)[nH]nc5c4cc3-c3ccccc3)cc2)CCC1,SW837,1
NC(=O)c1cccc2cn(-c3ccc(C4CCCNC4)cc3)nc12,NC1(c2ccc(-c3nc4ccn5c(=O)[nH]nc5c4cc3-c3ccccc3)cc2)CCC1,T47D,1
NC(=O)c1cccc2cn(-c3ccc(C4CCCNC4)cc3)nc12,NC1(c2ccc(-c3nc4ccn5c(=O)[nH]nc5c4cc3-c3ccccc3)cc2)CCC1,UACC62,1
NC(=O)c1cccc2cn(-c3ccc(C4CCCNC4)cc3)nc12,NC1(c2ccc(-c3nc4ccn5c(=O)[nH]nc5c4cc3-c3ccccc3)cc2)CCC1,VCAP,1
NC(=O)c1cccc2cn(-c3ccc(C4CCCNC4)cc3)nc12,NC1(c2ccc(-c3nc4ccn5c(=O)[nH]nc5c4cc3-c3ccccc3)cc2)CCC1,ZR751,1
NC(=O)c1cccc2cn(-c3ccc(C4CCCNC4)cc3)nc12,COC1CC2CCC(C)C(O)(O2)C(=O)C(=O)N2CCCCC2C(=O)OC(C(C)CC2CCC(OP(C)(C)=O)C(OC)C2)CC(=O)C(C)C=C(C)C(O)C(OC)C(=O)C(C)CC(C)C=CC=CC=C1C,A2058,1
NC(=O)c1cccc2cn(-c3ccc(C4CCCNC4)cc3)nc12,COC1CC2CCC(C)C(O)(O2)C(=O)C(=O)N2CCCCC2C(=O)OC(C(C)CC2CCC(OP(C)(C)=O)C(OC)C2)CC(=O)C(C)C=C(C)C(O)C(OC)C(=O)C(C)CC(C)C=CC=CC=C1C,A2780,1
NC(=O)c1cccc2cn(-c3ccc(C4CCCNC4)cc3)nc12,COC1CC2CCC(C)C(O)(O2)C(=O)C(=O)N2CCCCC2C(=O)OC(C(C)CC2CCC(OP(C)(C)=O)C(OC)C2)CC(=O)C(C)C=C(C)C(O)C(OC)C(=O)C(C)CC(C)C=CC=CC=C1C,A375,1
NC(=O)c1cccc2cn(-c3ccc(C4CCCNC4)cc3)nc12,COC1CC2CCC(C)C(O)(O2)C(=O)C(=O)N2CCCCC2C(=O)OC(C(C)CC2CCC(OP(C)(C)=O)C(OC)C2)CC(=O)C(C)C=C(C)C(O)C(OC)C(=O)C(C)CC(C)C=CC=CC=C1C,A427,1
NC(=O)c1cccc2cn(-c3ccc(C4CCCNC4)cc3)nc12,COC1CC2CCC(C)C(O)(O2)C(=O)C(=O)N2CCCCC2C(=O)OC(C(C)CC2CCC(OP(C)(C)=O)C(OC)C2)CC(=O)C(C)C=C(C)C(O)C(OC)C(=O)C(C)CC(C)C=CC=CC=C1C,CAOV3,0
NC(=O)c1cccc2cn(-c3ccc(C4CCCNC4)cc3)nc12,COC1CC2CCC(C)C(O)(O2)C(=O)C(=O)N2CCCCC2C(=O)OC(C(C)CC2CCC(OP(C)(C)=O)C(OC)C2)CC(=O)C(C)C=C(C)C(O)C(OC)C(=O)C(C)CC(C)C=CC=CC=C1C,HT144,1
NC(=O)c1cccc2cn(-c3ccc(C4CCCNC4)cc3)nc12,COC1CC2CCC(C)C(O)(O2)C(=O)C(=O)N2CCCCC2C(=O)OC(C(C)CC2CCC(OP(C)(C)=O)C(OC)C2)CC(=O)C(C)C=C(C)C(O)C(OC)C(=O)C(C)CC(C)C=CC=CC=C1C,HT29,1
NC(=O)c1cccc2cn(-c3ccc(C4CCCNC4)cc3)nc12,COC1CC2CCC(C)C(O)(O2)C(=O)C(=O)N2CCCCC2C(=O)OC(C(C)CC2CCC(OP(C)(C)=O)C(OC)C2)CC(=O)C(C)C=C(C)C(O)C(OC)C(=O)C(C)CC(C)C=CC=CC=C1C,KPL1,1
NC(=O)c1cccc2cn(-c3ccc(C4CCCNC4)cc3)nc12,COC1CC2CCC(C)C(O)(O2)C(=O)C(=O)N2CCCCC2C(=O)OC(C(C)CC2CCC(OP(C)(C)=O)C(OC)C2)CC(=O)C(C)C=C(C)C(O)C(OC)C(=O)C(C)CC(C)C=CC=CC=C1C,LOVO,1
NC(=O)c1cccc2cn(-c3ccc(C4CCCNC4)cc3)nc12,COC1CC2CCC(C)C(O)(O2)C(=O)C(=O)N2CCCCC2C(=O)OC(C(C)CC2CCC(OP(C)(C)=O)C(OC)C2)CC(=O)C(C)C=C(C)C(O)C(OC)C(=O)C(C)CC(C)C=CC=CC=C1C,MDAMB436,1
NC(=O)c1cccc2cn(-c3ccc(C4CCCNC4)cc3)nc12,COC1CC2CCC(C)C(O)(O2)C(=O)C(=O)N2CCCCC2C(=O)OC(C(C)CC2CCC(OP(C)(C)=O)C(OC)C2)CC(=O)C(C)C=C(C)C(O)C(OC)C(=O)C(C)CC(C)C=CC=CC=C1C,MSTO,0
NC(=O)c1cccc2cn(-c3ccc(C4CCCNC4)cc3)nc12,COC1CC2CCC(C)C(O)(O2)C(=O)C(=O)N2CCCCC2C(=O)OC(C(C)CC2CCC(OP(C)(C)=O)C(OC)C2)CC(=O)C(C)C=C(C)C(O)C(OC)C(=O)C(C)CC(C)C=CC=CC=C1C,NCIH1650,1
NC(=O)c1cccc2cn(-c3ccc(C4CCCNC4)cc3)nc12,COC1CC2CCC(C)C(O)(O2)C(=O)C(=O)N2CCCCC2C(=O)OC(C(C)CC2CCC(OP(C)(C)=O)C(OC)C2)CC(=O)C(C)C=C(C)C(O)C(OC)C(=O)C(C)CC(C)C=CC=CC=C1C,NCIH2122,1
NC(=O)c1cccc2cn(-c3ccc(C4CCCNC4)cc3)nc12,COC1CC2CCC(C)C(O)(O2)C(=O)C(=O)N2CCCCC2C(=O)OC(C(C)CC2CCC(OP(C)(C)=O)C(OC)C2)CC(=O)C(C)C=C(C)C(O)C(OC)C(=O)C(C)CC(C)C=CC=CC=C1C,NCIH23,1
NC(=O)c1cccc2cn(-c3ccc(C4CCCNC4)cc3)nc12,COC1CC2CCC(C)C(O)(O2)C(=O)C(=O)N2CCCCC2C(=O)OC(C(C)CC2CCC(OP(C)(C)=O)C(OC)C2)CC(=O)C(C)C=C(C)C(O)C(OC)C(=O)C(C)CC(C)C=CC=CC=C1C,NCIH460,1
NC(=O)c1cccc2cn(-c3ccc(C4CCCNC4)cc3)nc12,COC1CC2CCC(C)C(O)(O2)C(=O)C(=O)N2CCCCC2C(=O)OC(C(C)CC2CCC(OP(C)(C)=O)C(OC)C2)CC(=O)C(C)C=C(C)C(O)C(OC)C(=O)C(C)CC(C)C=CC=CC=C1C,OV90,1
NC(=O)c1cccc2cn(-c3ccc(C4CCCNC4)cc3)nc12,COC1CC2CCC(C)C(O)(O2)C(=O)C(=O)N2CCCCC2C(=O)OC(C(C)CC2CCC(OP(C)(C)=O)C(OC)C2)CC(=O)C(C)C=C(C)C(O)C(OC)C(=O)C(C)CC(C)C=CC=CC=C1C,RKO,1
NC(=O)c1cccc2cn(-c3ccc(C4CCCNC4)cc3)nc12,COC1CC2CCC(C)C(O)(O2)C(=O)C(=O)N2CCCCC2C(=O)OC(C(C)CC2CCC(OP(C)(C)=O)C(OC)C2)CC(=O)C(C)C=C(C)C(O)C(OC)C(=O)C(C)CC(C)C=CC=CC=C1C,RPMI7951,1
NC(=O)c1cccc2cn(-c3ccc(C4CCCNC4)cc3)nc12,COC1CC2CCC(C)C(O)(O2)C(=O)C(=O)N2CCCCC2C(=O)OC(C(C)CC2CCC(OP(C)(C)=O)C(OC)C2)CC(=O)C(C)C=C(C)C(O)C(OC)C(=O)C(C)CC(C)C=CC=CC=C1C,SKMEL30,1
NC(=O)c1cccc2cn(-c3ccc(C4CCCNC4)cc3)nc12,COC1CC2CCC(C)C(O)(O2)C(=O)C(=O)N2CCCCC2C(=O)OC(C(C)CC2CCC(OP(C)(C)=O)C(OC)C2)CC(=O)C(C)C=C(C)C(O)C(OC)C(=O)C(C)CC(C)C=CC=CC=C1C,SKMES1,1
NC(=O)c1cccc2cn(-c3ccc(C4CCCNC4)cc3)nc12,COC1CC2CCC(C)C(O)(O2)C(=O)C(=O)N2CCCCC2C(=O)OC(C(C)CC2CCC(OP(C)(C)=O)C(OC)C2)CC(=O)C(C)C=C(C)C(O)C(OC)C(=O)C(C)CC(C)C=CC=CC=C1C,SKOV3,1
NC(=O)c1cccc2cn(-c3ccc(C4CCCNC4)cc3)nc12,COC1CC2CCC(C)C(O)(O2)C(=O)C(=O)N2CCCCC2C(=O)OC(C(C)CC2CCC(OP(C)(C)=O)C(OC)C2)CC(=O)C(C)C=C(C)C(O)C(OC)C(=O)C(C)CC(C)C=CC=CC=C1C,SW620,1
NC(=O)c1cccc2cn(-c3ccc(C4CCCNC4)cc3)nc12,COC1CC2CCC(C)C(O)(O2)C(=O)C(=O)N2CCCCC2C(=O)OC(C(C)CC2CCC(OP(C)(C)=O)C(OC)C2)CC(=O)C(C)C=C(C)C(O)C(OC)C(=O)C(C)CC(C)C=CC=CC=C1C,SW837,1
NC(=O)c1cccc2cn(-c3ccc(C4CCCNC4)cc3)nc12,COC1CC2CCC(C)C(O)(O2)C(=O)C(=O)N2CCCCC2C(=O)OC(C(C)CC2CCC(OP(C)(C)=O)C(OC)C2)CC(=O)C(C)C=C(C)C(O)C(OC)C(=O)C(C)CC(C)C=CC=CC=C1C,T47D,1
NC(=O)c1cccc2cn(-c3ccc(C4CCCNC4)cc3)nc12,COC1CC2CCC(C)C(O)(O2)C(=O)C(=O)N2CCCCC2C(=O)OC(C(C)CC2CCC(OP(C)(C)=O)C(OC)C2)CC(=O)C(C)C=C(C)C(O)C(OC)C(=O)C(C)CC(C)C=CC=CC=C1C,UACC62,1
NC(=O)c1cccc2cn(-c3ccc(C4CCCNC4)cc3)nc12,COC1CC2CCC(C)C(O)(O2)C(=O)C(=O)N2CCCCC2C(=O)OC(C(C)CC2CCC(OP(C)(C)=O)C(OC)C2)CC(=O)C(C)C=C(C)C(O)C(OC)C(=O)C(C)CC(C)C=CC=CC=C1C,VCAP,1
NC(=O)c1cccc2cn(-c3ccc(C4CCCNC4)cc3)nc12,COC1CC2CCC(C)C(O)(O2)C(=O)C(=O)N2CCCCC2C(=O)OC(C(C)CC2CCC(OP(C)(C)=O)C(OC)C2)CC(=O)C(C)C=C(C)C(O)C(OC)C(=O)C(C)CC(C)C=CC=CC=C1C,ZR751,1
NC(=O)c1cccc2cn(-c3ccc(C4CCCNC4)cc3)nc12,Cn1cc(-c2cnn3c(N)c(Br)c(C4CCCNC4)nc23)cn1,A2780,1
NC(=O)c1cccc2cn(-c3ccc(C4CCCNC4)cc3)nc12,Cn1cc(-c2cnn3c(N)c(Br)c(C4CCCNC4)nc23)cn1,HT144,1
NC(=O)c1cccc2cn(-c3ccc(C4CCCNC4)cc3)nc12,Cn1cc(-c2cnn3c(N)c(Br)c(C4CCCNC4)nc23)cn1,KPL1,1
NC(=O)c1cccc2cn(-c3ccc(C4CCCNC4)cc3)nc12,Cn1cc(-c2cnn3c(N)c(Br)c(C4CCCNC4)nc23)cn1,LNCAP,0
NC(=O)c1cccc2cn(-c3ccc(C4CCCNC4)cc3)nc12,Cn1cc(-c2cnn3c(N)c(Br)c(C4CCCNC4)nc23)cn1,MDAMB436,1
NC(=O)c1cccc2cn(-c3ccc(C4CCCNC4)cc3)nc12,Cn1cc(-c2cnn3c(N)c(Br)c(C4CCCNC4)nc23)cn1,MSTO,1
NC(=O)c1cccc2cn(-c3ccc(C4CCCNC4)cc3)nc12,Cn1cc(-c2cnn3c(N)c(Br)c(C4CCCNC4)nc23)cn1,NCIH460,1
NC(=O)c1cccc2cn(-c3ccc(C4CCCNC4)cc3)nc12,Cn1cc(-c2cnn3c(N)c(Br)c(C4CCCNC4)nc23)cn1,NCIH520,1
NC(=O)c1cccc2cn(-c3ccc(C4CCCNC4)cc3)nc12,Cn1cc(-c2cnn3c(N)c(Br)c(C4CCCNC4)nc23)cn1,RKO,1
NC(=O)c1cccc2cn(-c3ccc(C4CCCNC4)cc3)nc12,Cn1cc(-c2cnn3c(N)c(Br)c(C4CCCNC4)nc23)cn1,RPMI7951,0
NC(=O)c1cccc2cn(-c3ccc(C4CCCNC4)cc3)nc12,Cn1cc(-c2cnn3c(N)c(Br)c(C4CCCNC4)nc23)cn1,SKMEL30,1
NC(=O)c1cccc2cn(-c3ccc(C4CCCNC4)cc3)nc12,Cn1cc(-c2cnn3c(N)c(Br)c(C4CCCNC4)nc23)cn1,SKMES1,0
NC(=O)c1cccc2cn(-c3ccc(C4CCCNC4)cc3)nc12,Cn1cc(-c2cnn3c(N)c(Br)c(C4CCCNC4)nc23)cn1,SW837,0
NC(=O)c1cccc2cn(-c3ccc(C4CCCNC4)cc3)nc12,Cn1cc(-c2cnn3c(N)c(Br)c(C4CCCNC4)nc23)cn1,T47D,0
NC(=O)c1cccc2cn(-c3ccc(C4CCCNC4)cc3)nc12,Cn1cc(-c2cnn3c(N)c(Br)c(C4CCCNC4)nc23)cn1,VCAP,1
NC(=O)c1cccc2cn(-c3ccc(C4CCCNC4)cc3)nc12,NC1CCCCC1N.O=C(O)C(=O)O.[Pt+2],A2058,1
NC(=O)c1cccc2cn(-c3ccc(C4CCCNC4)cc3)nc12,NC1CCCCC1N.O=C(O)C(=O)O.[Pt+2],A375,0
NC(=O)c1cccc2cn(-c3ccc(C4CCCNC4)cc3)nc12,NC1CCCCC1N.O=C(O)C(=O)O.[Pt+2],A427,0
NC(=O)c1cccc2cn(-c3ccc(C4CCCNC4)cc3)nc12,NC1CCCCC1N.O=C(O)C(=O)O.[Pt+2],CAOV3,0
NC(=O)c1cccc2cn(-c3ccc(C4CCCNC4)cc3)nc12,NC1CCCCC1N.O=C(O)C(=O)O.[Pt+2],ES2,0
NC(=O)c1cccc2cn(-c3ccc(C4CCCNC4)cc3)nc12,NC1CCCCC1N.O=C(O)C(=O)O.[Pt+2],HCT116,1
NC(=O)c1cccc2cn(-c3ccc(C4CCCNC4)cc3)nc12,NC1CCCCC1N.O=C(O)C(=O)O.[Pt+2],HT144,0
NC(=O)c1cccc2cn(-c3ccc(C4CCCNC4)cc3)nc12,NC1CCCCC1N.O=C(O)C(=O)O.[Pt+2],HT29,0
NC(=O)c1cccc2cn(-c3ccc(C4CCCNC4)cc3)nc12,NC1CCCCC1N.O=C(O)C(=O)O.[Pt+2],KPL1,0
NC(=O)c1cccc2cn(-c3ccc(C4CCCNC4)cc3)nc12,NC1CCCCC1N.O=C(O)C(=O)O.[Pt+2],LOVO,0
NC(=O)c1cccc2cn(-c3ccc(C4CCCNC4)cc3)nc12,NC1CCCCC1N.O=C(O)C(=O)O.[Pt+2],MDAMB436,0
NC(=O)c1cccc2cn(-c3ccc(C4CCCNC4)cc3)nc12,NC1CCCCC1N.O=C(O)C(=O)O.[Pt+2],MSTO,0
NC(=O)c1cccc2cn(-c3ccc(C4CCCNC4)cc3)nc12,NC1CCCCC1N.O=C(O)C(=O)O.[Pt+2],NCIH1650,0
NC(=O)c1cccc2cn(-c3ccc(C4CCCNC4)cc3)nc12,NC1CCCCC1N.O=C(O)C(=O)O.[Pt+2],NCIH23,0
NC(=O)c1cccc2cn(-c3ccc(C4CCCNC4)cc3)nc12,NC1CCCCC1N.O=C(O)C(=O)O.[Pt+2],NCIH460,0
NC(=O)c1cccc2cn(-c3ccc(C4CCCNC4)cc3)nc12,NC1CCCCC1N.O=C(O)C(=O)O.[Pt+2],OV90,0
NC(=O)c1cccc2cn(-c3ccc(C4CCCNC4)cc3)nc12,NC1CCCCC1N.O=C(O)C(=O)O.[Pt+2],RKO,0
NC(=O)c1cccc2cn(-c3ccc(C4CCCNC4)cc3)nc12,NC1CCCCC1N.O=C(O)C(=O)O.[Pt+2],RPMI7951,0
NC(=O)c1cccc2cn(-c3ccc(C4CCCNC4)cc3)nc12,NC1CCCCC1N.O=C(O)C(=O)O.[Pt+2],SKMES1,0
NC(=O)c1cccc2cn(-c3ccc(C4CCCNC4)cc3)nc12,NC1CCCCC1N.O=C(O)C(=O)O.[Pt+2],SW620,1
NC(=O)c1cccc2cn(-c3ccc(C4CCCNC4)cc3)nc12,NC1CCCCC1N.O=C(O)C(=O)O.[Pt+2],SW837,0
NC(=O)c1cccc2cn(-c3ccc(C4CCCNC4)cc3)nc12,NC1CCCCC1N.O=C(O)C(=O)O.[Pt+2],T47D,0
NC(=O)c1cccc2cn(-c3ccc(C4CCCNC4)cc3)nc12,NC1CCCCC1N.O=C(O)C(=O)O.[Pt+2],UACC62,0
NC(=O)c1cccc2cn(-c3ccc(C4CCCNC4)cc3)nc12,NC1CCCCC1N.O=C(O)C(=O)O.[Pt+2],ZR751,0
NC(=O)c1cccc2cn(-c3ccc(C4CCCNC4)cc3)nc12,O=C(NOCC(O)CO)c1ccc(F)c(F)c1Nc1ccc(I)cc1F,A2780,1
NC(=O)c1cccc2cn(-c3ccc(C4CCCNC4)cc3)nc12,O=C(NOCC(O)CO)c1ccc(F)c(F)c1Nc1ccc(I)cc1F,A375,0
NC(=O)c1cccc2cn(-c3ccc(C4CCCNC4)cc3)nc12,O=C(NOCC(O)CO)c1ccc(F)c(F)c1Nc1ccc(I)cc1F,A427,0
NC(=O)c1cccc2cn(-c3ccc(C4CCCNC4)cc3)nc12,O=C(NOCC(O)CO)c1ccc(F)c(F)c1Nc1ccc(I)cc1F,CAOV3,1
NC(=O)c1cccc2cn(-c3ccc(C4CCCNC4)cc3)nc12,O=C(NOCC(O)CO)c1ccc(F)c(F)c1Nc1ccc(I)cc1F,ES2,0
NC(=O)c1cccc2cn(-c3ccc(C4CCCNC4)cc3)nc12,O=C(NOCC(O)CO)c1ccc(F)c(F)c1Nc1ccc(I)cc1F,HT29,0
NC(=O)c1cccc2cn(-c3ccc(C4CCCNC4)cc3)nc12,O=C(NOCC(O)CO)c1ccc(F)c(F)c1Nc1ccc(I)cc1F,KPL1,0
NC(=O)c1cccc2cn(-c3ccc(C4CCCNC4)cc3)nc12,O=C(NOCC(O)CO)c1ccc(F)c(F)c1Nc1ccc(I)cc1F,LNCAP,0
NC(=O)c1cccc2cn(-c3ccc(C4CCCNC4)cc3)nc12,O=C(NOCC(O)CO)c1ccc(F)c(F)c1Nc1ccc(I)cc1F,LOVO,0
NC(=O)c1cccc2cn(-c3ccc(C4CCCNC4)cc3)nc12,O=C(NOCC(O)CO)c1ccc(F)c(F)c1Nc1ccc(I)cc1F,MDAMB436,1
NC(=O)c1cccc2cn(-c3ccc(C4CCCNC4)cc3)nc12,O=C(NOCC(O)CO)c1ccc(F)c(F)c1Nc1ccc(I)cc1F,NCIH1650,0
NC(=O)c1cccc2cn(-c3ccc(C4CCCNC4)cc3)nc12,O=C(NOCC(O)CO)c1ccc(F)c(F)c1Nc1ccc(I)cc1F,NCIH2122,1
NC(=O)c1cccc2cn(-c3ccc(C4CCCNC4)cc3)nc12,O=C(NOCC(O)CO)c1ccc(F)c(F)c1Nc1ccc(I)cc1F,NCIH23,0
NC(=O)c1cccc2cn(-c3ccc(C4CCCNC4)cc3)nc12,O=C(NOCC(O)CO)c1ccc(F)c(F)c1Nc1ccc(I)cc1F,NCIH460,1
NC(=O)c1cccc2cn(-c3ccc(C4CCCNC4)cc3)nc12,O=C(NOCC(O)CO)c1ccc(F)c(F)c1Nc1ccc(I)cc1F,NCIH520,0
NC(=O)c1cccc2cn(-c3ccc(C4CCCNC4)cc3)nc12,O=C(NOCC(O)CO)c1ccc(F)c(F)c1Nc1ccc(I)cc1F,OV90,0
NC(=O)c1cccc2cn(-c3ccc(C4CCCNC4)cc3)nc12,O=C(NOCC(O)CO)c1ccc(F)c(F)c1Nc1ccc(I)cc1F,RKO,1
NC(=O)c1cccc2cn(-c3ccc(C4CCCNC4)cc3)nc12,O=C(NOCC(O)CO)c1ccc(F)c(F)c1Nc1ccc(I)cc1F,RPMI7951,0
NC(=O)c1cccc2cn(-c3ccc(C4CCCNC4)cc3)nc12,O=C(NOCC(O)CO)c1ccc(F)c(F)c1Nc1ccc(I)cc1F,SKMEL30,0
NC(=O)c1cccc2cn(-c3ccc(C4CCCNC4)cc3)nc12,O=C(NOCC(O)CO)c1ccc(F)c(F)c1Nc1ccc(I)cc1F,SKMES1,0
NC(=O)c1cccc2cn(-c3ccc(C4CCCNC4)cc3)nc12,O=C(NOCC(O)CO)c1ccc(F)c(F)c1Nc1ccc(I)cc1F,SKOV3,0
NC(=O)c1cccc2cn(-c3ccc(C4CCCNC4)cc3)nc12,O=C(NOCC(O)CO)c1ccc(F)c(F)c1Nc1ccc(I)cc1F,T47D,0
NC(=O)c1cccc2cn(-c3ccc(C4CCCNC4)cc3)nc12,O=C(NOCC(O)CO)c1ccc(F)c(F)c1Nc1ccc(I)cc1F,UACC62,0
NC(=O)c1cccc2cn(-c3ccc(C4CCCNC4)cc3)nc12,O=C(NOCC(O)CO)c1ccc(F)c(F)c1Nc1ccc(I)cc1F,VCAP,1
NC(=O)c1cccc2cn(-c3ccc(C4CCCNC4)cc3)nc12,O=C(NOCC(O)CO)c1ccc(F)c(F)c1Nc1ccc(I)cc1F,ZR751,1
NC(=O)c1cccc2cn(-c3ccc(C4CCCNC4)cc3)nc12,CCc1c2c(nc3ccc(O)cc13)-c1cc3c(c(=O)n1C2)COC(=O)C3(O)CC,A2780,1
NC(=O)c1cccc2cn(-c3ccc(C4CCCNC4)cc3)nc12,CCc1c2c(nc3ccc(O)cc13)-c1cc3c(c(=O)n1C2)COC(=O)C3(O)CC,HT144,1
NC(=O)c1cccc2cn(-c3ccc(C4CCCNC4)cc3)nc12,CCc1c2c(nc3ccc(O)cc13)-c1cc3c(c(=O)n1C2)COC(=O)C3(O)CC,KPL1,1
NC(=O)c1cccc2cn(-c3ccc(C4CCCNC4)cc3)nc12,CCc1c2c(nc3ccc(O)cc13)-c1cc3c(c(=O)n1C2)COC(=O)C3(O)CC,MDAMB436,1
NC(=O)c1cccc2cn(-c3ccc(C4CCCNC4)cc3)nc12,CCc1c2c(nc3ccc(O)cc13)-c1cc3c(c(=O)n1C2)COC(=O)C3(O)CC,MSTO,1
NC(=O)c1cccc2cn(-c3ccc(C4CCCNC4)cc3)nc12,CCc1c2c(nc3ccc(O)cc13)-c1cc3c(c(=O)n1C2)COC(=O)C3(O)CC,NCIH460,1
NC(=O)c1cccc2cn(-c3ccc(C4CCCNC4)cc3)nc12,CCc1c2c(nc3ccc(O)cc13)-c1cc3c(c(=O)n1C2)COC(=O)C3(O)CC,NCIH520,1
NC(=O)c1cccc2cn(-c3ccc(C4CCCNC4)cc3)nc12,CCc1c2c(nc3ccc(O)cc13)-c1cc3c(c(=O)n1C2)COC(=O)C3(O)CC,OV90,1
NC(=O)c1cccc2cn(-c3ccc(C4CCCNC4)cc3)nc12,CCc1c2c(nc3ccc(O)cc13)-c1cc3c(c(=O)n1C2)COC(=O)C3(O)CC,RKO,1
NC(=O)c1cccc2cn(-c3ccc(C4CCCNC4)cc3)nc12,CCc1c2c(nc3ccc(O)cc13)-c1cc3c(c(=O)n1C2)COC(=O)C3(O)CC,RPMI7951,1
NC(=O)c1cccc2cn(-c3ccc(C4CCCNC4)cc3)nc12,CCc1c2c(nc3ccc(O)cc13)-c1cc3c(c(=O)n1C2)COC(=O)C3(O)CC,SKMEL30,1
NC(=O)c1cccc2cn(-c3ccc(C4CCCNC4)cc3)nc12,CCc1c2c(nc3ccc(O)cc13)-c1cc3c(c(=O)n1C2)COC(=O)C3(O)CC,SKMES1,1
NC(=O)c1cccc2cn(-c3ccc(C4CCCNC4)cc3)nc12,CCc1c2c(nc3ccc(O)cc13)-c1cc3c(c(=O)n1C2)COC(=O)C3(O)CC,SKOV3,1
NC(=O)c1cccc2cn(-c3ccc(C4CCCNC4)cc3)nc12,CCc1c2c(nc3ccc(O)cc13)-c1cc3c(c(=O)n1C2)COC(=O)C3(O)CC,T47D,1
NC(=O)c1cccc2cn(-c3ccc(C4CCCNC4)cc3)nc12,CCc1c2c(nc3ccc(O)cc13)-c1cc3c(c(=O)n1C2)COC(=O)C3(O)CC,UACC62,1
NC(=O)c1cccc2cn(-c3ccc(C4CCCNC4)cc3)nc12,CCc1c2c(nc3ccc(O)cc13)-c1cc3c(c(=O)n1C2)COC(=O)C3(O)CC,VCAP,1
NC(=O)c1cccc2cn(-c3ccc(C4CCCNC4)cc3)nc12,CCc1c2c(nc3ccc(O)cc13)-c1cc3c(c(=O)n1C2)COC(=O)C3(O)CC,ZR751,1
NC(=O)c1cccc2cn(-c3ccc(C4CCCNC4)cc3)nc12,CNC(=O)c1cc(Oc2ccc(NC(=O)Nc3ccc(Cl)c(C(F)(F)F)c3)cc2)ccn1,A2058,0
NC(=O)c1cccc2cn(-c3ccc(C4CCCNC4)cc3)nc12,CNC(=O)c1cc(Oc2ccc(NC(=O)Nc3ccc(Cl)c(C(F)(F)F)c3)cc2)ccn1,CAOV3,0
NC(=O)c1cccc2cn(-c3ccc(C4CCCNC4)cc3)nc12,CNC(=O)c1cc(Oc2ccc(NC(=O)Nc3ccc(Cl)c(C(F)(F)F)c3)cc2)ccn1,ES2,0
NC(=O)c1cccc2cn(-c3ccc(C4CCCNC4)cc3)nc12,CNC(=O)c1cc(Oc2ccc(NC(=O)Nc3ccc(Cl)c(C(F)(F)F)c3)cc2)ccn1,LNCAP,0
NC(=O)c1cccc2cn(-c3ccc(C4CCCNC4)cc3)nc12,CNC(=O)c1cc(Oc2ccc(NC(=O)Nc3ccc(Cl)c(C(F)(F)F)c3)cc2)ccn1,LOVO,0
NC(=O)c1cccc2cn(-c3ccc(C4CCCNC4)cc3)nc12,CNC(=O)c1cc(Oc2ccc(NC(=O)Nc3ccc(Cl)c(C(F)(F)F)c3)cc2)ccn1,MDAMB436,0
NC(=O)c1cccc2cn(-c3ccc(C4CCCNC4)cc3)nc12,CNC(=O)c1cc(Oc2ccc(NC(=O)Nc3ccc(Cl)c(C(F)(F)F)c3)cc2)ccn1,MSTO,0
NC(=O)c1cccc2cn(-c3ccc(C4CCCNC4)cc3)nc12,CNC(=O)c1cc(Oc2ccc(NC(=O)Nc3ccc(Cl)c(C(F)(F)F)c3)cc2)ccn1,NCIH1650,0
NC(=O)c1cccc2cn(-c3ccc(C4CCCNC4)cc3)nc12,CNC(=O)c1cc(Oc2ccc(NC(=O)Nc3ccc(Cl)c(C(F)(F)F)c3)cc2)ccn1,NCIH460,1
NC(=O)c1cccc2cn(-c3ccc(C4CCCNC4)cc3)nc12,CNC(=O)c1cc(Oc2ccc(NC(=O)Nc3ccc(Cl)c(C(F)(F)F)c3)cc2)ccn1,OV90,0
NC(=O)c1cccc2cn(-c3ccc(C4CCCNC4)cc3)nc12,CNC(=O)c1cc(Oc2ccc(NC(=O)Nc3ccc(Cl)c(C(F)(F)F)c3)cc2)ccn1,RPMI7951,0
NC(=O)c1cccc2cn(-c3ccc(C4CCCNC4)cc3)nc12,CNC(=O)c1cc(Oc2ccc(NC(=O)Nc3ccc(Cl)c(C(F)(F)F)c3)cc2)ccn1,SKMES1,1
NC(=O)c1cccc2cn(-c3ccc(C4CCCNC4)cc3)nc12,CNC(=O)c1cc(Oc2ccc(NC(=O)Nc3ccc(Cl)c(C(F)(F)F)c3)cc2)ccn1,SKOV3,1
NC(=O)c1cccc2cn(-c3ccc(C4CCCNC4)cc3)nc12,CNC(=O)c1cc(Oc2ccc(NC(=O)Nc3ccc(Cl)c(C(F)(F)F)c3)cc2)ccn1,T47D,0
NC(=O)c1cccc2cn(-c3ccc(C4CCCNC4)cc3)nc12,CNC(=O)c1cc(Oc2ccc(NC(=O)Nc3ccc(Cl)c(C(F)(F)F)c3)cc2)ccn1,VCAP,0
NC(=O)c1cccc2cn(-c3ccc(C4CCCNC4)cc3)nc12,CNC(=O)c1cc(Oc2ccc(NC(=O)Nc3ccc(Cl)c(C(F)(F)F)c3)cc2)ccn1,ZR751,0
NC(=O)c1cccc2cn(-c3ccc(C4CCCNC4)cc3)nc12,CCC1(O)C(=O)OCc2c1cc1n(c2=O)Cc2cc3c(CN(C)C)c(O)ccc3nc2-1,A2058,0
NC(=O)c1cccc2cn(-c3ccc(C4CCCNC4)cc3)nc12,CCC1(O)C(=O)OCc2c1cc1n(c2=O)Cc2cc3c(CN(C)C)c(O)ccc3nc2-1,ES2,0
NC(=O)c1cccc2cn(-c3ccc(C4CCCNC4)cc3)nc12,CCC1(O)C(=O)OCc2c1cc1n(c2=O)Cc2cc3c(CN(C)C)c(O)ccc3nc2-1,HCT116,1
NC(=O)c1cccc2cn(-c3ccc(C4CCCNC4)cc3)nc12,CCC1(O)C(=O)OCc2c1cc1n(c2=O)Cc2cc3c(CN(C)C)c(O)ccc3nc2-1,LNCAP,1
NC(=O)c1cccc2cn(-c3ccc(C4CCCNC4)cc3)nc12,CCC1(O)C(=O)OCc2c1cc1n(c2=O)Cc2cc3c(CN(C)C)c(O)ccc3nc2-1,LOVO,1
NC(=O)c1cccc2cn(-c3ccc(C4CCCNC4)cc3)nc12,CCC1(O)C(=O)OCc2c1cc1n(c2=O)Cc2cc3c(CN(C)C)c(O)ccc3nc2-1,MDAMB436,1
NC(=O)c1cccc2cn(-c3ccc(C4CCCNC4)cc3)nc12,CCC1(O)C(=O)OCc2c1cc1n(c2=O)Cc2cc3c(CN(C)C)c(O)ccc3nc2-1,MSTO,1
NC(=O)c1cccc2cn(-c3ccc(C4CCCNC4)cc3)nc12,CCC1(O)C(=O)OCc2c1cc1n(c2=O)Cc2cc3c(CN(C)C)c(O)ccc3nc2-1,NCIH1650,1
NC(=O)c1cccc2cn(-c3ccc(C4CCCNC4)cc3)nc12,CCC1(O)C(=O)OCc2c1cc1n(c2=O)Cc2cc3c(CN(C)C)c(O)ccc3nc2-1,NCIH2122,1
NC(=O)c1cccc2cn(-c3ccc(C4CCCNC4)cc3)nc12,CCC1(O)C(=O)OCc2c1cc1n(c2=O)Cc2cc3c(CN(C)C)c(O)ccc3nc2-1,NCIH460,1
NC(=O)c1cccc2cn(-c3ccc(C4CCCNC4)cc3)nc12,CCC1(O)C(=O)OCc2c1cc1n(c2=O)Cc2cc3c(CN(C)C)c(O)ccc3nc2-1,NCIH520,1
NC(=O)c1cccc2cn(-c3ccc(C4CCCNC4)cc3)nc12,CCC1(O)C(=O)OCc2c1cc1n(c2=O)Cc2cc3c(CN(C)C)c(O)ccc3nc2-1,RKO,1
NC(=O)c1cccc2cn(-c3ccc(C4CCCNC4)cc3)nc12,CCC1(O)C(=O)OCc2c1cc1n(c2=O)Cc2cc3c(CN(C)C)c(O)ccc3nc2-1,RPMI7951,1
NC(=O)c1cccc2cn(-c3ccc(C4CCCNC4)cc3)nc12,CCC1(O)C(=O)OCc2c1cc1n(c2=O)Cc2cc3c(CN(C)C)c(O)ccc3nc2-1,SKMEL30,1
NC(=O)c1cccc2cn(-c3ccc(C4CCCNC4)cc3)nc12,CCC1(O)C(=O)OCc2c1cc1n(c2=O)Cc2cc3c(CN(C)C)c(O)ccc3nc2-1,SKMES1,1
NC(=O)c1cccc2cn(-c3ccc(C4CCCNC4)cc3)nc12,CCC1(O)C(=O)OCc2c1cc1n(c2=O)Cc2cc3c(CN(C)C)c(O)ccc3nc2-1,SKOV3,1
NC(=O)c1cccc2cn(-c3ccc(C4CCCNC4)cc3)nc12,CCC1(O)C(=O)OCc2c1cc1n(c2=O)Cc2cc3c(CN(C)C)c(O)ccc3nc2-1,SW620,1
NC(=O)c1cccc2cn(-c3ccc(C4CCCNC4)cc3)nc12,CCC1(O)C(=O)OCc2c1cc1n(c2=O)Cc2cc3c(CN(C)C)c(O)ccc3nc2-1,SW837,0
NC(=O)c1cccc2cn(-c3ccc(C4CCCNC4)cc3)nc12,CCC1(O)C(=O)OCc2c1cc1n(c2=O)Cc2cc3c(CN(C)C)c(O)ccc3nc2-1,T47D,0
NC(=O)c1cccc2cn(-c3ccc(C4CCCNC4)cc3)nc12,CCC1(O)C(=O)OCc2c1cc1n(c2=O)Cc2cc3c(CN(C)C)c(O)ccc3nc2-1,VCAP,1
NC(=O)c1cccc2cn(-c3ccc(C4CCCNC4)cc3)nc12,CCC1(O)C(=O)OCc2c1cc1n(c2=O)Cc2cc3c(CN(C)C)c(O)ccc3nc2-1,ZR751,1
O=C(O)C1(Cc2cccc(Nc3nccs3)n2)CCC(Oc2cccc(Cl)c2F)CC1,NC(=O)c1cccc2cn(-c3ccc(C4CCCNC4)cc3)nc12,A2058,1
O=C(O)C1(Cc2cccc(Nc3nccs3)n2)CCC(Oc2cccc(Cl)c2F)CC1,NC(=O)c1cccc2cn(-c3ccc(C4CCCNC4)cc3)nc12,A2780,1
O=C(O)C1(Cc2cccc(Nc3nccs3)n2)CCC(Oc2cccc(Cl)c2F)CC1,NC(=O)c1cccc2cn(-c3ccc(C4CCCNC4)cc3)nc12,A375,1
O=C(O)C1(Cc2cccc(Nc3nccs3)n2)CCC(Oc2cccc(Cl)c2F)CC1,NC(=O)c1cccc2cn(-c3ccc(C4CCCNC4)cc3)nc12,A427,1
O=C(O)C1(Cc2cccc(Nc3nccs3)n2)CCC(Oc2cccc(Cl)c2F)CC1,NC(=O)c1cccc2cn(-c3ccc(C4CCCNC4)cc3)nc12,CAOV3,0
O=C(O)C1(Cc2cccc(Nc3nccs3)n2)CCC(Oc2cccc(Cl)c2F)CC1,NC(=O)c1cccc2cn(-c3ccc(C4CCCNC4)cc3)nc12,ES2,1
O=C(O)C1(Cc2cccc(Nc3nccs3)n2)CCC(Oc2cccc(Cl)c2F)CC1,NC(=O)c1cccc2cn(-c3ccc(C4CCCNC4)cc3)nc12,HCT116,1
O=C(O)C1(Cc2cccc(Nc3nccs3)n2)CCC(Oc2cccc(Cl)c2F)CC1,NC(=O)c1cccc2cn(-c3ccc(C4CCCNC4)cc3)nc12,HT144,0
O=C(O)C1(Cc2cccc(Nc3nccs3)n2)CCC(Oc2cccc(Cl)c2F)CC1,NC(=O)c1cccc2cn(-c3ccc(C4CCCNC4)cc3)nc12,HT29,1
O=C(O)C1(Cc2cccc(Nc3nccs3)n2)CCC(Oc2cccc(Cl)c2F)CC1,NC(=O)c1cccc2cn(-c3ccc(C4CCCNC4)cc3)nc12,KPL1,0
O=C(O)C1(Cc2cccc(Nc3nccs3)n2)CCC(Oc2cccc(Cl)c2F)CC1,NC(=O)c1cccc2cn(-c3ccc(C4CCCNC4)cc3)nc12,LNCAP,0
O=C(O)C1(Cc2cccc(Nc3nccs3)n2)CCC(Oc2cccc(Cl)c2F)CC1,NC(=O)c1cccc2cn(-c3ccc(C4CCCNC4)cc3)nc12,MDAMB436,1
O=C(O)C1(Cc2cccc(Nc3nccs3)n2)CCC(Oc2cccc(Cl)c2F)CC1,NC(=O)c1cccc2cn(-c3ccc(C4CCCNC4)cc3)nc12,NCIH2122,1
O=C(O)C1(Cc2cccc(Nc3nccs3)n2)CCC(Oc2cccc(Cl)c2F)CC1,NC(=O)c1cccc2cn(-c3ccc(C4CCCNC4)cc3)nc12,NCIH23,1
O=C(O)C1(Cc2cccc(Nc3nccs3)n2)CCC(Oc2cccc(Cl)c2F)CC1,NC(=O)c1cccc2cn(-c3ccc(C4CCCNC4)cc3)nc12,NCIH460,0
O=C(O)C1(Cc2cccc(Nc3nccs3)n2)CCC(Oc2cccc(Cl)c2F)CC1,NC(=O)c1cccc2cn(-c3ccc(C4CCCNC4)cc3)nc12,NCIH520,0
O=C(O)C1(Cc2cccc(Nc3nccs3)n2)CCC(Oc2cccc(Cl)c2F)CC1,NC(=O)c1cccc2cn(-c3ccc(C4CCCNC4)cc3)nc12,RKO,1
O=C(O)C1(Cc2cccc(Nc3nccs3)n2)CCC(Oc2cccc(Cl)c2F)CC1,NC(=O)c1cccc2cn(-c3ccc(C4CCCNC4)cc3)nc12,RPMI7951,1
O=C(O)C1(Cc2cccc(Nc3nccs3)n2)CCC(Oc2cccc(Cl)c2F)CC1,NC(=O)c1cccc2cn(-c3ccc(C4CCCNC4)cc3)nc12,SKMEL30,1
O=C(O)C1(Cc2cccc(Nc3nccs3)n2)CCC(Oc2cccc(Cl)c2F)CC1,NC(=O)c1cccc2cn(-c3ccc(C4CCCNC4)cc3)nc12,SKOV3,1
O=C(O)C1(Cc2cccc(Nc3nccs3)n2)CCC(Oc2cccc(Cl)c2F)CC1,NC(=O)c1cccc2cn(-c3ccc(C4CCCNC4)cc3)nc12,SW620,1
O=C(O)C1(Cc2cccc(Nc3nccs3)n2)CCC(Oc2cccc(Cl)c2F)CC1,NC(=O)c1cccc2cn(-c3ccc(C4CCCNC4)cc3)nc12,T47D,1
O=C(O)C1(Cc2cccc(Nc3nccs3)n2)CCC(Oc2cccc(Cl)c2F)CC1,NC(=O)c1cccc2cn(-c3ccc(C4CCCNC4)cc3)nc12,UACC62,1
O=C(O)C1(Cc2cccc(Nc3nccs3)n2)CCC(Oc2cccc(Cl)c2F)CC1,NC(=O)c1cccc2cn(-c3ccc(C4CCCNC4)cc3)nc12,VCAP,0
O=S1(=O)NC2(CN1CC(F)(F)F)C1CCC2Cc2cc(C=CCN3CCC(C(F)(F)F)CC3)ccc2C1,NC(=O)c1cccc2cn(-c3ccc(C4CCCNC4)cc3)nc12,A2058,1
O=S1(=O)NC2(CN1CC(F)(F)F)C1CCC2Cc2cc(C=CCN3CCC(C(F)(F)F)CC3)ccc2C1,NC(=O)c1cccc2cn(-c3ccc(C4CCCNC4)cc3)nc12,A2780,1
O=S1(=O)NC2(CN1CC(F)(F)F)C1CCC2Cc2cc(C=CCN3CCC(C(F)(F)F)CC3)ccc2C1,NC(=O)c1cccc2cn(-c3ccc(C4CCCNC4)cc3)nc12,A375,1
O=S1(=O)NC2(CN1CC(F)(F)F)C1CCC2Cc2cc(C=CCN3CCC(C(F)(F)F)CC3)ccc2C1,NC(=O)c1cccc2cn(-c3ccc(C4CCCNC4)cc3)nc12,A427,1
O=S1(=O)NC2(CN1CC(F)(F)F)C1CCC2Cc2cc(C=CCN3CCC(C(F)(F)F)CC3)ccc2C1,NC(=O)c1cccc2cn(-c3ccc(C4CCCNC4)cc3)nc12,CAOV3,1
O=S1(=O)NC2(CN1CC(F)(F)F)C1CCC2Cc2cc(C=CCN3CCC(C(F)(F)F)CC3)ccc2C1,NC(=O)c1cccc2cn(-c3ccc(C4CCCNC4)cc3)nc12,ES2,0
O=S1(=O)NC2(CN1CC(F)(F)F)C1CCC2Cc2cc(C=CCN3CCC(C(F)(F)F)CC3)ccc2C1,NC(=O)c1cccc2cn(-c3ccc(C4CCCNC4)cc3)nc12,HCT116,0
O=S1(=O)NC2(CN1CC(F)(F)F)C1CCC2Cc2cc(C=CCN3CCC(C(F)(F)F)CC3)ccc2C1,NC(=O)c1cccc2cn(-c3ccc(C4CCCNC4)cc3)nc12,HT29,1
O=S1(=O)NC2(CN1CC(F)(F)F)C1CCC2Cc2cc(C=CCN3CCC(C(F)(F)F)CC3)ccc2C1,NC(=O)c1cccc2cn(-c3ccc(C4CCCNC4)cc3)nc12,KPL1,1
O=S1(=O)NC2(CN1CC(F)(F)F)C1CCC2Cc2cc(C=CCN3CCC(C(F)(F)F)CC3)ccc2C1,NC(=O)c1cccc2cn(-c3ccc(C4CCCNC4)cc3)nc12,LNCAP,0
O=S1(=O)NC2(CN1CC(F)(F)F)C1CCC2Cc2cc(C=CCN3CCC(C(F)(F)F)CC3)ccc2C1,NC(=O)c1cccc2cn(-c3ccc(C4CCCNC4)cc3)nc12,LOVO,1
O=S1(=O)NC2(CN1CC(F)(F)F)C1CCC2Cc2cc(C=CCN3CCC(C(F)(F)F)CC3)ccc2C1,NC(=O)c1cccc2cn(-c3ccc(C4CCCNC4)cc3)nc12,MDAMB436,1
O=S1(=O)NC2(CN1CC(F)(F)F)C1CCC2Cc2cc(C=CCN3CCC(C(F)(F)F)CC3)ccc2C1,NC(=O)c1cccc2cn(-c3ccc(C4CCCNC4)cc3)nc12,MSTO,0
O=S1(=O)NC2(CN1CC(F)(F)F)C1CCC2Cc2cc(C=CCN3CCC(C(F)(F)F)CC3)ccc2C1,NC(=O)c1cccc2cn(-c3ccc(C4CCCNC4)cc3)nc12,NCIH2122,1
O=S1(=O)NC2(CN1CC(F)(F)F)C1CCC2Cc2cc(C=CCN3CCC(C(F)(F)F)CC3)ccc2C1,NC(=O)c1cccc2cn(-c3ccc(C4CCCNC4)cc3)nc12,NCIH23,1
O=S1(=O)NC2(CN1CC(F)(F)F)C1CCC2Cc2cc(C=CCN3CCC(C(F)(F)F)CC3)ccc2C1,NC(=O)c1cccc2cn(-c3ccc(C4CCCNC4)cc3)nc12,NCIH460,0
O=S1(=O)NC2(CN1CC(F)(F)F)C1CCC2Cc2cc(C=CCN3CCC(C(F)(F)F)CC3)ccc2C1,NC(=O)c1cccc2cn(-c3ccc(C4CCCNC4)cc3)nc12,OV90,0
O=S1(=O)NC2(CN1CC(F)(F)F)C1CCC2Cc2cc(C=CCN3CCC(C(F)(F)F)CC3)ccc2C1,NC(=O)c1cccc2cn(-c3ccc(C4CCCNC4)cc3)nc12,RKO,1
O=S1(=O)NC2(CN1CC(F)(F)F)C1CCC2Cc2cc(C=CCN3CCC(C(F)(F)F)CC3)ccc2C1,NC(=O)c1cccc2cn(-c3ccc(C4CCCNC4)cc3)nc12,RPMI7951,1
O=S1(=O)NC2(CN1CC(F)(F)F)C1CCC2Cc2cc(C=CCN3CCC(C(F)(F)F)CC3)ccc2C1,NC(=O)c1cccc2cn(-c3ccc(C4CCCNC4)cc3)nc12,SKMEL30,1
O=S1(=O)NC2(CN1CC(F)(F)F)C1CCC2Cc2cc(C=CCN3CCC(C(F)(F)F)CC3)ccc2C1,NC(=O)c1cccc2cn(-c3ccc(C4CCCNC4)cc3)nc12,SKOV3,1
O=S1(=O)NC2(CN1CC(F)(F)F)C1CCC2Cc2cc(C=CCN3CCC(C(F)(F)F)CC3)ccc2C1,NC(=O)c1cccc2cn(-c3ccc(C4CCCNC4)cc3)nc12,SW620,1
O=S1(=O)NC2(CN1CC(F)(F)F)C1CCC2Cc2cc(C=CCN3CCC(C(F)(F)F)CC3)ccc2C1,NC(=O)c1cccc2cn(-c3ccc(C4CCCNC4)cc3)nc12,SW837,1
O=S1(=O)NC2(CN1CC(F)(F)F)C1CCC2Cc2cc(C=CCN3CCC(C(F)(F)F)CC3)ccc2C1,NC(=O)c1cccc2cn(-c3ccc(C4CCCNC4)cc3)nc12,T47D,1
O=S1(=O)NC2(CN1CC(F)(F)F)C1CCC2Cc2cc(C=CCN3CCC(C(F)(F)F)CC3)ccc2C1,NC(=O)c1cccc2cn(-c3ccc(C4CCCNC4)cc3)nc12,UACC62,1
O=S1(=O)NC2(CN1CC(F)(F)F)C1CCC2Cc2cc(C=CCN3CCC(C(F)(F)F)CC3)ccc2C1,NC(=O)c1cccc2cn(-c3ccc(C4CCCNC4)cc3)nc12,VCAP,1
O=S1(=O)NC2(CN1CC(F)(F)F)C1CCC2Cc2cc(C=CCN3CCC(C(F)(F)F)CC3)ccc2C1,NC(=O)c1cccc2cn(-c3ccc(C4CCCNC4)cc3)nc12,ZR751,1
CC(=O)OC1C(=O)C2(C)C(O)CC3OCC3(OC(C)=O)C2C(OC(=O)c2ccccc2)C2(O)CC(OC(=O)C(O)C(NC(=O)c3ccccc3)c3ccccc3)C(C)=C1C2(C)C,NC(=O)c1cccc2cn(-c3ccc(C4CCCNC4)cc3)nc12,A2058,0
CC(=O)OC1C(=O)C2(C)C(O)CC3OCC3(OC(C)=O)C2C(OC(=O)c2ccccc2)C2(O)CC(OC(=O)C(O)C(NC(=O)c3ccccc3)c3ccccc3)C(C)=C1C2(C)C,NC(=O)c1cccc2cn(-c3ccc(C4CCCNC4)cc3)nc12,A2780,0
CC(=O)OC1C(=O)C2(C)C(O)CC3OCC3(OC(C)=O)C2C(OC(=O)c2ccccc2)C2(O)CC(OC(=O)C(O)C(NC(=O)c3ccccc3)c3ccccc3)C(C)=C1C2(C)C,NC(=O)c1cccc2cn(-c3ccc(C4CCCNC4)cc3)nc12,A375,0
CC(=O)OC1C(=O)C2(C)C(O)CC3OCC3(OC(C)=O)C2C(OC(=O)c2ccccc2)C2(O)CC(OC(=O)C(O)C(NC(=O)c3ccccc3)c3ccccc3)C(C)=C1C2(C)C,NC(=O)c1cccc2cn(-c3ccc(C4CCCNC4)cc3)nc12,A427,0
CC(=O)OC1C(=O)C2(C)C(O)CC3OCC3(OC(C)=O)C2C(OC(=O)c2ccccc2)C2(O)CC(OC(=O)C(O)C(NC(=O)c3ccccc3)c3ccccc3)C(C)=C1C2(C)C,NC(=O)c1cccc2cn(-c3ccc(C4CCCNC4)cc3)nc12,CAOV3,0
CC(=O)OC1C(=O)C2(C)C(O)CC3OCC3(OC(C)=O)C2C(OC(=O)c2ccccc2)C2(O)CC(OC(=O)C(O)C(NC(=O)c3ccccc3)c3ccccc3)C(C)=C1C2(C)C,NC(=O)c1cccc2cn(-c3ccc(C4CCCNC4)cc3)nc12,ES2,0
CC(=O)OC1C(=O)C2(C)C(O)CC3OCC3(OC(C)=O)C2C(OC(=O)c2ccccc2)C2(O)CC(OC(=O)C(O)C(NC(=O)c3ccccc3)c3ccccc3)C(C)=C1C2(C)C,NC(=O)c1cccc2cn(-c3ccc(C4CCCNC4)cc3)nc12,HCT116,0
CC(=O)OC1C(=O)C2(C)C(O)CC3OCC3(OC(C)=O)C2C(OC(=O)c2ccccc2)C2(O)CC(OC(=O)C(O)C(NC(=O)c3ccccc3)c3ccccc3)C(C)=C1C2(C)C,NC(=O)c1cccc2cn(-c3ccc(C4CCCNC4)cc3)nc12,HT144,0
CC(=O)OC1C(=O)C2(C)C(O)CC3OCC3(OC(C)=O)C2C(OC(=O)c2ccccc2)C2(O)CC(OC(=O)C(O)C(NC(=O)c3ccccc3)c3ccccc3)C(C)=C1C2(C)C,NC(=O)c1cccc2cn(-c3ccc(C4CCCNC4)cc3)nc12,HT29,0
CC(=O)OC1C(=O)C2(C)C(O)CC3OCC3(OC(C)=O)C2C(OC(=O)c2ccccc2)C2(O)CC(OC(=O)C(O)C(NC(=O)c3ccccc3)c3ccccc3)C(C)=C1C2(C)C,NC(=O)c1cccc2cn(-c3ccc(C4CCCNC4)cc3)nc12,KPL1,0
CC(=O)OC1C(=O)C2(C)C(O)CC3OCC3(OC(C)=O)C2C(OC(=O)c2ccccc2)C2(O)CC(OC(=O)C(O)C(NC(=O)c3ccccc3)c3ccccc3)C(C)=C1C2(C)C,NC(=O)c1cccc2cn(-c3ccc(C4CCCNC4)cc3)nc12,LNCAP,0
CC(=O)OC1C(=O)C2(C)C(O)CC3OCC3(OC(C)=O)C2C(OC(=O)c2ccccc2)C2(O)CC(OC(=O)C(O)C(NC(=O)c3ccccc3)c3ccccc3)C(C)=C1C2(C)C,NC(=O)c1cccc2cn(-c3ccc(C4CCCNC4)cc3)nc12,LOVO,0
CC(=O)OC1C(=O)C2(C)C(O)CC3OCC3(OC(C)=O)C2C(OC(=O)c2ccccc2)C2(O)CC(OC(=O)C(O)C(NC(=O)c3ccccc3)c3ccccc3)C(C)=C1C2(C)C,NC(=O)c1cccc2cn(-c3ccc(C4CCCNC4)cc3)nc12,MDAMB436,0
CC(=O)OC1C(=O)C2(C)C(O)CC3OCC3(OC(C)=O)C2C(OC(=O)c2ccccc2)C2(O)CC(OC(=O)C(O)C(NC(=O)c3ccccc3)c3ccccc3)C(C)=C1C2(C)C,NC(=O)c1cccc2cn(-c3ccc(C4CCCNC4)cc3)nc12,MSTO,0
CC(=O)OC1C(=O)C2(C)C(O)CC3OCC3(OC(C)=O)C2C(OC(=O)c2ccccc2)C2(O)CC(OC(=O)C(O)C(NC(=O)c3ccccc3)c3ccccc3)C(C)=C1C2(C)C,NC(=O)c1cccc2cn(-c3ccc(C4CCCNC4)cc3)nc12,NCIH1650,0
CC(=O)OC1C(=O)C2(C)C(O)CC3OCC3(OC(C)=O)C2C(OC(=O)c2ccccc2)C2(O)CC(OC(=O)C(O)C(NC(=O)c3ccccc3)c3ccccc3)C(C)=C1C2(C)C,NC(=O)c1cccc2cn(-c3ccc(C4CCCNC4)cc3)nc12,NCIH2122,0
CC(=O)OC1C(=O)C2(C)C(O)CC3OCC3(OC(C)=O)C2C(OC(=O)c2ccccc2)C2(O)CC(OC(=O)C(O)C(NC(=O)c3ccccc3)c3ccccc3)C(C)=C1C2(C)C,NC(=O)c1cccc2cn(-c3ccc(C4CCCNC4)cc3)nc12,NCIH23,0
CC(=O)OC1C(=O)C2(C)C(O)CC3OCC3(OC(C)=O)C2C(OC(=O)c2ccccc2)C2(O)CC(OC(=O)C(O)C(NC(=O)c3ccccc3)c3ccccc3)C(C)=C1C2(C)C,NC(=O)c1cccc2cn(-c3ccc(C4CCCNC4)cc3)nc12,NCIH460,1
CC(=O)OC1C(=O)C2(C)C(O)CC3OCC3(OC(C)=O)C2C(OC(=O)c2ccccc2)C2(O)CC(OC(=O)C(O)C(NC(=O)c3ccccc3)c3ccccc3)C(C)=C1C2(C)C,NC(=O)c1cccc2cn(-c3ccc(C4CCCNC4)cc3)nc12,NCIH520,0
CC(=O)OC1C(=O)C2(C)C(O)CC3OCC3(OC(C)=O)C2C(OC(=O)c2ccccc2)C2(O)CC(OC(=O)C(O)C(NC(=O)c3ccccc3)c3ccccc3)C(C)=C1C2(C)C,NC(=O)c1cccc2cn(-c3ccc(C4CCCNC4)cc3)nc12,OV90,0
CC(=O)OC1C(=O)C2(C)C(O)CC3OCC3(OC(C)=O)C2C(OC(=O)c2ccccc2)C2(O)CC(OC(=O)C(O)C(NC(=O)c3ccccc3)c3ccccc3)C(C)=C1C2(C)C,NC(=O)c1cccc2cn(-c3ccc(C4CCCNC4)cc3)nc12,RKO,0
CC(=O)OC1C(=O)C2(C)C(O)CC3OCC3(OC(C)=O)C2C(OC(=O)c2ccccc2)C2(O)CC(OC(=O)C(O)C(NC(=O)c3ccccc3)c3ccccc3)C(C)=C1C2(C)C,NC(=O)c1cccc2cn(-c3ccc(C4CCCNC4)cc3)nc12,RPMI7951,0
CC(=O)OC1C(=O)C2(C)C(O)CC3OCC3(OC(C)=O)C2C(OC(=O)c2ccccc2)C2(O)CC(OC(=O)C(O)C(NC(=O)c3ccccc3)c3ccccc3)C(C)=C1C2(C)C,NC(=O)c1cccc2cn(-c3ccc(C4CCCNC4)cc3)nc12,SW837,0
CC(=O)OC1C(=O)C2(C)C(O)CC3OCC3(OC(C)=O)C2C(OC(=O)c2ccccc2)C2(O)CC(OC(=O)C(O)C(NC(=O)c3ccccc3)c3ccccc3)C(C)=C1C2(C)C,NC(=O)c1cccc2cn(-c3ccc(C4CCCNC4)cc3)nc12,T47D,0
CC(=O)OC1C(=O)C2(C)C(O)CC3OCC3(OC(C)=O)C2C(OC(=O)c2ccccc2)C2(O)CC(OC(=O)C(O)C(NC(=O)c3ccccc3)c3ccccc3)C(C)=C1C2(C)C,NC(=O)c1cccc2cn(-c3ccc(C4CCCNC4)cc3)nc12,UACC62,0
CC(=O)OC1C(=O)C2(C)C(O)CC3OCC3(OC(C)=O)C2C(OC(=O)c2ccccc2)C2(O)CC(OC(=O)C(O)C(NC(=O)c3ccccc3)c3ccccc3)C(C)=C1C2(C)C,NC(=O)c1cccc2cn(-c3ccc(C4CCCNC4)cc3)nc12,VCAP,0
CCN(CC)CCNC(=O)c1c(C)[nH]c(C=C2C(=O)Nc3ccc(F)cc32)c1C,NC(=O)c1cccc2cn(-c3ccc(C4CCCNC4)cc3)nc12,A2058,0
CCN(CC)CCNC(=O)c1c(C)[nH]c(C=C2C(=O)Nc3ccc(F)cc32)c1C,NC(=O)c1cccc2cn(-c3ccc(C4CCCNC4)cc3)nc12,A2780,0
CCN(CC)CCNC(=O)c1c(C)[nH]c(C=C2C(=O)Nc3ccc(F)cc32)c1C,NC(=O)c1cccc2cn(-c3ccc(C4CCCNC4)cc3)nc12,CAOV3,0
CCN(CC)CCNC(=O)c1c(C)[nH]c(C=C2C(=O)Nc3ccc(F)cc32)c1C,NC(=O)c1cccc2cn(-c3ccc(C4CCCNC4)cc3)nc12,ES2,0
CCN(CC)CCNC(=O)c1c(C)[nH]c(C=C2C(=O)Nc3ccc(F)cc32)c1C,NC(=O)c1cccc2cn(-c3ccc(C4CCCNC4)cc3)nc12,HT144,0
CCN(CC)CCNC(=O)c1c(C)[nH]c(C=C2C(=O)Nc3ccc(F)cc32)c1C,NC(=O)c1cccc2cn(-c3ccc(C4CCCNC4)cc3)nc12,KPL1,1
CCN(CC)CCNC(=O)c1c(C)[nH]c(C=C2C(=O)Nc3ccc(F)cc32)c1C,NC(=O)c1cccc2cn(-c3ccc(C4CCCNC4)cc3)nc12,LNCAP,0
CCN(CC)CCNC(=O)c1c(C)[nH]c(C=C2C(=O)Nc3ccc(F)cc32)c1C,NC(=O)c1cccc2cn(-c3ccc(C4CCCNC4)cc3)nc12,MSTO,0
CCN(CC)CCNC(=O)c1c(C)[nH]c(C=C2C(=O)Nc3ccc(F)cc32)c1C,NC(=O)c1cccc2cn(-c3ccc(C4CCCNC4)cc3)nc12,NCIH1650,0
CCN(CC)CCNC(=O)c1c(C)[nH]c(C=C2C(=O)Nc3ccc(F)cc32)c1C,NC(=O)c1cccc2cn(-c3ccc(C4CCCNC4)cc3)nc12,NCIH2122,1
CCN(CC)CCNC(=O)c1c(C)[nH]c(C=C2C(=O)Nc3ccc(F)cc32)c1C,NC(=O)c1cccc2cn(-c3ccc(C4CCCNC4)cc3)nc12,NCIH23,0
CCN(CC)CCNC(=O)c1c(C)[nH]c(C=C2C(=O)Nc3ccc(F)cc32)c1C,NC(=O)c1cccc2cn(-c3ccc(C4CCCNC4)cc3)nc12,NCIH460,0
CCN(CC)CCNC(=O)c1c(C)[nH]c(C=C2C(=O)Nc3ccc(F)cc32)c1C,NC(=O)c1cccc2cn(-c3ccc(C4CCCNC4)cc3)nc12,OV90,0
CCN(CC)CCNC(=O)c1c(C)[nH]c(C=C2C(=O)Nc3ccc(F)cc32)c1C,NC(=O)c1cccc2cn(-c3ccc(C4CCCNC4)cc3)nc12,RKO,0
CCN(CC)CCNC(=O)c1c(C)[nH]c(C=C2C(=O)Nc3ccc(F)cc32)c1C,NC(=O)c1cccc2cn(-c3ccc(C4CCCNC4)cc3)nc12,RPMI7951,0
CCN(CC)CCNC(=O)c1c(C)[nH]c(C=C2C(=O)Nc3ccc(F)cc32)c1C,NC(=O)c1cccc2cn(-c3ccc(C4CCCNC4)cc3)nc12,SKMES1,0
CCN(CC)CCNC(=O)c1c(C)[nH]c(C=C2C(=O)Nc3ccc(F)cc32)c1C,NC(=O)c1cccc2cn(-c3ccc(C4CCCNC4)cc3)nc12,SW837,0
CCN(CC)CCNC(=O)c1c(C)[nH]c(C=C2C(=O)Nc3ccc(F)cc32)c1C,NC(=O)c1cccc2cn(-c3ccc(C4CCCNC4)cc3)nc12,T47D,1
CCN(CC)CCNC(=O)c1c(C)[nH]c(C=C2C(=O)Nc3ccc(F)cc32)c1C,NC(=O)c1cccc2cn(-c3ccc(C4CCCNC4)cc3)nc12,ZR751,1
Cn1nnc2c(C(N)=O)ncn2c1=O,NC(=O)c1cccc2cn(-c3ccc(C4CCCNC4)cc3)nc12,A2780,1
Cn1nnc2c(C(N)=O)ncn2c1=O,NC(=O)c1cccc2cn(-c3ccc(C4CCCNC4)cc3)nc12,HT144,1
Cn1nnc2c(C(N)=O)ncn2c1=O,NC(=O)c1cccc2cn(-c3ccc(C4CCCNC4)cc3)nc12,KPL1,0
Cn1nnc2c(C(N)=O)ncn2c1=O,NC(=O)c1cccc2cn(-c3ccc(C4CCCNC4)cc3)nc12,LNCAP,1
Cn1nnc2c(C(N)=O)ncn2c1=O,NC(=O)c1cccc2cn(-c3ccc(C4CCCNC4)cc3)nc12,MDAMB436,1
Cn1nnc2c(C(N)=O)ncn2c1=O,NC(=O)c1cccc2cn(-c3ccc(C4CCCNC4)cc3)nc12,MSTO,1
Cn1nnc2c(C(N)=O)ncn2c1=O,NC(=O)c1cccc2cn(-c3ccc(C4CCCNC4)cc3)nc12,NCIH460,1
Cn1nnc2c(C(N)=O)ncn2c1=O,NC(=O)c1cccc2cn(-c3ccc(C4CCCNC4)cc3)nc12,NCIH520,1
Cn1nnc2c(C(N)=O)ncn2c1=O,NC(=O)c1cccc2cn(-c3ccc(C4CCCNC4)cc3)nc12,OV90,1
Cn1nnc2c(C(N)=O)ncn2c1=O,NC(=O)c1cccc2cn(-c3ccc(C4CCCNC4)cc3)nc12,RKO,1
Cn1nnc2c(C(N)=O)ncn2c1=O,NC(=O)c1cccc2cn(-c3ccc(C4CCCNC4)cc3)nc12,RPMI7951,1
Cn1nnc2c(C(N)=O)ncn2c1=O,NC(=O)c1cccc2cn(-c3ccc(C4CCCNC4)cc3)nc12,SKMEL30,1
Cn1nnc2c(C(N)=O)ncn2c1=O,NC(=O)c1cccc2cn(-c3ccc(C4CCCNC4)cc3)nc12,SKMES1,1
Cn1nnc2c(C(N)=O)ncn2c1=O,NC(=O)c1cccc2cn(-c3ccc(C4CCCNC4)cc3)nc12,SKOV3,1
Cn1nnc2c(C(N)=O)ncn2c1=O,NC(=O)c1cccc2cn(-c3ccc(C4CCCNC4)cc3)nc12,SW837,1
Cn1nnc2c(C(N)=O)ncn2c1=O,NC(=O)c1cccc2cn(-c3ccc(C4CCCNC4)cc3)nc12,T47D,1
Cn1nnc2c(C(N)=O)ncn2c1=O,NC(=O)c1cccc2cn(-c3ccc(C4CCCNC4)cc3)nc12,UACC62,1
Cn1nnc2c(C(N)=O)ncn2c1=O,NC(=O)c1cccc2cn(-c3ccc(C4CCCNC4)cc3)nc12,VCAP,1
Cn1nnc2c(C(N)=O)ncn2c1=O,NC(=O)c1cccc2cn(-c3ccc(C4CCCNC4)cc3)nc12,ZR751,1
CCC1(O)CC2CN(CCc3c([nH]c4ccccc34)C(C(=O)OC)(c3cc4c(cc3OC)N(C)C3C(O)(C(=O)OC)C(OC(C)=O)C5(CC)C=CCN6CCC43C65)C2)C1,NC(=O)c1cccc2cn(-c3ccc(C4CCCNC4)cc3)nc12,A2058,0
CCC1(O)CC2CN(CCc3c([nH]c4ccccc34)C(C(=O)OC)(c3cc4c(cc3OC)N(C)C3C(O)(C(=O)OC)C(OC(C)=O)C5(CC)C=CCN6CCC43C65)C2)C1,NC(=O)c1cccc2cn(-c3ccc(C4CCCNC4)cc3)nc12,A2780,0
CCC1(O)CC2CN(CCc3c([nH]c4ccccc34)C(C(=O)OC)(c3cc4c(cc3OC)N(C)C3C(O)(C(=O)OC)C(OC(C)=O)C5(CC)C=CCN6CCC43C65)C2)C1,NC(=O)c1cccc2cn(-c3ccc(C4CCCNC4)cc3)nc12,A375,0
CCC1(O)CC2CN(CCc3c([nH]c4ccccc34)C(C(=O)OC)(c3cc4c(cc3OC)N(C)C3C(O)(C(=O)OC)C(OC(C)=O)C5(CC)C=CCN6CCC43C65)C2)C1,NC(=O)c1cccc2cn(-c3ccc(C4CCCNC4)cc3)nc12,A427,0
CCC1(O)CC2CN(CCc3c([nH]c4ccccc34)C(C(=O)OC)(c3cc4c(cc3OC)N(C)C3C(O)(C(=O)OC)C(OC(C)=O)C5(CC)C=CCN6CCC43C65)C2)C1,NC(=O)c1cccc2cn(-c3ccc(C4CCCNC4)cc3)nc12,CAOV3,0
CCC1(O)CC2CN(CCc3c([nH]c4ccccc34)C(C(=O)OC)(c3cc4c(cc3OC)N(C)C3C(O)(C(=O)OC)C(OC(C)=O)C5(CC)C=CCN6CCC43C65)C2)C1,NC(=O)c1cccc2cn(-c3ccc(C4CCCNC4)cc3)nc12,ES2,1
CCC1(O)CC2CN(CCc3c([nH]c4ccccc34)C(C(=O)OC)(c3cc4c(cc3OC)N(C)C3C(O)(C(=O)OC)C(OC(C)=O)C5(CC)C=CCN6CCC43C65)C2)C1,NC(=O)c1cccc2cn(-c3ccc(C4CCCNC4)cc3)nc12,HCT116,0
CCC1(O)CC2CN(CCc3c([nH]c4ccccc34)C(C(=O)OC)(c3cc4c(cc3OC)N(C)C3C(O)(C(=O)OC)C(OC(C)=O)C5(CC)C=CCN6CCC43C65)C2)C1,NC(=O)c1cccc2cn(-c3ccc(C4CCCNC4)cc3)nc12,HT144,0
CCC1(O)CC2CN(CCc3c([nH]c4ccccc34)C(C(=O)OC)(c3cc4c(cc3OC)N(C)C3C(O)(C(=O)OC)C(OC(C)=O)C5(CC)C=CCN6CCC43C65)C2)C1,NC(=O)c1cccc2cn(-c3ccc(C4CCCNC4)cc3)nc12,HT29,0
CCC1(O)CC2CN(CCc3c([nH]c4ccccc34)C(C(=O)OC)(c3cc4c(cc3OC)N(C)C3C(O)(C(=O)OC)C(OC(C)=O)C5(CC)C=CCN6CCC43C65)C2)C1,NC(=O)c1cccc2cn(-c3ccc(C4CCCNC4)cc3)nc12,LNCAP,0
CCC1(O)CC2CN(CCc3c([nH]c4ccccc34)C(C(=O)OC)(c3cc4c(cc3OC)N(C)C3C(O)(C(=O)OC)C(OC(C)=O)C5(CC)C=CCN6CCC43C65)C2)C1,NC(=O)c1cccc2cn(-c3ccc(C4CCCNC4)cc3)nc12,LOVO,0
CCC1(O)CC2CN(CCc3c([nH]c4ccccc34)C(C(=O)OC)(c3cc4c(cc3OC)N(C)C3C(O)(C(=O)OC)C(OC(C)=O)C5(CC)C=CCN6CCC43C65)C2)C1,NC(=O)c1cccc2cn(-c3ccc(C4CCCNC4)cc3)nc12,MDAMB436,0
CCC1(O)CC2CN(CCc3c([nH]c4ccccc34)C(C(=O)OC)(c3cc4c(cc3OC)N(C)C3C(O)(C(=O)OC)C(OC(C)=O)C5(CC)C=CCN6CCC43C65)C2)C1,NC(=O)c1cccc2cn(-c3ccc(C4CCCNC4)cc3)nc12,NCIH2122,1
CCC1(O)CC2CN(CCc3c([nH]c4ccccc34)C(C(=O)OC)(c3cc4c(cc3OC)N(C)C3C(O)(C(=O)OC)C(OC(C)=O)C5(CC)C=CCN6CCC43C65)C2)C1,NC(=O)c1cccc2cn(-c3ccc(C4CCCNC4)cc3)nc12,NCIH23,0
CCC1(O)CC2CN(CCc3c([nH]c4ccccc34)C(C(=O)OC)(c3cc4c(cc3OC)N(C)C3C(O)(C(=O)OC)C(OC(C)=O)C5(CC)C=CCN6CCC43C65)C2)C1,NC(=O)c1cccc2cn(-c3ccc(C4CCCNC4)cc3)nc12,NCIH520,0
CCC1(O)CC2CN(CCc3c([nH]c4ccccc34)C(C(=O)OC)(c3cc4c(cc3OC)N(C)C3C(O)(C(=O)OC)C(OC(C)=O)C5(CC)C=CCN6CCC43C65)C2)C1,NC(=O)c1cccc2cn(-c3ccc(C4CCCNC4)cc3)nc12,OV90,0
CCC1(O)CC2CN(CCc3c([nH]c4ccccc34)C(C(=O)OC)(c3cc4c(cc3OC)N(C)C3C(O)(C(=O)OC)C(OC(C)=O)C5(CC)C=CCN6CCC43C65)C2)C1,NC(=O)c1cccc2cn(-c3ccc(C4CCCNC4)cc3)nc12,RPMI7951,0
CCC1(O)CC2CN(CCc3c([nH]c4ccccc34)C(C(=O)OC)(c3cc4c(cc3OC)N(C)C3C(O)(C(=O)OC)C(OC(C)=O)C5(CC)C=CCN6CCC43C65)C2)C1,NC(=O)c1cccc2cn(-c3ccc(C4CCCNC4)cc3)nc12,SKMEL30,0
CCC1(O)CC2CN(CCc3c([nH]c4ccccc34)C(C(=O)OC)(c3cc4c(cc3OC)N(C)C3C(O)(C(=O)OC)C(OC(C)=O)C5(CC)C=CCN6CCC43C65)C2)C1,NC(=O)c1cccc2cn(-c3ccc(C4CCCNC4)cc3)nc12,SKMES1,0
CCC1(O)CC2CN(CCc3c([nH]c4ccccc34)C(C(=O)OC)(c3cc4c(cc3OC)N(C)C3C(O)(C(=O)OC)C(OC(C)=O)C5(CC)C=CCN6CCC43C65)C2)C1,NC(=O)c1cccc2cn(-c3ccc(C4CCCNC4)cc3)nc12,SKOV3,1
CCC1(O)CC2CN(CCc3c([nH]c4ccccc34)C(C(=O)OC)(c3cc4c(cc3OC)N(C)C3C(O)(C(=O)OC)C(OC(C)=O)C5(CC)C=CCN6CCC43C65)C2)C1,NC(=O)c1cccc2cn(-c3ccc(C4CCCNC4)cc3)nc12,SW620,1
CCC1(O)CC2CN(CCc3c([nH]c4ccccc34)C(C(=O)OC)(c3cc4c(cc3OC)N(C)C3C(O)(C(=O)OC)C(OC(C)=O)C5(CC)C=CCN6CCC43C65)C2)C1,NC(=O)c1cccc2cn(-c3ccc(C4CCCNC4)cc3)nc12,SW837,0
CCC1(O)CC2CN(CCc3c([nH]c4ccccc34)C(C(=O)OC)(c3cc4c(cc3OC)N(C)C3C(O)(C(=O)OC)C(OC(C)=O)C5(CC)C=CCN6CCC43C65)C2)C1,NC(=O)c1cccc2cn(-c3ccc(C4CCCNC4)cc3)nc12,T47D,0
CCC1(O)CC2CN(CCc3c([nH]c4ccccc34)C(C(=O)OC)(c3cc4c(cc3OC)N(C)C3C(O)(C(=O)OC)C(OC(C)=O)C5(CC)C=CCN6CCC43C65)C2)C1,NC(=O)c1cccc2cn(-c3ccc(C4CCCNC4)cc3)nc12,UACC62,0
CCC1(O)CC2CN(CCc3c([nH]c4ccccc34)C(C(=O)OC)(c3cc4c(cc3OC)N(C)C3C(O)(C(=O)OC)C(OC(C)=O)C5(CC)C=CCN6CCC43C65)C2)C1,NC(=O)c1cccc2cn(-c3ccc(C4CCCNC4)cc3)nc12,VCAP,1
CCC1(O)CC2CN(CCc3c([nH]c4ccccc34)C(C(=O)OC)(c3cc4c(cc3OC)N(C)C3C(O)(C(=O)OC)C(OC(C)=O)C5(CC)C=CCN6CCC43C65)C2)C1,NC(=O)c1cccc2cn(-c3ccc(C4CCCNC4)cc3)nc12,ZR751,0
CCC1=CC2CN(C1)Cc1c([nH]c3ccccc13)C(C(=O)OC)(c1cc3c(cc1OC)N(C)C1C(O)(C(=O)OC)C(OC(C)=O)C4(CC)C=CCN5CCC31C54)C2,NC(=O)c1cccc2cn(-c3ccc(C4CCCNC4)cc3)nc12,A2058,0
CCC1=CC2CN(C1)Cc1c([nH]c3ccccc13)C(C(=O)OC)(c1cc3c(cc1OC)N(C)C1C(O)(C(=O)OC)C(OC(C)=O)C4(CC)C=CCN5CCC31C54)C2,NC(=O)c1cccc2cn(-c3ccc(C4CCCNC4)cc3)nc12,A2780,0
CCC1=CC2CN(C1)Cc1c([nH]c3ccccc13)C(C(=O)OC)(c1cc3c(cc1OC)N(C)C1C(O)(C(=O)OC)C(OC(C)=O)C4(CC)C=CCN5CCC31C54)C2,NC(=O)c1cccc2cn(-c3ccc(C4CCCNC4)cc3)nc12,A375,0
CCC1=CC2CN(C1)Cc1c([nH]c3ccccc13)C(C(=O)OC)(c1cc3c(cc1OC)N(C)C1C(O)(C(=O)OC)C(OC(C)=O)C4(CC)C=CCN5CCC31C54)C2,NC(=O)c1cccc2cn(-c3ccc(C4CCCNC4)cc3)nc12,A427,0
CCC1=CC2CN(C1)Cc1c([nH]c3ccccc13)C(C(=O)OC)(c1cc3c(cc1OC)N(C)C1C(O)(C(=O)OC)C(OC(C)=O)C4(CC)C=CCN5CCC31C54)C2,NC(=O)c1cccc2cn(-c3ccc(C4CCCNC4)cc3)nc12,CAOV3,0
CCC1=CC2CN(C1)Cc1c([nH]c3ccccc13)C(C(=O)OC)(c1cc3c(cc1OC)N(C)C1C(O)(C(=O)OC)C(OC(C)=O)C4(CC)C=CCN5CCC31C54)C2,NC(=O)c1cccc2cn(-c3ccc(C4CCCNC4)cc3)nc12,ES2,0
CCC1=CC2CN(C1)Cc1c([nH]c3ccccc13)C(C(=O)OC)(c1cc3c(cc1OC)N(C)C1C(O)(C(=O)OC)C(OC(C)=O)C4(CC)C=CCN5CCC31C54)C2,NC(=O)c1cccc2cn(-c3ccc(C4CCCNC4)cc3)nc12,HCT116,0
CCC1=CC2CN(C1)Cc1c([nH]c3ccccc13)C(C(=O)OC)(c1cc3c(cc1OC)N(C)C1C(O)(C(=O)OC)C(OC(C)=O)C4(CC)C=CCN5CCC31C54)C2,NC(=O)c1cccc2cn(-c3ccc(C4CCCNC4)cc3)nc12,HT144,0
CCC1=CC2CN(C1)Cc1c([nH]c3ccccc13)C(C(=O)OC)(c1cc3c(cc1OC)N(C)C1C(O)(C(=O)OC)C(OC(C)=O)C4(CC)C=CCN5CCC31C54)C2,NC(=O)c1cccc2cn(-c3ccc(C4CCCNC4)cc3)nc12,HT29,0
CCC1=CC2CN(C1)Cc1c([nH]c3ccccc13)C(C(=O)OC)(c1cc3c(cc1OC)N(C)C1C(O)(C(=O)OC)C(OC(C)=O)C4(CC)C=CCN5CCC31C54)C2,NC(=O)c1cccc2cn(-c3ccc(C4CCCNC4)cc3)nc12,KPL1,0
CCC1=CC2CN(C1)Cc1c([nH]c3ccccc13)C(C(=O)OC)(c1cc3c(cc1OC)N(C)C1C(O)(C(=O)OC)C(OC(C)=O)C4(CC)C=CCN5CCC31C54)C2,NC(=O)c1cccc2cn(-c3ccc(C4CCCNC4)cc3)nc12,LNCAP,0
CCC1=CC2CN(C1)Cc1c([nH]c3ccccc13)C(C(=O)OC)(c1cc3c(cc1OC)N(C)C1C(O)(C(=O)OC)C(OC(C)=O)C4(CC)C=CCN5CCC31C54)C2,NC(=O)c1cccc2cn(-c3ccc(C4CCCNC4)cc3)nc12,LOVO,0
CCC1=CC2CN(C1)Cc1c([nH]c3ccccc13)C(C(=O)OC)(c1cc3c(cc1OC)N(C)C1C(O)(C(=O)OC)C(OC(C)=O)C4(CC)C=CCN5CCC31C54)C2,NC(=O)c1cccc2cn(-c3ccc(C4CCCNC4)cc3)nc12,MDAMB436,0
CCC1=CC2CN(C1)Cc1c([nH]c3ccccc13)C(C(=O)OC)(c1cc3c(cc1OC)N(C)C1C(O)(C(=O)OC)C(OC(C)=O)C4(CC)C=CCN5CCC31C54)C2,NC(=O)c1cccc2cn(-c3ccc(C4CCCNC4)cc3)nc12,MSTO,0
CCC1=CC2CN(C1)Cc1c([nH]c3ccccc13)C(C(=O)OC)(c1cc3c(cc1OC)N(C)C1C(O)(C(=O)OC)C(OC(C)=O)C4(CC)C=CCN5CCC31C54)C2,NC(=O)c1cccc2cn(-c3ccc(C4CCCNC4)cc3)nc12,NCIH1650,0
CCC1=CC2CN(C1)Cc1c([nH]c3ccccc13)C(C(=O)OC)(c1cc3c(cc1OC)N(C)C1C(O)(C(=O)OC)C(OC(C)=O)C4(CC)C=CCN5CCC31C54)C2,NC(=O)c1cccc2cn(-c3ccc(C4CCCNC4)cc3)nc12,NCIH2122,0
CCC1=CC2CN(C1)Cc1c([nH]c3ccccc13)C(C(=O)OC)(c1cc3c(cc1OC)N(C)C1C(O)(C(=O)OC)C(OC(C)=O)C4(CC)C=CCN5CCC31C54)C2,NC(=O)c1cccc2cn(-c3ccc(C4CCCNC4)cc3)nc12,NCIH23,0
CCC1=CC2CN(C1)Cc1c([nH]c3ccccc13)C(C(=O)OC)(c1cc3c(cc1OC)N(C)C1C(O)(C(=O)OC)C(OC(C)=O)C4(CC)C=CCN5CCC31C54)C2,NC(=O)c1cccc2cn(-c3ccc(C4CCCNC4)cc3)nc12,NCIH520,0
CCC1=CC2CN(C1)Cc1c([nH]c3ccccc13)C(C(=O)OC)(c1cc3c(cc1OC)N(C)C1C(O)(C(=O)OC)C(OC(C)=O)C4(CC)C=CCN5CCC31C54)C2,NC(=O)c1cccc2cn(-c3ccc(C4CCCNC4)cc3)nc12,OV90,1
CCC1=CC2CN(C1)Cc1c([nH]c3ccccc13)C(C(=O)OC)(c1cc3c(cc1OC)N(C)C1C(O)(C(=O)OC)C(OC(C)=O)C4(CC)C=CCN5CCC31C54)C2,NC(=O)c1cccc2cn(-c3ccc(C4CCCNC4)cc3)nc12,RKO,0
CCC1=CC2CN(C1)Cc1c([nH]c3ccccc13)C(C(=O)OC)(c1cc3c(cc1OC)N(C)C1C(O)(C(=O)OC)C(OC(C)=O)C4(CC)C=CCN5CCC31C54)C2,NC(=O)c1cccc2cn(-c3ccc(C4CCCNC4)cc3)nc12,RPMI7951,0
CCC1=CC2CN(C1)Cc1c([nH]c3ccccc13)C(C(=O)OC)(c1cc3c(cc1OC)N(C)C1C(O)(C(=O)OC)C(OC(C)=O)C4(CC)C=CCN5CCC31C54)C2,NC(=O)c1cccc2cn(-c3ccc(C4CCCNC4)cc3)nc12,SKMEL30,0
CCC1=CC2CN(C1)Cc1c([nH]c3ccccc13)C(C(=O)OC)(c1cc3c(cc1OC)N(C)C1C(O)(C(=O)OC)C(OC(C)=O)C4(CC)C=CCN5CCC31C54)C2,NC(=O)c1cccc2cn(-c3ccc(C4CCCNC4)cc3)nc12,SKOV3,0
CCC1=CC2CN(C1)Cc1c([nH]c3ccccc13)C(C(=O)OC)(c1cc3c(cc1OC)N(C)C1C(O)(C(=O)OC)C(OC(C)=O)C4(CC)C=CCN5CCC31C54)C2,NC(=O)c1cccc2cn(-c3ccc(C4CCCNC4)cc3)nc12,SW620,0
CCC1=CC2CN(C1)Cc1c([nH]c3ccccc13)C(C(=O)OC)(c1cc3c(cc1OC)N(C)C1C(O)(C(=O)OC)C(OC(C)=O)C4(CC)C=CCN5CCC31C54)C2,NC(=O)c1cccc2cn(-c3ccc(C4CCCNC4)cc3)nc12,SW837,0
CCC1=CC2CN(C1)Cc1c([nH]c3ccccc13)C(C(=O)OC)(c1cc3c(cc1OC)N(C)C1C(O)(C(=O)OC)C(OC(C)=O)C4(CC)C=CCN5CCC31C54)C2,NC(=O)c1cccc2cn(-c3ccc(C4CCCNC4)cc3)nc12,T47D,0
CCC1=CC2CN(C1)Cc1c([nH]c3ccccc13)C(C(=O)OC)(c1cc3c(cc1OC)N(C)C1C(O)(C(=O)OC)C(OC(C)=O)C4(CC)C=CCN5CCC31C54)C2,NC(=O)c1cccc2cn(-c3ccc(C4CCCNC4)cc3)nc12,UACC62,0
CCC1=CC2CN(C1)Cc1c([nH]c3ccccc13)C(C(=O)OC)(c1cc3c(cc1OC)N(C)C1C(O)(C(=O)OC)C(OC(C)=O)C4(CC)C=CCN5CCC31C54)C2,NC(=O)c1cccc2cn(-c3ccc(C4CCCNC4)cc3)nc12,VCAP,0
CCC1=CC2CN(C1)Cc1c([nH]c3ccccc13)C(C(=O)OC)(c1cc3c(cc1OC)N(C)C1C(O)(C(=O)OC)C(OC(C)=O)C4(CC)C=CCN5CCC31C54)C2,NC(=O)c1cccc2cn(-c3ccc(C4CCCNC4)cc3)nc12,ZR751,0
O=C(CCCCCCC(=O)Nc1ccccc1)NO,NC(=O)c1cccc2cn(-c3ccc(C4CCCNC4)cc3)nc12,A2780,1
O=C(CCCCCCC(=O)Nc1ccccc1)NO,NC(=O)c1cccc2cn(-c3ccc(C4CCCNC4)cc3)nc12,A375,1
O=C(CCCCCCC(=O)Nc1ccccc1)NO,NC(=O)c1cccc2cn(-c3ccc(C4CCCNC4)cc3)nc12,A427,0
O=C(CCCCCCC(=O)Nc1ccccc1)NO,NC(=O)c1cccc2cn(-c3ccc(C4CCCNC4)cc3)nc12,CAOV3,0
O=C(CCCCCCC(=O)Nc1ccccc1)NO,NC(=O)c1cccc2cn(-c3ccc(C4CCCNC4)cc3)nc12,ES2,0
O=C(CCCCCCC(=O)Nc1ccccc1)NO,NC(=O)c1cccc2cn(-c3ccc(C4CCCNC4)cc3)nc12,HCT116,0
O=C(CCCCCCC(=O)Nc1ccccc1)NO,NC(=O)c1cccc2cn(-c3ccc(C4CCCNC4)cc3)nc12,HT29,1
O=C(CCCCCCC(=O)Nc1ccccc1)NO,NC(=O)c1cccc2cn(-c3ccc(C4CCCNC4)cc3)nc12,KPL1,0
O=C(CCCCCCC(=O)Nc1ccccc1)NO,NC(=O)c1cccc2cn(-c3ccc(C4CCCNC4)cc3)nc12,LNCAP,1
O=C(CCCCCCC(=O)Nc1ccccc1)NO,NC(=O)c1cccc2cn(-c3ccc(C4CCCNC4)cc3)nc12,LOVO,0
O=C(CCCCCCC(=O)Nc1ccccc1)NO,NC(=O)c1cccc2cn(-c3ccc(C4CCCNC4)cc3)nc12,MDAMB436,1
O=C(CCCCCCC(=O)Nc1ccccc1)NO,NC(=O)c1cccc2cn(-c3ccc(C4CCCNC4)cc3)nc12,MSTO,1
O=C(CCCCCCC(=O)Nc1ccccc1)NO,NC(=O)c1cccc2cn(-c3ccc(C4CCCNC4)cc3)nc12,NCIH2122,1
O=C(CCCCCCC(=O)Nc1ccccc1)NO,NC(=O)c1cccc2cn(-c3ccc(C4CCCNC4)cc3)nc12,NCIH23,0
O=C(CCCCCCC(=O)Nc1ccccc1)NO,NC(=O)c1cccc2cn(-c3ccc(C4CCCNC4)cc3)nc12,NCIH460,1
O=C(CCCCCCC(=O)Nc1ccccc1)NO,NC(=O)c1cccc2cn(-c3ccc(C4CCCNC4)cc3)nc12,NCIH520,0
O=C(CCCCCCC(=O)Nc1ccccc1)NO,NC(=O)c1cccc2cn(-c3ccc(C4CCCNC4)cc3)nc12,OV90,0
O=C(CCCCCCC(=O)Nc1ccccc1)NO,NC(=O)c1cccc2cn(-c3ccc(C4CCCNC4)cc3)nc12,RKO,0
O=C(CCCCCCC(=O)Nc1ccccc1)NO,NC(=O)c1cccc2cn(-c3ccc(C4CCCNC4)cc3)nc12,SKMEL30,0
O=C(CCCCCCC(=O)Nc1ccccc1)NO,NC(=O)c1cccc2cn(-c3ccc(C4CCCNC4)cc3)nc12,SKOV3,1
O=C(CCCCCCC(=O)Nc1ccccc1)NO,NC(=O)c1cccc2cn(-c3ccc(C4CCCNC4)cc3)nc12,SW620,0
O=C(CCCCCCC(=O)Nc1ccccc1)NO,NC(=O)c1cccc2cn(-c3ccc(C4CCCNC4)cc3)nc12,T47D,0
O=C(CCCCCCC(=O)Nc1ccccc1)NO,NC(=O)c1cccc2cn(-c3ccc(C4CCCNC4)cc3)nc12,VCAP,1
NC(=O)c1cccc2cn(-c3ccc(C4CCCNC4)cc3)nc12,Cn1cc(-c2cnn3c(N)c(Br)c(C4CCCNC4)nc23)cn1,A2058,1
NC(=O)c1cccc2cn(-c3ccc(C4CCCNC4)cc3)nc12,Cn1cc(-c2cnn3c(N)c(Br)c(C4CCCNC4)nc23)cn1,A375,1
NC(=O)c1cccc2cn(-c3ccc(C4CCCNC4)cc3)nc12,Cn1cc(-c2cnn3c(N)c(Br)c(C4CCCNC4)nc23)cn1,A427,0
NC(=O)c1cccc2cn(-c3ccc(C4CCCNC4)cc3)nc12,Cn1cc(-c2cnn3c(N)c(Br)c(C4CCCNC4)nc23)cn1,CAOV3,1
NC(=O)c1cccc2cn(-c3ccc(C4CCCNC4)cc3)nc12,Cn1cc(-c2cnn3c(N)c(Br)c(C4CCCNC4)nc23)cn1,ES2,0
NC(=O)c1cccc2cn(-c3ccc(C4CCCNC4)cc3)nc12,Cn1cc(-c2cnn3c(N)c(Br)c(C4CCCNC4)nc23)cn1,HCT116,1
NC(=O)c1cccc2cn(-c3ccc(C4CCCNC4)cc3)nc12,Cn1cc(-c2cnn3c(N)c(Br)c(C4CCCNC4)nc23)cn1,LOVO,0
NC(=O)c1cccc2cn(-c3ccc(C4CCCNC4)cc3)nc12,Cn1cc(-c2cnn3c(N)c(Br)c(C4CCCNC4)nc23)cn1,NCIH1650,0
NC(=O)c1cccc2cn(-c3ccc(C4CCCNC4)cc3)nc12,Cn1cc(-c2cnn3c(N)c(Br)c(C4CCCNC4)nc23)cn1,NCIH2122,0
NC(=O)c1cccc2cn(-c3ccc(C4CCCNC4)cc3)nc12,Cn1cc(-c2cnn3c(N)c(Br)c(C4CCCNC4)nc23)cn1,NCIH23,0
NC(=O)c1cccc2cn(-c3ccc(C4CCCNC4)cc3)nc12,CCc1c2c(nc3ccc(O)cc13)-c1cc3c(c(=O)n1C2)COC(=O)C3(O)CC,A2058,1
NC(=O)c1cccc2cn(-c3ccc(C4CCCNC4)cc3)nc12,CCc1c2c(nc3ccc(O)cc13)-c1cc3c(c(=O)n1C2)COC(=O)C3(O)CC,A375,1
NC(=O)c1cccc2cn(-c3ccc(C4CCCNC4)cc3)nc12,CCc1c2c(nc3ccc(O)cc13)-c1cc3c(c(=O)n1C2)COC(=O)C3(O)CC,A427,1
NC(=O)c1cccc2cn(-c3ccc(C4CCCNC4)cc3)nc12,CCc1c2c(nc3ccc(O)cc13)-c1cc3c(c(=O)n1C2)COC(=O)C3(O)CC,CAOV3,1
NC(=O)c1cccc2cn(-c3ccc(C4CCCNC4)cc3)nc12,CCc1c2c(nc3ccc(O)cc13)-c1cc3c(c(=O)n1C2)COC(=O)C3(O)CC,ES2,1
NC(=O)c1cccc2cn(-c3ccc(C4CCCNC4)cc3)nc12,CCc1c2c(nc3ccc(O)cc13)-c1cc3c(c(=O)n1C2)COC(=O)C3(O)CC,HCT116,1
NC(=O)c1cccc2cn(-c3ccc(C4CCCNC4)cc3)nc12,CCc1c2c(nc3ccc(O)cc13)-c1cc3c(c(=O)n1C2)COC(=O)C3(O)CC,LOVO,0
NC(=O)c1cccc2cn(-c3ccc(C4CCCNC4)cc3)nc12,CCc1c2c(nc3ccc(O)cc13)-c1cc3c(c(=O)n1C2)COC(=O)C3(O)CC,NCIH23,1
NC(=O)c1cccc2cn(-c3ccc(C4CCCNC4)cc3)nc12,CCc1c2c(nc3ccc(O)cc13)-c1cc3c(c(=O)n1C2)COC(=O)C3(O)CC,SW620,1
Cn1nnc2c(C(N)=O)ncn2c1=O,NC(=O)c1cccc2cn(-c3ccc(C4CCCNC4)cc3)nc12,A2058,1
Cn1nnc2c(C(N)=O)ncn2c1=O,NC(=O)c1cccc2cn(-c3ccc(C4CCCNC4)cc3)nc12,A375,1
Cn1nnc2c(C(N)=O)ncn2c1=O,NC(=O)c1cccc2cn(-c3ccc(C4CCCNC4)cc3)nc12,A427,1
Cn1nnc2c(C(N)=O)ncn2c1=O,NC(=O)c1cccc2cn(-c3ccc(C4CCCNC4)cc3)nc12,CAOV3,1
Cn1nnc2c(C(N)=O)ncn2c1=O,NC(=O)c1cccc2cn(-c3ccc(C4CCCNC4)cc3)nc12,ES2,1
Cn1nnc2c(C(N)=O)ncn2c1=O,NC(=O)c1cccc2cn(-c3ccc(C4CCCNC4)cc3)nc12,HCT116,1
Cn1nnc2c(C(N)=O)ncn2c1=O,NC(=O)c1cccc2cn(-c3ccc(C4CCCNC4)cc3)nc12,HT29,1
Cn1nnc2c(C(N)=O)ncn2c1=O,NC(=O)c1cccc2cn(-c3ccc(C4CCCNC4)cc3)nc12,LOVO,1
Cn1nnc2c(C(N)=O)ncn2c1=O,NC(=O)c1cccc2cn(-c3ccc(C4CCCNC4)cc3)nc12,NCIH1650,1
Cn1nnc2c(C(N)=O)ncn2c1=O,NC(=O)c1cccc2cn(-c3ccc(C4CCCNC4)cc3)nc12,NCIH2122,1
Cn1nnc2c(C(N)=O)ncn2c1=O,NC(=O)c1cccc2cn(-c3ccc(C4CCCNC4)cc3)nc12,NCIH23,1
Cn1nnc2c(C(N)=O)ncn2c1=O,NC(=O)c1cccc2cn(-c3ccc(C4CCCNC4)cc3)nc12,SW620,1
