drug1,drug2,cell,label
CC1(c2nc3c(C(N)=O)cccc3[nH]2)CCCN1,NC1CCCCC1N.O=C(O)C(=O)O.[Pt+2],A2780,0
CC1(c2nc3c(C(N)=O)cccc3[nH]2)CCCN1,NC1CCCCC1N.O=C(O)C(=O)O.[Pt+2],A375,0
CC1(c2nc3c(C(N)=O)cccc3[nH]2)CCCN1,NC1CCCCC1N.O=C(O)C(=O)O.[Pt+2],A427,0
CC1(c2nc3c(C(N)=O)cccc3[nH]2)CCCN1,NC1CCCCC1N.O=C(O)C(=O)O.[Pt+2],ES2,0
CC1(c2nc3c(C(N)=O)cccc3[nH]2)CCCN1,NC1CCCCC1N.O=C(O)C(=O)O.[Pt+2],HT144,0
CC1(c2nc3c(C(N)=O)cccc3[nH]2)CCCN1,NC1CCCCC1N.O=C(O)C(=O)O.[Pt+2],HT29,0
CC1(c2nc3c(C(N)=O)cccc3[nH]2)CCCN1,NC1CCCCC1N.O=C(O)C(=O)O.[Pt+2],LNCAP,0
CC1(c2nc3c(C(N)=O)cccc3[nH]2)CCCN1,NC1CCCCC1N.O=C(O)C(=O)O.[Pt+2],LOVO,0
CC1(c2nc3c(C(N)=O)cccc3[nH]2)CCCN1,NC1CCCCC1N.O=C(O)C(=O)O.[Pt+2],MDAMB436,0
CC1(c2nc3c(C(N)=O)cccc3[nH]2)CCCN1,NC1CCCCC1N.O=C(O)C(=O)O.[Pt+2],MSTO,1
CC1(c2nc3c(C(N)=O)cccc3[nH]2)CCCN1,NC1CCCCC1N.O=C(O)C(=O)O.[Pt+2],NCIH1650,0
CC1(c2nc3c(C(N)=O)cccc3[nH]2)CCCN1,NC1CCCCC1N.O=C(O)C(=O)O.[Pt+2],NCIH23,0
CC1(c2nc3c(C(N)=O)cccc3[nH]2)CCCN1,NC1CCCCC1N.O=C(O)C(=O)O.[Pt+2],NCIH460,0
CC1(c2nc3c(C(N)=O)cccc3[nH]2)CCCN1,NC1CCCCC1N.O=C(O)C(=O)O.[Pt+2],NCIH520,0
CC1(c2nc3c(C(N)=O)cccc3[nH]2)CCCN1,NC1CCCCC1N.O=C(O)C(=O)O.[Pt+2],OV90,0
CC1(c2nc3c(C(N)=O)cccc3[nH]2)CCCN1,NC1CCCCC1N.O=C(O)C(=O)O.[Pt+2],RPMI7951,0
CC1(c2nc3c(C(N)=O)cccc3[nH]2)CCCN1,NC1CCCCC1N.O=C(O)C(=O)O.[Pt+2],SKMES1,0
CC1(c2nc3c(C(N)=O)cccc3[nH]2)CCCN1,NC1CCCCC1N.O=C(O)C(=O)O.[Pt+2],SKOV3,0
CC1(c2nc3c(C(N)=O)cccc3[nH]2)CCCN1,NC1CCCCC1N.O=C(O)C(=O)O.[Pt+2],SW837,0
CC1(c2nc3c(C(N)=O)cccc3[nH]2)CCCN1,NC1CCCCC1N.O=C(O)C(=O)O.[Pt+2],T47D,0
CC1(c2nc3c(C(N)=O)cccc3[nH]2)CCCN1,NC1CCCCC1N.O=C(O)C(=O)O.[Pt+2],UACC62,0
CC1(c2nc3c(C(N)=O)cccc3[nH]2)CCCN1,NC1CCCCC1N.O=C(O)C(=O)O.[Pt+2],VCAP,0
CC1(c2nc3c(C(N)=O)cccc3[nH]2)CCCN1,NC1CCCCC1N.O=C(O)C(=O)O.[Pt+2],ZR751,0
C=CCn1c(=O)c2cnc(Nc3ccc(N4CCN(C)CC4)cc3)nc2n1-c1cccc(C(C)(C)O)n1,NC1CCCCC1N.O=C(O)C(=O)O.[Pt+2],A2058,0
C=CCn1c(=O)c2cnc(Nc3ccc(N4CCN(C)CC4)cc3)nc2n1-c1cccc(C(C)(C)O)n1,NC1CCCCC1N.O=C(O)C(=O)O.[Pt+2],A2780,0
C=CCn1c(=O)c2cnc(Nc3ccc(N4CCN(C)CC4)cc3)nc2n1-c1cccc(C(C)(C)O)n1,NC1CCCCC1N.O=C(O)C(=O)O.[Pt+2],A375,0
C=CCn1c(=O)c2cnc(Nc3ccc(N4CCN(C)CC4)cc3)nc2n1-c1cccc(C(C)(C)O)n1,NC1CCCCC1N.O=C(O)C(=O)O.[Pt+2],ES2,0
C=CCn1c(=O)c2cnc(Nc3ccc(N4CCN(C)CC4)cc3)nc2n1-c1cccc(C(C)(C)O)n1,NC1CCCCC1N.O=C(O)C(=O)O.[Pt+2],HT144,0
C=CCn1c(=O)c2cnc(Nc3ccc(N4CCN(C)CC4)cc3)nc2n1-c1cccc(C(C)(C)O)n1,NC1CCCCC1N.O=C(O)C(=O)O.[Pt+2],HT29,0
C=CCn1c(=O)c2cnc(Nc3ccc(N4CCN(C)CC4)cc3)nc2n1-c1cccc(C(C)(C)O)n1,NC1CCCCC1N.O=C(O)C(=O)O.[Pt+2],KPL1,0
C=CCn1c(=O)c2cnc(Nc3ccc(N4CCN(C)CC4)cc3)nc2n1-c1cccc(C(C)(C)O)n1,NC1CCCCC1N.O=C(O)C(=O)O.[Pt+2],LNCAP,1
C=CCn1c(=O)c2cnc(Nc3ccc(N4CCN(C)CC4)cc3)nc2n1-c1cccc(C(C)(C)O)n1,NC1CCCCC1N.O=C(O)C(=O)O.[Pt+2],LOVO,0
C=CCn1c(=O)c2cnc(Nc3ccc(N4CCN(C)CC4)cc3)nc2n1-c1cccc(C(C)(C)O)n1,NC1CCCCC1N.O=C(O)C(=O)O.[Pt+2],MDAMB436,0
C=CCn1c(=O)c2cnc(Nc3ccc(N4CCN(C)CC4)cc3)nc2n1-c1cccc(C(C)(C)O)n1,NC1CCCCC1N.O=C(O)C(=O)O.[Pt+2],MSTO,0
C=CCn1c(=O)c2cnc(Nc3ccc(N4CCN(C)CC4)cc3)nc2n1-c1cccc(C(C)(C)O)n1,NC1CCCCC1N.O=C(O)C(=O)O.[Pt+2],NCIH1650,0
C=CCn1c(=O)c2cnc(Nc3ccc(N4CCN(C)CC4)cc3)nc2n1-c1cccc(C(C)(C)O)n1,NC1CCCCC1N.O=C(O)C(=O)O.[Pt+2],NCIH2122,0
C=CCn1c(=O)c2cnc(Nc3ccc(N4CCN(C)CC4)cc3)nc2n1-c1cccc(C(C)(C)O)n1,NC1CCCCC1N.O=C(O)C(=O)O.[Pt+2],NCIH23,0
C=CCn1c(=O)c2cnc(Nc3ccc(N4CCN(C)CC4)cc3)nc2n1-c1cccc(C(C)(C)O)n1,NC1CCCCC1N.O=C(O)C(=O)O.[Pt+2],NCIH460,0
C=CCn1c(=O)c2cnc(Nc3ccc(N4CCN(C)CC4)cc3)nc2n1-c1cccc(C(C)(C)O)n1,NC1CCCCC1N.O=C(O)C(=O)O.[Pt+2],NCIH520,0
C=CCn1c(=O)c2cnc(Nc3ccc(N4CCN(C)CC4)cc3)nc2n1-c1cccc(C(C)(C)O)n1,NC1CCCCC1N.O=C(O)C(=O)O.[Pt+2],OV90,0
C=CCn1c(=O)c2cnc(Nc3ccc(N4CCN(C)CC4)cc3)nc2n1-c1cccc(C(C)(C)O)n1,NC1CCCCC1N.O=C(O)C(=O)O.[Pt+2],RKO,0
C=CCn1c(=O)c2cnc(Nc3ccc(N4CCN(C)CC4)cc3)nc2n1-c1cccc(C(C)(C)O)n1,NC1CCCCC1N.O=C(O)C(=O)O.[Pt+2],RPMI7951,0
C=CCn1c(=O)c2cnc(Nc3ccc(N4CCN(C)CC4)cc3)nc2n1-c1cccc(C(C)(C)O)n1,NC1CCCCC1N.O=C(O)C(=O)O.[Pt+2],SKMEL30,0
C=CCn1c(=O)c2cnc(Nc3ccc(N4CCN(C)CC4)cc3)nc2n1-c1cccc(C(C)(C)O)n1,NC1CCCCC1N.O=C(O)C(=O)O.[Pt+2],SW620,0
C=CCn1c(=O)c2cnc(Nc3ccc(N4CCN(C)CC4)cc3)nc2n1-c1cccc(C(C)(C)O)n1,NC1CCCCC1N.O=C(O)C(=O)O.[Pt+2],SW837,0
C=CCn1c(=O)c2cnc(Nc3ccc(N4CCN(C)CC4)cc3)nc2n1-c1cccc(C(C)(C)O)n1,NC1CCCCC1N.O=C(O)C(=O)O.[Pt+2],T47D,0
C=CCn1c(=O)c2cnc(Nc3ccc(N4CCN(C)CC4)cc3)nc2n1-c1cccc(C(C)(C)O)n1,NC1CCCCC1N.O=C(O)C(=O)O.[Pt+2],UACC62,0
C=CCn1c(=O)c2cnc(Nc3ccc(N4CCN(C)CC4)cc3)nc2n1-c1cccc(C(C)(C)O)n1,NC1CCCCC1N.O=C(O)C(=O)O.[Pt+2],VCAP,0
C=CCn1c(=O)c2cnc(Nc3ccc(N4CCN(C)CC4)cc3)nc2n1-c1cccc(C(C)(C)O)n1,NC1CCCCC1N.O=C(O)C(=O)O.[Pt+2],ZR751,0
Cn1c(=O)n(-c2ccc(C(C)(C)C#N)cc2)c2c3cc(-c4cnc5ccccc5c4)ccc3ncc21,NC1CCCCC1N.O=C(O)C(=O)O.[Pt+2],A2058,1
Cn1c(=O)n(-c2ccc(C(C)(C)C#N)cc2)c2c3cc(-c4cnc5ccccc5c4)ccc3ncc21,NC1CCCCC1N.O=C(O)C(=O)O.[Pt+2],A2780,0
Cn1c(=O)n(-c2ccc(C(C)(C)C#N)cc2)c2c3cc(-c4cnc5ccccc5c4)ccc3ncc21,NC1CCCCC1N.O=C(O)C(=O)O.[Pt+2],CAOV3,1
Cn1c(=O)n(-c2ccc(C(C)(C)C#N)cc2)c2c3cc(-c4cnc5ccccc5c4)ccc3ncc21,NC1CCCCC1N.O=C(O)C(=O)O.[Pt+2],HCT116,1
Cn1c(=O)n(-c2ccc(C(C)(C)C#N)cc2)c2c3cc(-c4cnc5ccccc5c4)ccc3ncc21,NC1CCCCC1N.O=C(O)C(=O)O.[Pt+2],HT29,1
Cn1c(=O)n(-c2ccc(C(C)(C)C#N)cc2)c2c3cc(-c4cnc5ccccc5c4)ccc3ncc21,NC1CCCCC1N.O=C(O)C(=O)O.[Pt+2],KPL1,1
Cn1c(=O)n(-c2ccc(C(C)(C)C#N)cc2)c2c3cc(-c4cnc5ccccc5c4)ccc3ncc21,NC1CCCCC1N.O=C(O)C(=O)O.[Pt+2],LNCAP,1
Cn1c(=O)n(-c2ccc(C(C)(C)C#N)cc2)c2c3cc(-c4cnc5ccccc5c4)ccc3ncc21,NC1CCCCC1N.O=C(O)C(=O)O.[Pt+2],LOVO,0
Cn1c(=O)n(-c2ccc(C(C)(C)C#N)cc2)c2c3cc(-c4cnc5ccccc5c4)ccc3ncc21,NC1CCCCC1N.O=C(O)C(=O)O.[Pt+2],MDAMB436,1
Cn1c(=O)n(-c2ccc(C(C)(C)C#N)cc2)c2c3cc(-c4cnc5ccccc5c4)ccc3ncc21,NC1CCCCC1N.O=C(O)C(=O)O.[Pt+2],MSTO,1
Cn1c(=O)n(-c2ccc(C(C)(C)C#N)cc2)c2c3cc(-c4cnc5ccccc5c4)ccc3ncc21,NC1CCCCC1N.O=C(O)C(=O)O.[Pt+2],NCIH23,0
Cn1c(=O)n(-c2ccc(C(C)(C)C#N)cc2)c2c3cc(-c4cnc5ccccc5c4)ccc3ncc21,NC1CCCCC1N.O=C(O)C(=O)O.[Pt+2],NCIH520,1
Cn1c(=O)n(-c2ccc(C(C)(C)C#N)cc2)c2c3cc(-c4cnc5ccccc5c4)ccc3ncc21,NC1CCCCC1N.O=C(O)C(=O)O.[Pt+2],OV90,0
Cn1c(=O)n(-c2ccc(C(C)(C)C#N)cc2)c2c3cc(-c4cnc5ccccc5c4)ccc3ncc21,NC1CCCCC1N.O=C(O)C(=O)O.[Pt+2],SKMEL30,1
Cn1c(=O)n(-c2ccc(C(C)(C)C#N)cc2)c2c3cc(-c4cnc5ccccc5c4)ccc3ncc21,NC1CCCCC1N.O=C(O)C(=O)O.[Pt+2],SKMES1,1
Cn1c(=O)n(-c2ccc(C(C)(C)C#N)cc2)c2c3cc(-c4cnc5ccccc5c4)ccc3ncc21,NC1CCCCC1N.O=C(O)C(=O)O.[Pt+2],SKOV3,1
Cn1c(=O)n(-c2ccc(C(C)(C)C#N)cc2)c2c3cc(-c4cnc5ccccc5c4)ccc3ncc21,NC1CCCCC1N.O=C(O)C(=O)O.[Pt+2],SW837,1
Cn1c(=O)n(-c2ccc(C(C)(C)C#N)cc2)c2c3cc(-c4cnc5ccccc5c4)ccc3ncc21,NC1CCCCC1N.O=C(O)C(=O)O.[Pt+2],T47D,1
Cn1c(=O)n(-c2ccc(C(C)(C)C#N)cc2)c2c3cc(-c4cnc5ccccc5c4)ccc3ncc21,NC1CCCCC1N.O=C(O)C(=O)O.[Pt+2],UACC62,1
Cn1c(=O)n(-c2ccc(C(C)(C)C#N)cc2)c2c3cc(-c4cnc5ccccc5c4)ccc3ncc21,NC1CCCCC1N.O=C(O)C(=O)O.[Pt+2],VCAP,1
Cn1c(=O)n(-c2ccc(C(C)(C)C#N)cc2)c2c3cc(-c4cnc5ccccc5c4)ccc3ncc21,NC1CCCCC1N.O=C(O)C(=O)O.[Pt+2],ZR751,0
CC(C)CC(NC(=O)C(Cc1ccccc1)NC(=O)c1cnccn1)B(O)O,NC1CCCCC1N.O=C(O)C(=O)O.[Pt+2],A2780,0
CC(C)CC(NC(=O)C(Cc1ccccc1)NC(=O)c1cnccn1)B(O)O,NC1CCCCC1N.O=C(O)C(=O)O.[Pt+2],A375,0
CC(C)CC(NC(=O)C(Cc1ccccc1)NC(=O)c1cnccn1)B(O)O,NC1CCCCC1N.O=C(O)C(=O)O.[Pt+2],A427,0
CC(C)CC(NC(=O)C(Cc1ccccc1)NC(=O)c1cnccn1)B(O)O,NC1CCCCC1N.O=C(O)C(=O)O.[Pt+2],CAOV3,0
CC(C)CC(NC(=O)C(Cc1ccccc1)NC(=O)c1cnccn1)B(O)O,NC1CCCCC1N.O=C(O)C(=O)O.[Pt+2],ES2,0
CC(C)CC(NC(=O)C(Cc1ccccc1)NC(=O)c1cnccn1)B(O)O,NC1CCCCC1N.O=C(O)C(=O)O.[Pt+2],HCT116,0
CC(C)CC(NC(=O)C(Cc1ccccc1)NC(=O)c1cnccn1)B(O)O,NC1CCCCC1N.O=C(O)C(=O)O.[Pt+2],HT144,0
CC(C)CC(NC(=O)C(Cc1ccccc1)NC(=O)c1cnccn1)B(O)O,NC1CCCCC1N.O=C(O)C(=O)O.[Pt+2],HT29,0
CC(C)CC(NC(=O)C(Cc1ccccc1)NC(=O)c1cnccn1)B(O)O,NC1CCCCC1N.O=C(O)C(=O)O.[Pt+2],LNCAP,0
CC(C)CC(NC(=O)C(Cc1ccccc1)NC(=O)c1cnccn1)B(O)O,NC1CCCCC1N.O=C(O)C(=O)O.[Pt+2],LOVO,0
CC(C)CC(NC(=O)C(Cc1ccccc1)NC(=O)c1cnccn1)B(O)O,NC1CCCCC1N.O=C(O)C(=O)O.[Pt+2],MDAMB436,0
CC(C)CC(NC(=O)C(Cc1ccccc1)NC(=O)c1cnccn1)B(O)O,NC1CCCCC1N.O=C(O)C(=O)O.[Pt+2],MSTO,1
CC(C)CC(NC(=O)C(Cc1ccccc1)NC(=O)c1cnccn1)B(O)O,NC1CCCCC1N.O=C(O)C(=O)O.[Pt+2],NCIH1650,0
CC(C)CC(NC(=O)C(Cc1ccccc1)NC(=O)c1cnccn1)B(O)O,NC1CCCCC1N.O=C(O)C(=O)O.[Pt+2],NCIH23,0
CC(C)CC(NC(=O)C(Cc1ccccc1)NC(=O)c1cnccn1)B(O)O,NC1CCCCC1N.O=C(O)C(=O)O.[Pt+2],NCIH460,0
CC(C)CC(NC(=O)C(Cc1ccccc1)NC(=O)c1cnccn1)B(O)O,NC1CCCCC1N.O=C(O)C(=O)O.[Pt+2],NCIH520,0
CC(C)CC(NC(=O)C(Cc1ccccc1)NC(=O)c1cnccn1)B(O)O,NC1CCCCC1N.O=C(O)C(=O)O.[Pt+2],OV90,0
CC(C)CC(NC(=O)C(Cc1ccccc1)NC(=O)c1cnccn1)B(O)O,NC1CCCCC1N.O=C(O)C(=O)O.[Pt+2],RPMI7951,0
CC(C)CC(NC(=O)C(Cc1ccccc1)NC(=O)c1cnccn1)B(O)O,NC1CCCCC1N.O=C(O)C(=O)O.[Pt+2],SKMEL30,0
CC(C)CC(NC(=O)C(Cc1ccccc1)NC(=O)c1cnccn1)B(O)O,NC1CCCCC1N.O=C(O)C(=O)O.[Pt+2],SKMES1,0
CC(C)CC(NC(=O)C(Cc1ccccc1)NC(=O)c1cnccn1)B(O)O,NC1CCCCC1N.O=C(O)C(=O)O.[Pt+2],SW620,0
CC(C)CC(NC(=O)C(Cc1ccccc1)NC(=O)c1cnccn1)B(O)O,NC1CCCCC1N.O=C(O)C(=O)O.[Pt+2],T47D,0
CC(C)CC(NC(=O)C(Cc1ccccc1)NC(=O)c1cnccn1)B(O)O,NC1CCCCC1N.O=C(O)C(=O)O.[Pt+2],UACC62,0
CC(C)CC(NC(=O)C(Cc1ccccc1)NC(=O)c1cnccn1)B(O)O,NC1CCCCC1N.O=C(O)C(=O)O.[Pt+2],VCAP,0
CC(C)CC(NC(=O)C(Cc1ccccc1)NC(=O)c1cnccn1)B(O)O,NC1CCCCC1N.O=C(O)C(=O)O.[Pt+2],ZR751,0
Cc1nc(Nc2ncc(C(=O)Nc3c(C)cccc3Cl)s2)cc(N2CCN(CCO)CC2)n1,NC1CCCCC1N.O=C(O)C(=O)O.[Pt+2],A2058,1
Cc1nc(Nc2ncc(C(=O)Nc3c(C)cccc3Cl)s2)cc(N2CCN(CCO)CC2)n1,NC1CCCCC1N.O=C(O)C(=O)O.[Pt+2],A375,0
Cc1nc(Nc2ncc(C(=O)Nc3c(C)cccc3Cl)s2)cc(N2CCN(CCO)CC2)n1,NC1CCCCC1N.O=C(O)C(=O)O.[Pt+2],A427,1
Cc1nc(Nc2ncc(C(=O)Nc3c(C)cccc3Cl)s2)cc(N2CCN(CCO)CC2)n1,NC1CCCCC1N.O=C(O)C(=O)O.[Pt+2],ES2,0
Cc1nc(Nc2ncc(C(=O)Nc3c(C)cccc3Cl)s2)cc(N2CCN(CCO)CC2)n1,NC1CCCCC1N.O=C(O)C(=O)O.[Pt+2],HCT116,0
Cc1nc(Nc2ncc(C(=O)Nc3c(C)cccc3Cl)s2)cc(N2CCN(CCO)CC2)n1,NC1CCCCC1N.O=C(O)C(=O)O.[Pt+2],HT144,0
Cc1nc(Nc2ncc(C(=O)Nc3c(C)cccc3Cl)s2)cc(N2CCN(CCO)CC2)n1,NC1CCCCC1N.O=C(O)C(=O)O.[Pt+2],HT29,1
Cc1nc(Nc2ncc(C(=O)Nc3c(C)cccc3Cl)s2)cc(N2CCN(CCO)CC2)n1,NC1CCCCC1N.O=C(O)C(=O)O.[Pt+2],KPL1,0
Cc1nc(Nc2ncc(C(=O)Nc3c(C)cccc3Cl)s2)cc(N2CCN(CCO)CC2)n1,NC1CCCCC1N.O=C(O)C(=O)O.[Pt+2],LOVO,1
Cc1nc(Nc2ncc(C(=O)Nc3c(C)cccc3Cl)s2)cc(N2CCN(CCO)CC2)n1,NC1CCCCC1N.O=C(O)C(=O)O.[Pt+2],MDAMB436,0
Cc1nc(Nc2ncc(C(=O)Nc3c(C)cccc3Cl)s2)cc(N2CCN(CCO)CC2)n1,NC1CCCCC1N.O=C(O)C(=O)O.[Pt+2],MSTO,1
Cc1nc(Nc2ncc(C(=O)Nc3c(C)cccc3Cl)s2)cc(N2CCN(CCO)CC2)n1,NC1CCCCC1N.O=C(O)C(=O)O.[Pt+2],NCIH1650,1
Cc1nc(Nc2ncc(C(=O)Nc3c(C)cccc3Cl)s2)cc(N2CCN(CCO)CC2)n1,NC1CCCCC1N.O=C(O)C(=O)O.[Pt+2],NCIH2122,0
Cc1nc(Nc2ncc(C(=O)Nc3c(C)cccc3Cl)s2)cc(N2CCN(CCO)CC2)n1,NC1CCCCC1N.O=C(O)C(=O)O.[Pt+2],NCIH23,0
Cc1nc(Nc2ncc(C(=O)Nc3c(C)cccc3Cl)s2)cc(N2CCN(CCO)CC2)n1,NC1CCCCC1N.O=C(O)C(=O)O.[Pt+2],NCIH460,0
Cc1nc(Nc2ncc(C(=O)Nc3c(C)cccc3Cl)s2)cc(N2CCN(CCO)CC2)n1,NC1CCCCC1N.O=C(O)C(=O)O.[Pt+2],NCIH520,1
Cc1nc(Nc2ncc(C(=O)Nc3c(C)cccc3Cl)s2)cc(N2CCN(CCO)CC2)n1,NC1CCCCC1N.O=C(O)C(=O)O.[Pt+2],OV90,0
Cc1nc(Nc2ncc(C(=O)Nc3c(C)cccc3Cl)s2)cc(N2CCN(CCO)CC2)n1,NC1CCCCC1N.O=C(O)C(=O)O.[Pt+2],RKO,0
Cc1nc(Nc2ncc(C(=O)Nc3c(C)cccc3Cl)s2)cc(N2CCN(CCO)CC2)n1,NC1CCCCC1N.O=C(O)C(=O)O.[Pt+2],RPMI7951,0
Cc1nc(Nc2ncc(C(=O)Nc3c(C)cccc3Cl)s2)cc(N2CCN(CCO)CC2)n1,NC1CCCCC1N.O=C(O)C(=O)O.[Pt+2],SKMEL30,0
Cc1nc(Nc2ncc(C(=O)Nc3c(C)cccc3Cl)s2)cc(N2CCN(CCO)CC2)n1,NC1CCCCC1N.O=C(O)C(=O)O.[Pt+2],SKMES1,0
Cc1nc(Nc2ncc(C(=O)Nc3c(C)cccc3Cl)s2)cc(N2CCN(CCO)CC2)n1,NC1CCCCC1N.O=C(O)C(=O)O.[Pt+2],SW620,1
Cc1nc(Nc2ncc(C(=O)Nc3c(C)cccc3Cl)s2)cc(N2CCN(CCO)CC2)n1,NC1CCCCC1N.O=C(O)C(=O)O.[Pt+2],SW837,1
Cc1nc(Nc2ncc(C(=O)Nc3c(C)cccc3Cl)s2)cc(N2CCN(CCO)CC2)n1,NC1CCCCC1N.O=C(O)C(=O)O.[Pt+2],T47D,0
Cc1nc(Nc2ncc(C(=O)Nc3c(C)cccc3Cl)s2)cc(N2CCN(CCO)CC2)n1,NC1CCCCC1N.O=C(O)C(=O)O.[Pt+2],UACC62,0
Cc1nc(Nc2ncc(C(=O)Nc3c(C)cccc3Cl)s2)cc(N2CCN(CCO)CC2)n1,NC1CCCCC1N.O=C(O)C(=O)O.[Pt+2],VCAP,0
C#Cc1cccc(Nc2ncnc3cc(OCCOC)c(OCCOC)cc23)c1,NC1CCCCC1N.O=C(O)C(=O)O.[Pt+2],A2058,0
C#Cc1cccc(Nc2ncnc3cc(OCCOC)c(OCCOC)cc23)c1,NC1CCCCC1N.O=C(O)C(=O)O.[Pt+2],A2780,0
C#Cc1cccc(Nc2ncnc3cc(OCCOC)c(OCCOC)cc23)c1,NC1CCCCC1N.O=C(O)C(=O)O.[Pt+2],A375,0
C#Cc1cccc(Nc2ncnc3cc(OCCOC)c(OCCOC)cc23)c1,NC1CCCCC1N.O=C(O)C(=O)O.[Pt+2],A427,0
C#Cc1cccc(Nc2ncnc3cc(OCCOC)c(OCCOC)cc23)c1,NC1CCCCC1N.O=C(O)C(=O)O.[Pt+2],CAOV3,0
C#Cc1cccc(Nc2ncnc3cc(OCCOC)c(OCCOC)cc23)c1,NC1CCCCC1N.O=C(O)C(=O)O.[Pt+2],ES2,0
C#Cc1cccc(Nc2ncnc3cc(OCCOC)c(OCCOC)cc23)c1,NC1CCCCC1N.O=C(O)C(=O)O.[Pt+2],HCT116,0
C#Cc1cccc(Nc2ncnc3cc(OCCOC)c(OCCOC)cc23)c1,NC1CCCCC1N.O=C(O)C(=O)O.[Pt+2],HT144,0
C#Cc1cccc(Nc2ncnc3cc(OCCOC)c(OCCOC)cc23)c1,NC1CCCCC1N.O=C(O)C(=O)O.[Pt+2],HT29,0
C#Cc1cccc(Nc2ncnc3cc(OCCOC)c(OCCOC)cc23)c1,NC1CCCCC1N.O=C(O)C(=O)O.[Pt+2],KPL1,0
C#Cc1cccc(Nc2ncnc3cc(OCCOC)c(OCCOC)cc23)c1,NC1CCCCC1N.O=C(O)C(=O)O.[Pt+2],LNCAP,0
C#Cc1cccc(Nc2ncnc3cc(OCCOC)c(OCCOC)cc23)c1,NC1CCCCC1N.O=C(O)C(=O)O.[Pt+2],LOVO,0
C#Cc1cccc(Nc2ncnc3cc(OCCOC)c(OCCOC)cc23)c1,NC1CCCCC1N.O=C(O)C(=O)O.[Pt+2],MDAMB436,0
C#Cc1cccc(Nc2ncnc3cc(OCCOC)c(OCCOC)cc23)c1,NC1CCCCC1N.O=C(O)C(=O)O.[Pt+2],MSTO,0
C#Cc1cccc(Nc2ncnc3cc(OCCOC)c(OCCOC)cc23)c1,NC1CCCCC1N.O=C(O)C(=O)O.[Pt+2],NCIH1650,0
C#Cc1cccc(Nc2ncnc3cc(OCCOC)c(OCCOC)cc23)c1,NC1CCCCC1N.O=C(O)C(=O)O.[Pt+2],NCIH2122,0
C#Cc1cccc(Nc2ncnc3cc(OCCOC)c(OCCOC)cc23)c1,NC1CCCCC1N.O=C(O)C(=O)O.[Pt+2],NCIH23,0
C#Cc1cccc(Nc2ncnc3cc(OCCOC)c(OCCOC)cc23)c1,NC1CCCCC1N.O=C(O)C(=O)O.[Pt+2],NCIH460,0
C#Cc1cccc(Nc2ncnc3cc(OCCOC)c(OCCOC)cc23)c1,NC1CCCCC1N.O=C(O)C(=O)O.[Pt+2],NCIH520,0
C#Cc1cccc(Nc2ncnc3cc(OCCOC)c(OCCOC)cc23)c1,NC1CCCCC1N.O=C(O)C(=O)O.[Pt+2],OV90,0
C#Cc1cccc(Nc2ncnc3cc(OCCOC)c(OCCOC)cc23)c1,NC1CCCCC1N.O=C(O)C(=O)O.[Pt+2],RKO,0
C#Cc1cccc(Nc2ncnc3cc(OCCOC)c(OCCOC)cc23)c1,NC1CCCCC1N.O=C(O)C(=O)O.[Pt+2],RPMI7951,0
C#Cc1cccc(Nc2ncnc3cc(OCCOC)c(OCCOC)cc23)c1,NC1CCCCC1N.O=C(O)C(=O)O.[Pt+2],SKMEL30,0
C#Cc1cccc(Nc2ncnc3cc(OCCOC)c(OCCOC)cc23)c1,NC1CCCCC1N.O=C(O)C(=O)O.[Pt+2],SW620,0
C#Cc1cccc(Nc2ncnc3cc(OCCOC)c(OCCOC)cc23)c1,NC1CCCCC1N.O=C(O)C(=O)O.[Pt+2],SW837,0
C#Cc1cccc(Nc2ncnc3cc(OCCOC)c(OCCOC)cc23)c1,NC1CCCCC1N.O=C(O)C(=O)O.[Pt+2],T47D,0
C#Cc1cccc(Nc2ncnc3cc(OCCOC)c(OCCOC)cc23)c1,NC1CCCCC1N.O=C(O)C(=O)O.[Pt+2],UACC62,0
C#Cc1cccc(Nc2ncnc3cc(OCCOC)c(OCCOC)cc23)c1,NC1CCCCC1N.O=C(O)C(=O)O.[Pt+2],VCAP,0
C#Cc1cccc(Nc2ncnc3cc(OCCOC)c(OCCOC)cc23)c1,NC1CCCCC1N.O=C(O)C(=O)O.[Pt+2],ZR751,1
COC1=C2CC(C)CC(OC)C(O)C(C)C=C(C)C(OC(N)=O)C(OC)C=CC=C(C)C(=O)NC(=CC1=O)C2=O,NC1CCCCC1N.O=C(O)C(=O)O.[Pt+2],A2058,1
COC1=C2CC(C)CC(OC)C(O)C(C)C=C(C)C(OC(N)=O)C(OC)C=CC=C(C)C(=O)NC(=CC1=O)C2=O,NC1CCCCC1N.O=C(O)C(=O)O.[Pt+2],A2780,0
COC1=C2CC(C)CC(OC)C(O)C(C)C=C(C)C(OC(N)=O)C(OC)C=CC=C(C)C(=O)NC(=CC1=O)C2=O,NC1CCCCC1N.O=C(O)C(=O)O.[Pt+2],A375,0
COC1=C2CC(C)CC(OC)C(O)C(C)C=C(C)C(OC(N)=O)C(OC)C=CC=C(C)C(=O)NC(=CC1=O)C2=O,NC1CCCCC1N.O=C(O)C(=O)O.[Pt+2],CAOV3,0
COC1=C2CC(C)CC(OC)C(O)C(C)C=C(C)C(OC(N)=O)C(OC)C=CC=C(C)C(=O)NC(=CC1=O)C2=O,NC1CCCCC1N.O=C(O)C(=O)O.[Pt+2],ES2,0
COC1=C2CC(C)CC(OC)C(O)C(C)C=C(C)C(OC(N)=O)C(OC)C=CC=C(C)C(=O)NC(=CC1=O)C2=O,NC1CCCCC1N.O=C(O)C(=O)O.[Pt+2],HCT116,1
COC1=C2CC(C)CC(OC)C(O)C(C)C=C(C)C(OC(N)=O)C(OC)C=CC=C(C)C(=O)NC(=CC1=O)C2=O,NC1CCCCC1N.O=C(O)C(=O)O.[Pt+2],HT144,0
COC1=C2CC(C)CC(OC)C(O)C(C)C=C(C)C(OC(N)=O)C(OC)C=CC=C(C)C(=O)NC(=CC1=O)C2=O,NC1CCCCC1N.O=C(O)C(=O)O.[Pt+2],HT29,0
COC1=C2CC(C)CC(OC)C(O)C(C)C=C(C)C(OC(N)=O)C(OC)C=CC=C(C)C(=O)NC(=CC1=O)C2=O,NC1CCCCC1N.O=C(O)C(=O)O.[Pt+2],LNCAP,0
COC1=C2CC(C)CC(OC)C(O)C(C)C=C(C)C(OC(N)=O)C(OC)C=CC=C(C)C(=O)NC(=CC1=O)C2=O,NC1CCCCC1N.O=C(O)C(=O)O.[Pt+2],LOVO,0
COC1=C2CC(C)CC(OC)C(O)C(C)C=C(C)C(OC(N)=O)C(OC)C=CC=C(C)C(=O)NC(=CC1=O)C2=O,NC1CCCCC1N.O=C(O)C(=O)O.[Pt+2],MSTO,1
COC1=C2CC(C)CC(OC)C(O)C(C)C=C(C)C(OC(N)=O)C(OC)C=CC=C(C)C(=O)NC(=CC1=O)C2=O,NC1CCCCC1N.O=C(O)C(=O)O.[Pt+2],NCIH1650,0
COC1=C2CC(C)CC(OC)C(O)C(C)C=C(C)C(OC(N)=O)C(OC)C=CC=C(C)C(=O)NC(=CC1=O)C2=O,NC1CCCCC1N.O=C(O)C(=O)O.[Pt+2],NCIH23,0
COC1=C2CC(C)CC(OC)C(O)C(C)C=C(C)C(OC(N)=O)C(OC)C=CC=C(C)C(=O)NC(=CC1=O)C2=O,NC1CCCCC1N.O=C(O)C(=O)O.[Pt+2],NCIH460,0
COC1=C2CC(C)CC(OC)C(O)C(C)C=C(C)C(OC(N)=O)C(OC)C=CC=C(C)C(=O)NC(=CC1=O)C2=O,NC1CCCCC1N.O=C(O)C(=O)O.[Pt+2],NCIH520,0
COC1=C2CC(C)CC(OC)C(O)C(C)C=C(C)C(OC(N)=O)C(OC)C=CC=C(C)C(=O)NC(=CC1=O)C2=O,NC1CCCCC1N.O=C(O)C(=O)O.[Pt+2],OV90,0
COC1=C2CC(C)CC(OC)C(O)C(C)C=C(C)C(OC(N)=O)C(OC)C=CC=C(C)C(=O)NC(=CC1=O)C2=O,NC1CCCCC1N.O=C(O)C(=O)O.[Pt+2],RKO,0
COC1=C2CC(C)CC(OC)C(O)C(C)C=C(C)C(OC(N)=O)C(OC)C=CC=C(C)C(=O)NC(=CC1=O)C2=O,NC1CCCCC1N.O=C(O)C(=O)O.[Pt+2],RPMI7951,0
COC1=C2CC(C)CC(OC)C(O)C(C)C=C(C)C(OC(N)=O)C(OC)C=CC=C(C)C(=O)NC(=CC1=O)C2=O,NC1CCCCC1N.O=C(O)C(=O)O.[Pt+2],SKMES1,0
COC1=C2CC(C)CC(OC)C(O)C(C)C=C(C)C(OC(N)=O)C(OC)C=CC=C(C)C(=O)NC(=CC1=O)C2=O,NC1CCCCC1N.O=C(O)C(=O)O.[Pt+2],SKOV3,0
COC1=C2CC(C)CC(OC)C(O)C(C)C=C(C)C(OC(N)=O)C(OC)C=CC=C(C)C(=O)NC(=CC1=O)C2=O,NC1CCCCC1N.O=C(O)C(=O)O.[Pt+2],SW620,0
COC1=C2CC(C)CC(OC)C(O)C(C)C=C(C)C(OC(N)=O)C(OC)C=CC=C(C)C(=O)NC(=CC1=O)C2=O,NC1CCCCC1N.O=C(O)C(=O)O.[Pt+2],SW837,0
COC1=C2CC(C)CC(OC)C(O)C(C)C=C(C)C(OC(N)=O)C(OC)C=CC=C(C)C(=O)NC(=CC1=O)C2=O,NC1CCCCC1N.O=C(O)C(=O)O.[Pt+2],T47D,0
COC1=C2CC(C)CC(OC)C(O)C(C)C=C(C)C(OC(N)=O)C(OC)C=CC=C(C)C(=O)NC(=CC1=O)C2=O,NC1CCCCC1N.O=C(O)C(=O)O.[Pt+2],UACC62,0
COC1=C2CC(C)CC(OC)C(O)C(C)C=C(C)C(OC(N)=O)C(OC)C=CC=C(C)C(=O)NC(=CC1=O)C2=O,NC1CCCCC1N.O=C(O)C(=O)O.[Pt+2],VCAP,0
COC1=C2CC(C)CC(OC)C(O)C(C)C=C(C)C(OC(N)=O)C(OC)C=CC=C(C)C(=O)NC(=CC1=O)C2=O,NC1CCCCC1N.O=C(O)C(=O)O.[Pt+2],ZR751,0
N#Cc1ccc(Cn2cncc2CN2CCN(c3cccc(Cl)c3)C(=O)C2)cc1,NC1CCCCC1N.O=C(O)C(=O)O.[Pt+2],A2780,0
N#Cc1ccc(Cn2cncc2CN2CCN(c3cccc(Cl)c3)C(=O)C2)cc1,NC1CCCCC1N.O=C(O)C(=O)O.[Pt+2],ES2,0
N#Cc1ccc(Cn2cncc2CN2CCN(c3cccc(Cl)c3)C(=O)C2)cc1,NC1CCCCC1N.O=C(O)C(=O)O.[Pt+2],HT144,0
N#Cc1ccc(Cn2cncc2CN2CCN(c3cccc(Cl)c3)C(=O)C2)cc1,NC1CCCCC1N.O=C(O)C(=O)O.[Pt+2],HT29,1
N#Cc1ccc(Cn2cncc2CN2CCN(c3cccc(Cl)c3)C(=O)C2)cc1,NC1CCCCC1N.O=C(O)C(=O)O.[Pt+2],KPL1,0
N#Cc1ccc(Cn2cncc2CN2CCN(c3cccc(Cl)c3)C(=O)C2)cc1,NC1CCCCC1N.O=C(O)C(=O)O.[Pt+2],LNCAP,0
N#Cc1ccc(Cn2cncc2CN2CCN(c3cccc(Cl)c3)C(=O)C2)cc1,NC1CCCCC1N.O=C(O)C(=O)O.[Pt+2],LOVO,0
N#Cc1ccc(Cn2cncc2CN2CCN(c3cccc(Cl)c3)C(=O)C2)cc1,NC1CCCCC1N.O=C(O)C(=O)O.[Pt+2],MDAMB436,0
N#Cc1ccc(Cn2cncc2CN2CCN(c3cccc(Cl)c3)C(=O)C2)cc1,NC1CCCCC1N.O=C(O)C(=O)O.[Pt+2],NCIH23,0
N#Cc1ccc(Cn2cncc2CN2CCN(c3cccc(Cl)c3)C(=O)C2)cc1,NC1CCCCC1N.O=C(O)C(=O)O.[Pt+2],NCIH460,0
N#Cc1ccc(Cn2cncc2CN2CCN(c3cccc(Cl)c3)C(=O)C2)cc1,NC1CCCCC1N.O=C(O)C(=O)O.[Pt+2],OV90,0
N#Cc1ccc(Cn2cncc2CN2CCN(c3cccc(Cl)c3)C(=O)C2)cc1,NC1CCCCC1N.O=C(O)C(=O)O.[Pt+2],RPMI7951,0
N#Cc1ccc(Cn2cncc2CN2CCN(c3cccc(Cl)c3)C(=O)C2)cc1,NC1CCCCC1N.O=C(O)C(=O)O.[Pt+2],SW837,0
N#Cc1ccc(Cn2cncc2CN2CCN(c3cccc(Cl)c3)C(=O)C2)cc1,NC1CCCCC1N.O=C(O)C(=O)O.[Pt+2],T47D,0
N#Cc1ccc(Cn2cncc2CN2CCN(c3cccc(Cl)c3)C(=O)C2)cc1,NC1CCCCC1N.O=C(O)C(=O)O.[Pt+2],UACC62,0
N#Cc1ccc(Cn2cncc2CN2CCN(c3cccc(Cl)c3)C(=O)C2)cc1,NC1CCCCC1N.O=C(O)C(=O)O.[Pt+2],VCAP,1
CS(=O)(=O)CCNCc1ccc(-c2ccc3ncnc(Nc4ccc(OCc5cccc(F)c5)c(Cl)c4)c3c2)o1,NC1CCCCC1N.O=C(O)C(=O)O.[Pt+2],A2058,0
CS(=O)(=O)CCNCc1ccc(-c2ccc3ncnc(Nc4ccc(OCc5cccc(F)c5)c(Cl)c4)c3c2)o1,NC1CCCCC1N.O=C(O)C(=O)O.[Pt+2],A2780,0
CS(=O)(=O)CCNCc1ccc(-c2ccc3ncnc(Nc4ccc(OCc5cccc(F)c5)c(Cl)c4)c3c2)o1,NC1CCCCC1N.O=C(O)C(=O)O.[Pt+2],A375,0
CS(=O)(=O)CCNCc1ccc(-c2ccc3ncnc(Nc4ccc(OCc5cccc(F)c5)c(Cl)c4)c3c2)o1,NC1CCCCC1N.O=C(O)C(=O)O.[Pt+2],A427,0
CS(=O)(=O)CCNCc1ccc(-c2ccc3ncnc(Nc4ccc(OCc5cccc(F)c5)c(Cl)c4)c3c2)o1,NC1CCCCC1N.O=C(O)C(=O)O.[Pt+2],CAOV3,0
CS(=O)(=O)CCNCc1ccc(-c2ccc3ncnc(Nc4ccc(OCc5cccc(F)c5)c(Cl)c4)c3c2)o1,NC1CCCCC1N.O=C(O)C(=O)O.[Pt+2],ES2,0
CS(=O)(=O)CCNCc1ccc(-c2ccc3ncnc(Nc4ccc(OCc5cccc(F)c5)c(Cl)c4)c3c2)o1,NC1CCCCC1N.O=C(O)C(=O)O.[Pt+2],HCT116,0
CS(=O)(=O)CCNCc1ccc(-c2ccc3ncnc(Nc4ccc(OCc5cccc(F)c5)c(Cl)c4)c3c2)o1,NC1CCCCC1N.O=C(O)C(=O)O.[Pt+2],HT144,0
CS(=O)(=O)CCNCc1ccc(-c2ccc3ncnc(Nc4ccc(OCc5cccc(F)c5)c(Cl)c4)c3c2)o1,NC1CCCCC1N.O=C(O)C(=O)O.[Pt+2],HT29,0
CS(=O)(=O)CCNCc1ccc(-c2ccc3ncnc(Nc4ccc(OCc5cccc(F)c5)c(Cl)c4)c3c2)o1,NC1CCCCC1N.O=C(O)C(=O)O.[Pt+2],KPL1,0
CS(=O)(=O)CCNCc1ccc(-c2ccc3ncnc(Nc4ccc(OCc5cccc(F)c5)c(Cl)c4)c3c2)o1,NC1CCCCC1N.O=C(O)C(=O)O.[Pt+2],LOVO,0
CS(=O)(=O)CCNCc1ccc(-c2ccc3ncnc(Nc4ccc(OCc5cccc(F)c5)c(Cl)c4)c3c2)o1,NC1CCCCC1N.O=C(O)C(=O)O.[Pt+2],MDAMB436,0
CS(=O)(=O)CCNCc1ccc(-c2ccc3ncnc(Nc4ccc(OCc5cccc(F)c5)c(Cl)c4)c3c2)o1,NC1CCCCC1N.O=C(O)C(=O)O.[Pt+2],MSTO,0
CS(=O)(=O)CCNCc1ccc(-c2ccc3ncnc(Nc4ccc(OCc5cccc(F)c5)c(Cl)c4)c3c2)o1,NC1CCCCC1N.O=C(O)C(=O)O.[Pt+2],NCIH1650,0
CS(=O)(=O)CCNCc1ccc(-c2ccc3ncnc(Nc4ccc(OCc5cccc(F)c5)c(Cl)c4)c3c2)o1,NC1CCCCC1N.O=C(O)C(=O)O.[Pt+2],NCIH2122,0
CS(=O)(=O)CCNCc1ccc(-c2ccc3ncnc(Nc4ccc(OCc5cccc(F)c5)c(Cl)c4)c3c2)o1,NC1CCCCC1N.O=C(O)C(=O)O.[Pt+2],NCIH23,0
CS(=O)(=O)CCNCc1ccc(-c2ccc3ncnc(Nc4ccc(OCc5cccc(F)c5)c(Cl)c4)c3c2)o1,NC1CCCCC1N.O=C(O)C(=O)O.[Pt+2],NCIH460,0
CS(=O)(=O)CCNCc1ccc(-c2ccc3ncnc(Nc4ccc(OCc5cccc(F)c5)c(Cl)c4)c3c2)o1,NC1CCCCC1N.O=C(O)C(=O)O.[Pt+2],NCIH520,0
CS(=O)(=O)CCNCc1ccc(-c2ccc3ncnc(Nc4ccc(OCc5cccc(F)c5)c(Cl)c4)c3c2)o1,NC1CCCCC1N.O=C(O)C(=O)O.[Pt+2],OV90,0
CS(=O)(=O)CCNCc1ccc(-c2ccc3ncnc(Nc4ccc(OCc5cccc(F)c5)c(Cl)c4)c3c2)o1,NC1CCCCC1N.O=C(O)C(=O)O.[Pt+2],RKO,0
CS(=O)(=O)CCNCc1ccc(-c2ccc3ncnc(Nc4ccc(OCc5cccc(F)c5)c(Cl)c4)c3c2)o1,NC1CCCCC1N.O=C(O)C(=O)O.[Pt+2],RPMI7951,0
CS(=O)(=O)CCNCc1ccc(-c2ccc3ncnc(Nc4ccc(OCc5cccc(F)c5)c(Cl)c4)c3c2)o1,NC1CCCCC1N.O=C(O)C(=O)O.[Pt+2],SKMEL30,0
CS(=O)(=O)CCNCc1ccc(-c2ccc3ncnc(Nc4ccc(OCc5cccc(F)c5)c(Cl)c4)c3c2)o1,NC1CCCCC1N.O=C(O)C(=O)O.[Pt+2],SKMES1,0
CS(=O)(=O)CCNCc1ccc(-c2ccc3ncnc(Nc4ccc(OCc5cccc(F)c5)c(Cl)c4)c3c2)o1,NC1CCCCC1N.O=C(O)C(=O)O.[Pt+2],SKOV3,0
CS(=O)(=O)CCNCc1ccc(-c2ccc3ncnc(Nc4ccc(OCc5cccc(F)c5)c(Cl)c4)c3c2)o1,NC1CCCCC1N.O=C(O)C(=O)O.[Pt+2],SW620,0
CS(=O)(=O)CCNCc1ccc(-c2ccc3ncnc(Nc4ccc(OCc5cccc(F)c5)c(Cl)c4)c3c2)o1,NC1CCCCC1N.O=C(O)C(=O)O.[Pt+2],SW837,0
CS(=O)(=O)CCNCc1ccc(-c2ccc3ncnc(Nc4ccc(OCc5cccc(F)c5)c(Cl)c4)c3c2)o1,NC1CCCCC1N.O=C(O)C(=O)O.[Pt+2],T47D,0
CS(=O)(=O)CCNCc1ccc(-c2ccc3ncnc(Nc4ccc(OCc5cccc(F)c5)c(Cl)c4)c3c2)o1,NC1CCCCC1N.O=C(O)C(=O)O.[Pt+2],UACC62,0
CS(=O)(=O)CCNCc1ccc(-c2ccc3ncnc(Nc4ccc(OCc5cccc(F)c5)c(Cl)c4)c3c2)o1,NC1CCCCC1N.O=C(O)C(=O)O.[Pt+2],VCAP,0
NC1(c2ccc(-c3nc4ccn5c(=O)[nH]nc5c4cc3-c3ccccc3)cc2)CCC1,NC1CCCCC1N.O=C(O)C(=O)O.[Pt+2],A2058,0
NC1(c2ccc(-c3nc4ccn5c(=O)[nH]nc5c4cc3-c3ccccc3)cc2)CCC1,NC1CCCCC1N.O=C(O)C(=O)O.[Pt+2],A2780,0
NC1(c2ccc(-c3nc4ccn5c(=O)[nH]nc5c4cc3-c3ccccc3)cc2)CCC1,NC1CCCCC1N.O=C(O)C(=O)O.[Pt+2],A375,0
NC1(c2ccc(-c3nc4ccn5c(=O)[nH]nc5c4cc3-c3ccccc3)cc2)CCC1,NC1CCCCC1N.O=C(O)C(=O)O.[Pt+2],A427,0
NC1(c2ccc(-c3nc4ccn5c(=O)[nH]nc5c4cc3-c3ccccc3)cc2)CCC1,NC1CCCCC1N.O=C(O)C(=O)O.[Pt+2],ES2,0
NC1(c2ccc(-c3nc4ccn5c(=O)[nH]nc5c4cc3-c3ccccc3)cc2)CCC1,NC1CCCCC1N.O=C(O)C(=O)O.[Pt+2],HCT116,0
NC1(c2ccc(-c3nc4ccn5c(=O)[nH]nc5c4cc3-c3ccccc3)cc2)CCC1,NC1CCCCC1N.O=C(O)C(=O)O.[Pt+2],HT144,0
NC1(c2ccc(-c3nc4ccn5c(=O)[nH]nc5c4cc3-c3ccccc3)cc2)CCC1,NC1CCCCC1N.O=C(O)C(=O)O.[Pt+2],KPL1,0
NC1(c2ccc(-c3nc4ccn5c(=O)[nH]nc5c4cc3-c3ccccc3)cc2)CCC1,NC1CCCCC1N.O=C(O)C(=O)O.[Pt+2],LNCAP,0
NC1(c2ccc(-c3nc4ccn5c(=O)[nH]nc5c4cc3-c3ccccc3)cc2)CCC1,NC1CCCCC1N.O=C(O)C(=O)O.[Pt+2],LOVO,0
NC1(c2ccc(-c3nc4ccn5c(=O)[nH]nc5c4cc3-c3ccccc3)cc2)CCC1,NC1CCCCC1N.O=C(O)C(=O)O.[Pt+2],MDAMB436,0
NC1(c2ccc(-c3nc4ccn5c(=O)[nH]nc5c4cc3-c3ccccc3)cc2)CCC1,NC1CCCCC1N.O=C(O)C(=O)O.[Pt+2],MSTO,0
NC1(c2ccc(-c3nc4ccn5c(=O)[nH]nc5c4cc3-c3ccccc3)cc2)CCC1,NC1CCCCC1N.O=C(O)C(=O)O.[Pt+2],NCIH1650,0
NC1(c2ccc(-c3nc4ccn5c(=O)[nH]nc5c4cc3-c3ccccc3)cc2)CCC1,NC1CCCCC1N.O=C(O)C(=O)O.[Pt+2],NCIH2122,0
NC1(c2ccc(-c3nc4ccn5c(=O)[nH]nc5c4cc3-c3ccccc3)cc2)CCC1,NC1CCCCC1N.O=C(O)C(=O)O.[Pt+2],NCIH23,0
NC1(c2ccc(-c3nc4ccn5c(=O)[nH]nc5c4cc3-c3ccccc3)cc2)CCC1,NC1CCCCC1N.O=C(O)C(=O)O.[Pt+2],NCIH460,0
NC1(c2ccc(-c3nc4ccn5c(=O)[nH]nc5c4cc3-c3ccccc3)cc2)CCC1,NC1CCCCC1N.O=C(O)C(=O)O.[Pt+2],NCIH520,0
NC1(c2ccc(-c3nc4ccn5c(=O)[nH]nc5c4cc3-c3ccccc3)cc2)CCC1,NC1CCCCC1N.O=C(O)C(=O)O.[Pt+2],OV90,0
NC1(c2ccc(-c3nc4ccn5c(=O)[nH]nc5c4cc3-c3ccccc3)cc2)CCC1,NC1CCCCC1N.O=C(O)C(=O)O.[Pt+2],RKO,0
NC1(c2ccc(-c3nc4ccn5c(=O)[nH]nc5c4cc3-c3ccccc3)cc2)CCC1,NC1CCCCC1N.O=C(O)C(=O)O.[Pt+2],RPMI7951,0
NC1(c2ccc(-c3nc4ccn5c(=O)[nH]nc5c4cc3-c3ccccc3)cc2)CCC1,NC1CCCCC1N.O=C(O)C(=O)O.[Pt+2],SKMEL30,0
NC1(c2ccc(-c3nc4ccn5c(=O)[nH]nc5c4cc3-c3ccccc3)cc2)CCC1,NC1CCCCC1N.O=C(O)C(=O)O.[Pt+2],SKOV3,0
NC1(c2ccc(-c3nc4ccn5c(=O)[nH]nc5c4cc3-c3ccccc3)cc2)CCC1,NC1CCCCC1N.O=C(O)C(=O)O.[Pt+2],SW620,0
NC1(c2ccc(-c3nc4ccn5c(=O)[nH]nc5c4cc3-c3ccccc3)cc2)CCC1,NC1CCCCC1N.O=C(O)C(=O)O.[Pt+2],UACC62,0
NC1(c2ccc(-c3nc4ccn5c(=O)[nH]nc5c4cc3-c3ccccc3)cc2)CCC1,NC1CCCCC1N.O=C(O)C(=O)O.[Pt+2],VCAP,0
NC1(c2ccc(-c3nc4ccn5c(=O)[nH]nc5c4cc3-c3ccccc3)cc2)CCC1,NC1CCCCC1N.O=C(O)C(=O)O.[Pt+2],ZR751,0
CN1C(=O)C=CC2(C)C3CCC4(C)C(NC(=O)OCC(F)(F)F)CCC4C3CCC12,NC1CCCCC1N.O=C(O)C(=O)O.[Pt+2],A2058,0
CN1C(=O)C=CC2(C)C3CCC4(C)C(NC(=O)OCC(F)(F)F)CCC4C3CCC12,NC1CCCCC1N.O=C(O)C(=O)O.[Pt+2],A2780,0
CN1C(=O)C=CC2(C)C3CCC4(C)C(NC(=O)OCC(F)(F)F)CCC4C3CCC12,NC1CCCCC1N.O=C(O)C(=O)O.[Pt+2],A375,0
CN1C(=O)C=CC2(C)C3CCC4(C)C(NC(=O)OCC(F)(F)F)CCC4C3CCC12,NC1CCCCC1N.O=C(O)C(=O)O.[Pt+2],CAOV3,0
CN1C(=O)C=CC2(C)C3CCC4(C)C(NC(=O)OCC(F)(F)F)CCC4C3CCC12,NC1CCCCC1N.O=C(O)C(=O)O.[Pt+2],ES2,0
CN1C(=O)C=CC2(C)C3CCC4(C)C(NC(=O)OCC(F)(F)F)CCC4C3CCC12,NC1CCCCC1N.O=C(O)C(=O)O.[Pt+2],HT144,0
CN1C(=O)C=CC2(C)C3CCC4(C)C(NC(=O)OCC(F)(F)F)CCC4C3CCC12,NC1CCCCC1N.O=C(O)C(=O)O.[Pt+2],KPL1,1
CN1C(=O)C=CC2(C)C3CCC4(C)C(NC(=O)OCC(F)(F)F)CCC4C3CCC12,NC1CCCCC1N.O=C(O)C(=O)O.[Pt+2],LNCAP,1
CN1C(=O)C=CC2(C)C3CCC4(C)C(NC(=O)OCC(F)(F)F)CCC4C3CCC12,NC1CCCCC1N.O=C(O)C(=O)O.[Pt+2],LOVO,0
CN1C(=O)C=CC2(C)C3CCC4(C)C(NC(=O)OCC(F)(F)F)CCC4C3CCC12,NC1CCCCC1N.O=C(O)C(=O)O.[Pt+2],MDAMB436,0
CN1C(=O)C=CC2(C)C3CCC4(C)C(NC(=O)OCC(F)(F)F)CCC4C3CCC12,NC1CCCCC1N.O=C(O)C(=O)O.[Pt+2],MSTO,0
CN1C(=O)C=CC2(C)C3CCC4(C)C(NC(=O)OCC(F)(F)F)CCC4C3CCC12,NC1CCCCC1N.O=C(O)C(=O)O.[Pt+2],NCIH1650,0
CN1C(=O)C=CC2(C)C3CCC4(C)C(NC(=O)OCC(F)(F)F)CCC4C3CCC12,NC1CCCCC1N.O=C(O)C(=O)O.[Pt+2],NCIH23,0
CN1C(=O)C=CC2(C)C3CCC4(C)C(NC(=O)OCC(F)(F)F)CCC4C3CCC12,NC1CCCCC1N.O=C(O)C(=O)O.[Pt+2],NCIH460,0
CN1C(=O)C=CC2(C)C3CCC4(C)C(NC(=O)OCC(F)(F)F)CCC4C3CCC12,NC1CCCCC1N.O=C(O)C(=O)O.[Pt+2],NCIH520,0
CN1C(=O)C=CC2(C)C3CCC4(C)C(NC(=O)OCC(F)(F)F)CCC4C3CCC12,NC1CCCCC1N.O=C(O)C(=O)O.[Pt+2],OV90,0
CN1C(=O)C=CC2(C)C3CCC4(C)C(NC(=O)OCC(F)(F)F)CCC4C3CCC12,NC1CCCCC1N.O=C(O)C(=O)O.[Pt+2],RKO,0
CN1C(=O)C=CC2(C)C3CCC4(C)C(NC(=O)OCC(F)(F)F)CCC4C3CCC12,NC1CCCCC1N.O=C(O)C(=O)O.[Pt+2],RPMI7951,0
CN1C(=O)C=CC2(C)C3CCC4(C)C(NC(=O)OCC(F)(F)F)CCC4C3CCC12,NC1CCCCC1N.O=C(O)C(=O)O.[Pt+2],SKMES1,0
CN1C(=O)C=CC2(C)C3CCC4(C)C(NC(=O)OCC(F)(F)F)CCC4C3CCC12,NC1CCCCC1N.O=C(O)C(=O)O.[Pt+2],UACC62,0
CN1C(=O)C=CC2(C)C3CCC4(C)C(NC(=O)OCC(F)(F)F)CCC4C3CCC12,NC1CCCCC1N.O=C(O)C(=O)O.[Pt+2],VCAP,1
NC(=O)c1cccc2cn(-c3ccc(C4CCCNC4)cc3)nc12,NC1CCCCC1N.O=C(O)C(=O)O.[Pt+2],A2058,1
NC(=O)c1cccc2cn(-c3ccc(C4CCCNC4)cc3)nc12,NC1CCCCC1N.O=C(O)C(=O)O.[Pt+2],A375,0
NC(=O)c1cccc2cn(-c3ccc(C4CCCNC4)cc3)nc12,NC1CCCCC1N.O=C(O)C(=O)O.[Pt+2],A427,0
NC(=O)c1cccc2cn(-c3ccc(C4CCCNC4)cc3)nc12,NC1CCCCC1N.O=C(O)C(=O)O.[Pt+2],CAOV3,0
NC(=O)c1cccc2cn(-c3ccc(C4CCCNC4)cc3)nc12,NC1CCCCC1N.O=C(O)C(=O)O.[Pt+2],ES2,0
NC(=O)c1cccc2cn(-c3ccc(C4CCCNC4)cc3)nc12,NC1CCCCC1N.O=C(O)C(=O)O.[Pt+2],HCT116,1
NC(=O)c1cccc2cn(-c3ccc(C4CCCNC4)cc3)nc12,NC1CCCCC1N.O=C(O)C(=O)O.[Pt+2],HT144,0
NC(=O)c1cccc2cn(-c3ccc(C4CCCNC4)cc3)nc12,NC1CCCCC1N.O=C(O)C(=O)O.[Pt+2],HT29,0
NC(=O)c1cccc2cn(-c3ccc(C4CCCNC4)cc3)nc12,NC1CCCCC1N.O=C(O)C(=O)O.[Pt+2],KPL1,0
NC(=O)c1cccc2cn(-c3ccc(C4CCCNC4)cc3)nc12,NC1CCCCC1N.O=C(O)C(=O)O.[Pt+2],LOVO,0
NC(=O)c1cccc2cn(-c3ccc(C4CCCNC4)cc3)nc12,NC1CCCCC1N.O=C(O)C(=O)O.[Pt+2],MDAMB436,0
NC(=O)c1cccc2cn(-c3ccc(C4CCCNC4)cc3)nc12,NC1CCCCC1N.O=C(O)C(=O)O.[Pt+2],MSTO,0
NC(=O)c1cccc2cn(-c3ccc(C4CCCNC4)cc3)nc12,NC1CCCCC1N.O=C(O)C(=O)O.[Pt+2],NCIH1650,0
NC(=O)c1cccc2cn(-c3ccc(C4CCCNC4)cc3)nc12,NC1CCCCC1N.O=C(O)C(=O)O.[Pt+2],NCIH23,0
NC(=O)c1cccc2cn(-c3ccc(C4CCCNC4)cc3)nc12,NC1CCCCC1N.O=C(O)C(=O)O.[Pt+2],NCIH460,0
NC(=O)c1cccc2cn(-c3ccc(C4CCCNC4)cc3)nc12,NC1CCCCC1N.O=C(O)C(=O)O.[Pt+2],OV90,0
NC(=O)c1cccc2cn(-c3ccc(C4CCCNC4)cc3)nc12,NC1CCCCC1N.O=C(O)C(=O)O.[Pt+2],RKO,0
NC(=O)c1cccc2cn(-c3ccc(C4CCCNC4)cc3)nc12,NC1CCCCC1N.O=C(O)C(=O)O.[Pt+2],RPMI7951,0
NC(=O)c1cccc2cn(-c3ccc(C4CCCNC4)cc3)nc12,NC1CCCCC1N.O=C(O)C(=O)O.[Pt+2],SKMES1,0
NC(=O)c1cccc2cn(-c3ccc(C4CCCNC4)cc3)nc12,NC1CCCCC1N.O=C(O)C(=O)O.[Pt+2],SW620,1
NC(=O)c1cccc2cn(-c3ccc(C4CCCNC4)cc3)nc12,NC1CCCCC1N.O=C(O)C(=O)O.[Pt+2],SW837,0
NC(=O)c1cccc2cn(-c3ccc(C4CCCNC4)cc3)nc12,NC1CCCCC1N.O=C(O)C(=O)O.[Pt+2],T47D,0
NC(=O)c1cccc2cn(-c3ccc(C4CCCNC4)cc3)nc12,NC1CCCCC1N.O=C(O)C(=O)O.[Pt+2],UACC62,0
NC(=O)c1cccc2cn(-c3ccc(C4CCCNC4)cc3)nc12,NC1CCCCC1N.O=C(O)C(=O)O.[Pt+2],ZR751,0
O=C(O)C1(Cc2cccc(Nc3nccs3)n2)CCC(Oc2cccc(Cl)c2F)CC1,NC1CCCCC1N.O=C(O)C(=O)O.[Pt+2],A2058,0
O=C(O)C1(Cc2cccc(Nc3nccs3)n2)CCC(Oc2cccc(Cl)c2F)CC1,NC1CCCCC1N.O=C(O)C(=O)O.[Pt+2],A2780,0
O=C(O)C1(Cc2cccc(Nc3nccs3)n2)CCC(Oc2cccc(Cl)c2F)CC1,NC1CCCCC1N.O=C(O)C(=O)O.[Pt+2],A375,0
O=C(O)C1(Cc2cccc(Nc3nccs3)n2)CCC(Oc2cccc(Cl)c2F)CC1,NC1CCCCC1N.O=C(O)C(=O)O.[Pt+2],A427,0
O=C(O)C1(Cc2cccc(Nc3nccs3)n2)CCC(Oc2cccc(Cl)c2F)CC1,NC1CCCCC1N.O=C(O)C(=O)O.[Pt+2],CAOV3,0
O=C(O)C1(Cc2cccc(Nc3nccs3)n2)CCC(Oc2cccc(Cl)c2F)CC1,NC1CCCCC1N.O=C(O)C(=O)O.[Pt+2],ES2,0
O=C(O)C1(Cc2cccc(Nc3nccs3)n2)CCC(Oc2cccc(Cl)c2F)CC1,NC1CCCCC1N.O=C(O)C(=O)O.[Pt+2],HT144,0
O=C(O)C1(Cc2cccc(Nc3nccs3)n2)CCC(Oc2cccc(Cl)c2F)CC1,NC1CCCCC1N.O=C(O)C(=O)O.[Pt+2],KPL1,0
O=C(O)C1(Cc2cccc(Nc3nccs3)n2)CCC(Oc2cccc(Cl)c2F)CC1,NC1CCCCC1N.O=C(O)C(=O)O.[Pt+2],LNCAP,0
O=C(O)C1(Cc2cccc(Nc3nccs3)n2)CCC(Oc2cccc(Cl)c2F)CC1,NC1CCCCC1N.O=C(O)C(=O)O.[Pt+2],LOVO,0
O=C(O)C1(Cc2cccc(Nc3nccs3)n2)CCC(Oc2cccc(Cl)c2F)CC1,NC1CCCCC1N.O=C(O)C(=O)O.[Pt+2],MDAMB436,0
O=C(O)C1(Cc2cccc(Nc3nccs3)n2)CCC(Oc2cccc(Cl)c2F)CC1,NC1CCCCC1N.O=C(O)C(=O)O.[Pt+2],NCIH1650,0
O=C(O)C1(Cc2cccc(Nc3nccs3)n2)CCC(Oc2cccc(Cl)c2F)CC1,NC1CCCCC1N.O=C(O)C(=O)O.[Pt+2],NCIH2122,0
O=C(O)C1(Cc2cccc(Nc3nccs3)n2)CCC(Oc2cccc(Cl)c2F)CC1,NC1CCCCC1N.O=C(O)C(=O)O.[Pt+2],NCIH460,0
O=C(O)C1(Cc2cccc(Nc3nccs3)n2)CCC(Oc2cccc(Cl)c2F)CC1,NC1CCCCC1N.O=C(O)C(=O)O.[Pt+2],NCIH520,0
O=C(O)C1(Cc2cccc(Nc3nccs3)n2)CCC(Oc2cccc(Cl)c2F)CC1,NC1CCCCC1N.O=C(O)C(=O)O.[Pt+2],OV90,0
O=C(O)C1(Cc2cccc(Nc3nccs3)n2)CCC(Oc2cccc(Cl)c2F)CC1,NC1CCCCC1N.O=C(O)C(=O)O.[Pt+2],RPMI7951,0
O=C(O)C1(Cc2cccc(Nc3nccs3)n2)CCC(Oc2cccc(Cl)c2F)CC1,NC1CCCCC1N.O=C(O)C(=O)O.[Pt+2],SKMES1,0
O=C(O)C1(Cc2cccc(Nc3nccs3)n2)CCC(Oc2cccc(Cl)c2F)CC1,NC1CCCCC1N.O=C(O)C(=O)O.[Pt+2],T47D,1
O=C(O)C1(Cc2cccc(Nc3nccs3)n2)CCC(Oc2cccc(Cl)c2F)CC1,NC1CCCCC1N.O=C(O)C(=O)O.[Pt+2],UACC62,0
O=C(O)C1(Cc2cccc(Nc3nccs3)n2)CCC(Oc2cccc(Cl)c2F)CC1,NC1CCCCC1N.O=C(O)C(=O)O.[Pt+2],ZR751,0
COC1CC2CCC(C)C(O)(O2)C(=O)C(=O)N2CCCCC2C(=O)OC(C(C)CC2CCC(OP(C)(C)=O)C(OC)C2)CC(=O)C(C)C=C(C)C(O)C(OC)C(=O)C(C)CC(C)C=CC=CC=C1C,NC1CCCCC1N.O=C(O)C(=O)O.[Pt+2],A2780,0
COC1CC2CCC(C)C(O)(O2)C(=O)C(=O)N2CCCCC2C(=O)OC(C(C)CC2CCC(OP(C)(C)=O)C(OC)C2)CC(=O)C(C)C=C(C)C(O)C(OC)C(=O)C(C)CC(C)C=CC=CC=C1C,NC1CCCCC1N.O=C(O)C(=O)O.[Pt+2],A375,0
COC1CC2CCC(C)C(O)(O2)C(=O)C(=O)N2CCCCC2C(=O)OC(C(C)CC2CCC(OP(C)(C)=O)C(OC)C2)CC(=O)C(C)C=C(C)C(O)C(OC)C(=O)C(C)CC(C)C=CC=CC=C1C,NC1CCCCC1N.O=C(O)C(=O)O.[Pt+2],CAOV3,0
COC1CC2CCC(C)C(O)(O2)C(=O)C(=O)N2CCCCC2C(=O)OC(C(C)CC2CCC(OP(C)(C)=O)C(OC)C2)CC(=O)C(C)C=C(C)C(O)C(OC)C(=O)C(C)CC(C)C=CC=CC=C1C,NC1CCCCC1N.O=C(O)C(=O)O.[Pt+2],ES2,0
COC1CC2CCC(C)C(O)(O2)C(=O)C(=O)N2CCCCC2C(=O)OC(C(C)CC2CCC(OP(C)(C)=O)C(OC)C2)CC(=O)C(C)C=C(C)C(O)C(OC)C(=O)C(C)CC(C)C=CC=CC=C1C,NC1CCCCC1N.O=C(O)C(=O)O.[Pt+2],HCT116,0
COC1CC2CCC(C)C(O)(O2)C(=O)C(=O)N2CCCCC2C(=O)OC(C(C)CC2CCC(OP(C)(C)=O)C(OC)C2)CC(=O)C(C)C=C(C)C(O)C(OC)C(=O)C(C)CC(C)C=CC=CC=C1C,NC1CCCCC1N.O=C(O)C(=O)O.[Pt+2],HT144,0
COC1CC2CCC(C)C(O)(O2)C(=O)C(=O)N2CCCCC2C(=O)OC(C(C)CC2CCC(OP(C)(C)=O)C(OC)C2)CC(=O)C(C)C=C(C)C(O)C(OC)C(=O)C(C)CC(C)C=CC=CC=C1C,NC1CCCCC1N.O=C(O)C(=O)O.[Pt+2],HT29,1
COC1CC2CCC(C)C(O)(O2)C(=O)C(=O)N2CCCCC2C(=O)OC(C(C)CC2CCC(OP(C)(C)=O)C(OC)C2)CC(=O)C(C)C=C(C)C(O)C(OC)C(=O)C(C)CC(C)C=CC=CC=C1C,NC1CCCCC1N.O=C(O)C(=O)O.[Pt+2],KPL1,1
COC1CC2CCC(C)C(O)(O2)C(=O)C(=O)N2CCCCC2C(=O)OC(C(C)CC2CCC(OP(C)(C)=O)C(OC)C2)CC(=O)C(C)C=C(C)C(O)C(OC)C(=O)C(C)CC(C)C=CC=CC=C1C,NC1CCCCC1N.O=C(O)C(=O)O.[Pt+2],LNCAP,1
COC1CC2CCC(C)C(O)(O2)C(=O)C(=O)N2CCCCC2C(=O)OC(C(C)CC2CCC(OP(C)(C)=O)C(OC)C2)CC(=O)C(C)C=C(C)C(O)C(OC)C(=O)C(C)CC(C)C=CC=CC=C1C,NC1CCCCC1N.O=C(O)C(=O)O.[Pt+2],LOVO,0
COC1CC2CCC(C)C(O)(O2)C(=O)C(=O)N2CCCCC2C(=O)OC(C(C)CC2CCC(OP(C)(C)=O)C(OC)C2)CC(=O)C(C)C=C(C)C(O)C(OC)C(=O)C(C)CC(C)C=CC=CC=C1C,NC1CCCCC1N.O=C(O)C(=O)O.[Pt+2],MSTO,1
COC1CC2CCC(C)C(O)(O2)C(=O)C(=O)N2CCCCC2C(=O)OC(C(C)CC2CCC(OP(C)(C)=O)C(OC)C2)CC(=O)C(C)C=C(C)C(O)C(OC)C(=O)C(C)CC(C)C=CC=CC=C1C,NC1CCCCC1N.O=C(O)C(=O)O.[Pt+2],NCIH2122,0
COC1CC2CCC(C)C(O)(O2)C(=O)C(=O)N2CCCCC2C(=O)OC(C(C)CC2CCC(OP(C)(C)=O)C(OC)C2)CC(=O)C(C)C=C(C)C(O)C(OC)C(=O)C(C)CC(C)C=CC=CC=C1C,NC1CCCCC1N.O=C(O)C(=O)O.[Pt+2],NCIH23,0
COC1CC2CCC(C)C(O)(O2)C(=O)C(=O)N2CCCCC2C(=O)OC(C(C)CC2CCC(OP(C)(C)=O)C(OC)C2)CC(=O)C(C)C=C(C)C(O)C(OC)C(=O)C(C)CC(C)C=CC=CC=C1C,NC1CCCCC1N.O=C(O)C(=O)O.[Pt+2],NCIH460,0
COC1CC2CCC(C)C(O)(O2)C(=O)C(=O)N2CCCCC2C(=O)OC(C(C)CC2CCC(OP(C)(C)=O)C(OC)C2)CC(=O)C(C)C=C(C)C(O)C(OC)C(=O)C(C)CC(C)C=CC=CC=C1C,NC1CCCCC1N.O=C(O)C(=O)O.[Pt+2],NCIH520,0
COC1CC2CCC(C)C(O)(O2)C(=O)C(=O)N2CCCCC2C(=O)OC(C(C)CC2CCC(OP(C)(C)=O)C(OC)C2)CC(=O)C(C)C=C(C)C(O)C(OC)C(=O)C(C)CC(C)C=CC=CC=C1C,NC1CCCCC1N.O=C(O)C(=O)O.[Pt+2],OV90,0
COC1CC2CCC(C)C(O)(O2)C(=O)C(=O)N2CCCCC2C(=O)OC(C(C)CC2CCC(OP(C)(C)=O)C(OC)C2)CC(=O)C(C)C=C(C)C(O)C(OC)C(=O)C(C)CC(C)C=CC=CC=C1C,NC1CCCCC1N.O=C(O)C(=O)O.[Pt+2],RKO,0
COC1CC2CCC(C)C(O)(O2)C(=O)C(=O)N2CCCCC2C(=O)OC(C(C)CC2CCC(OP(C)(C)=O)C(OC)C2)CC(=O)C(C)C=C(C)C(O)C(OC)C(=O)C(C)CC(C)C=CC=CC=C1C,NC1CCCCC1N.O=C(O)C(=O)O.[Pt+2],SKMEL30,1
COC1CC2CCC(C)C(O)(O2)C(=O)C(=O)N2CCCCC2C(=O)OC(C(C)CC2CCC(OP(C)(C)=O)C(OC)C2)CC(=O)C(C)C=C(C)C(O)C(OC)C(=O)C(C)CC(C)C=CC=CC=C1C,NC1CCCCC1N.O=C(O)C(=O)O.[Pt+2],SKOV3,1
COC1CC2CCC(C)C(O)(O2)C(=O)C(=O)N2CCCCC2C(=O)OC(C(C)CC2CCC(OP(C)(C)=O)C(OC)C2)CC(=O)C(C)C=C(C)C(O)C(OC)C(=O)C(C)CC(C)C=CC=CC=C1C,NC1CCCCC1N.O=C(O)C(=O)O.[Pt+2],T47D,1
COC1CC2CCC(C)C(O)(O2)C(=O)C(=O)N2CCCCC2C(=O)OC(C(C)CC2CCC(OP(C)(C)=O)C(OC)C2)CC(=O)C(C)C=C(C)C(O)C(OC)C(=O)C(C)CC(C)C=CC=CC=C1C,NC1CCCCC1N.O=C(O)C(=O)O.[Pt+2],UACC62,0
COC1CC2CCC(C)C(O)(O2)C(=O)C(=O)N2CCCCC2C(=O)OC(C(C)CC2CCC(OP(C)(C)=O)C(OC)C2)CC(=O)C(C)C=C(C)C(O)C(OC)C(=O)C(C)CC(C)C=CC=CC=C1C,NC1CCCCC1N.O=C(O)C(=O)O.[Pt+2],VCAP,1
O=S1(=O)NC2(CN1CC(F)(F)F)C1CCC2Cc2cc(C=CCN3CCC(C(F)(F)F)CC3)ccc2C1,NC1CCCCC1N.O=C(O)C(=O)O.[Pt+2],A2780,0
O=S1(=O)NC2(CN1CC(F)(F)F)C1CCC2Cc2cc(C=CCN3CCC(C(F)(F)F)CC3)ccc2C1,NC1CCCCC1N.O=C(O)C(=O)O.[Pt+2],A375,0
O=S1(=O)NC2(CN1CC(F)(F)F)C1CCC2Cc2cc(C=CCN3CCC(C(F)(F)F)CC3)ccc2C1,NC1CCCCC1N.O=C(O)C(=O)O.[Pt+2],A427,0
O=S1(=O)NC2(CN1CC(F)(F)F)C1CCC2Cc2cc(C=CCN3CCC(C(F)(F)F)CC3)ccc2C1,NC1CCCCC1N.O=C(O)C(=O)O.[Pt+2],CAOV3,0
O=S1(=O)NC2(CN1CC(F)(F)F)C1CCC2Cc2cc(C=CCN3CCC(C(F)(F)F)CC3)ccc2C1,NC1CCCCC1N.O=C(O)C(=O)O.[Pt+2],ES2,0
O=S1(=O)NC2(CN1CC(F)(F)F)C1CCC2Cc2cc(C=CCN3CCC(C(F)(F)F)CC3)ccc2C1,NC1CCCCC1N.O=C(O)C(=O)O.[Pt+2],HCT116,0
O=S1(=O)NC2(CN1CC(F)(F)F)C1CCC2Cc2cc(C=CCN3CCC(C(F)(F)F)CC3)ccc2C1,NC1CCCCC1N.O=C(O)C(=O)O.[Pt+2],HT144,0
O=S1(=O)NC2(CN1CC(F)(F)F)C1CCC2Cc2cc(C=CCN3CCC(C(F)(F)F)CC3)ccc2C1,NC1CCCCC1N.O=C(O)C(=O)O.[Pt+2],HT29,0
O=S1(=O)NC2(CN1CC(F)(F)F)C1CCC2Cc2cc(C=CCN3CCC(C(F)(F)F)CC3)ccc2C1,NC1CCCCC1N.O=C(O)C(=O)O.[Pt+2],KPL1,0
O=S1(=O)NC2(CN1CC(F)(F)F)C1CCC2Cc2cc(C=CCN3CCC(C(F)(F)F)CC3)ccc2C1,NC1CCCCC1N.O=C(O)C(=O)O.[Pt+2],LNCAP,0
O=S1(=O)NC2(CN1CC(F)(F)F)C1CCC2Cc2cc(C=CCN3CCC(C(F)(F)F)CC3)ccc2C1,NC1CCCCC1N.O=C(O)C(=O)O.[Pt+2],LOVO,0
O=S1(=O)NC2(CN1CC(F)(F)F)C1CCC2Cc2cc(C=CCN3CCC(C(F)(F)F)CC3)ccc2C1,NC1CCCCC1N.O=C(O)C(=O)O.[Pt+2],MDAMB436,0
O=S1(=O)NC2(CN1CC(F)(F)F)C1CCC2Cc2cc(C=CCN3CCC(C(F)(F)F)CC3)ccc2C1,NC1CCCCC1N.O=C(O)C(=O)O.[Pt+2],MSTO,0
O=S1(=O)NC2(CN1CC(F)(F)F)C1CCC2Cc2cc(C=CCN3CCC(C(F)(F)F)CC3)ccc2C1,NC1CCCCC1N.O=C(O)C(=O)O.[Pt+2],NCIH1650,0
O=S1(=O)NC2(CN1CC(F)(F)F)C1CCC2Cc2cc(C=CCN3CCC(C(F)(F)F)CC3)ccc2C1,NC1CCCCC1N.O=C(O)C(=O)O.[Pt+2],NCIH2122,0
O=S1(=O)NC2(CN1CC(F)(F)F)C1CCC2Cc2cc(C=CCN3CCC(C(F)(F)F)CC3)ccc2C1,NC1CCCCC1N.O=C(O)C(=O)O.[Pt+2],NCIH23,0
O=S1(=O)NC2(CN1CC(F)(F)F)C1CCC2Cc2cc(C=CCN3CCC(C(F)(F)F)CC3)ccc2C1,NC1CCCCC1N.O=C(O)C(=O)O.[Pt+2],NCIH460,0
O=S1(=O)NC2(CN1CC(F)(F)F)C1CCC2Cc2cc(C=CCN3CCC(C(F)(F)F)CC3)ccc2C1,NC1CCCCC1N.O=C(O)C(=O)O.[Pt+2],NCIH520,0
O=S1(=O)NC2(CN1CC(F)(F)F)C1CCC2Cc2cc(C=CCN3CCC(C(F)(F)F)CC3)ccc2C1,NC1CCCCC1N.O=C(O)C(=O)O.[Pt+2],OV90,0
O=S1(=O)NC2(CN1CC(F)(F)F)C1CCC2Cc2cc(C=CCN3CCC(C(F)(F)F)CC3)ccc2C1,NC1CCCCC1N.O=C(O)C(=O)O.[Pt+2],RKO,0
O=S1(=O)NC2(CN1CC(F)(F)F)C1CCC2Cc2cc(C=CCN3CCC(C(F)(F)F)CC3)ccc2C1,NC1CCCCC1N.O=C(O)C(=O)O.[Pt+2],RPMI7951,0
O=S1(=O)NC2(CN1CC(F)(F)F)C1CCC2Cc2cc(C=CCN3CCC(C(F)(F)F)CC3)ccc2C1,NC1CCCCC1N.O=C(O)C(=O)O.[Pt+2],SKMEL30,0
O=S1(=O)NC2(CN1CC(F)(F)F)C1CCC2Cc2cc(C=CCN3CCC(C(F)(F)F)CC3)ccc2C1,NC1CCCCC1N.O=C(O)C(=O)O.[Pt+2],SKMES1,0
O=S1(=O)NC2(CN1CC(F)(F)F)C1CCC2Cc2cc(C=CCN3CCC(C(F)(F)F)CC3)ccc2C1,NC1CCCCC1N.O=C(O)C(=O)O.[Pt+2],SKOV3,0
O=S1(=O)NC2(CN1CC(F)(F)F)C1CCC2Cc2cc(C=CCN3CCC(C(F)(F)F)CC3)ccc2C1,NC1CCCCC1N.O=C(O)C(=O)O.[Pt+2],SW620,0
O=S1(=O)NC2(CN1CC(F)(F)F)C1CCC2Cc2cc(C=CCN3CCC(C(F)(F)F)CC3)ccc2C1,NC1CCCCC1N.O=C(O)C(=O)O.[Pt+2],SW837,0
O=S1(=O)NC2(CN1CC(F)(F)F)C1CCC2Cc2cc(C=CCN3CCC(C(F)(F)F)CC3)ccc2C1,NC1CCCCC1N.O=C(O)C(=O)O.[Pt+2],T47D,0
O=S1(=O)NC2(CN1CC(F)(F)F)C1CCC2Cc2cc(C=CCN3CCC(C(F)(F)F)CC3)ccc2C1,NC1CCCCC1N.O=C(O)C(=O)O.[Pt+2],UACC62,0
O=S1(=O)NC2(CN1CC(F)(F)F)C1CCC2Cc2cc(C=CCN3CCC(C(F)(F)F)CC3)ccc2C1,NC1CCCCC1N.O=C(O)C(=O)O.[Pt+2],VCAP,0
O=S1(=O)NC2(CN1CC(F)(F)F)C1CCC2Cc2cc(C=CCN3CCC(C(F)(F)F)CC3)ccc2C1,NC1CCCCC1N.O=C(O)C(=O)O.[Pt+2],ZR751,0
NC1CCCCC1N.O=C(O)C(=O)O.[Pt+2],CCc1cnn2c(NCc3ccc[n+]([O-])c3)cc(N3CCCCC3CCO)nc12,A2058,0
NC1CCCCC1N.O=C(O)C(=O)O.[Pt+2],CCc1cnn2c(NCc3ccc[n+]([O-])c3)cc(N3CCCCC3CCO)nc12,A2780,0
NC1CCCCC1N.O=C(O)C(=O)O.[Pt+2],CCc1cnn2c(NCc3ccc[n+]([O-])c3)cc(N3CCCCC3CCO)nc12,A375,0
NC1CCCCC1N.O=C(O)C(=O)O.[Pt+2],CCc1cnn2c(NCc3ccc[n+]([O-])c3)cc(N3CCCCC3CCO)nc12,A427,0
NC1CCCCC1N.O=C(O)C(=O)O.[Pt+2],CCc1cnn2c(NCc3ccc[n+]([O-])c3)cc(N3CCCCC3CCO)nc12,CAOV3,0
NC1CCCCC1N.O=C(O)C(=O)O.[Pt+2],CCc1cnn2c(NCc3ccc[n+]([O-])c3)cc(N3CCCCC3CCO)nc12,HCT116,0
NC1CCCCC1N.O=C(O)C(=O)O.[Pt+2],CCc1cnn2c(NCc3ccc[n+]([O-])c3)cc(N3CCCCC3CCO)nc12,HT144,0
NC1CCCCC1N.O=C(O)C(=O)O.[Pt+2],CCc1cnn2c(NCc3ccc[n+]([O-])c3)cc(N3CCCCC3CCO)nc12,HT29,0
NC1CCCCC1N.O=C(O)C(=O)O.[Pt+2],CCc1cnn2c(NCc3ccc[n+]([O-])c3)cc(N3CCCCC3CCO)nc12,LNCAP,0
NC1CCCCC1N.O=C(O)C(=O)O.[Pt+2],CCc1cnn2c(NCc3ccc[n+]([O-])c3)cc(N3CCCCC3CCO)nc12,LOVO,0
NC1CCCCC1N.O=C(O)C(=O)O.[Pt+2],CCc1cnn2c(NCc3ccc[n+]([O-])c3)cc(N3CCCCC3CCO)nc12,MDAMB436,0
NC1CCCCC1N.O=C(O)C(=O)O.[Pt+2],CCc1cnn2c(NCc3ccc[n+]([O-])c3)cc(N3CCCCC3CCO)nc12,MSTO,0
NC1CCCCC1N.O=C(O)C(=O)O.[Pt+2],CCc1cnn2c(NCc3ccc[n+]([O-])c3)cc(N3CCCCC3CCO)nc12,NCIH1650,0
NC1CCCCC1N.O=C(O)C(=O)O.[Pt+2],CCc1cnn2c(NCc3ccc[n+]([O-])c3)cc(N3CCCCC3CCO)nc12,NCIH23,0
NC1CCCCC1N.O=C(O)C(=O)O.[Pt+2],CCc1cnn2c(NCc3ccc[n+]([O-])c3)cc(N3CCCCC3CCO)nc12,NCIH460,0
NC1CCCCC1N.O=C(O)C(=O)O.[Pt+2],CCc1cnn2c(NCc3ccc[n+]([O-])c3)cc(N3CCCCC3CCO)nc12,NCIH520,0
NC1CCCCC1N.O=C(O)C(=O)O.[Pt+2],CCc1cnn2c(NCc3ccc[n+]([O-])c3)cc(N3CCCCC3CCO)nc12,OV90,0
NC1CCCCC1N.O=C(O)C(=O)O.[Pt+2],CCc1cnn2c(NCc3ccc[n+]([O-])c3)cc(N3CCCCC3CCO)nc12,RKO,1
NC1CCCCC1N.O=C(O)C(=O)O.[Pt+2],CCc1cnn2c(NCc3ccc[n+]([O-])c3)cc(N3CCCCC3CCO)nc12,RPMI7951,0
NC1CCCCC1N.O=C(O)C(=O)O.[Pt+2],CCc1cnn2c(NCc3ccc[n+]([O-])c3)cc(N3CCCCC3CCO)nc12,SKMES1,0
NC1CCCCC1N.O=C(O)C(=O)O.[Pt+2],CCc1cnn2c(NCc3ccc[n+]([O-])c3)cc(N3CCCCC3CCO)nc12,SKOV3,0
NC1CCCCC1N.O=C(O)C(=O)O.[Pt+2],CCc1cnn2c(NCc3ccc[n+]([O-])c3)cc(N3CCCCC3CCO)nc12,SW620,0
NC1CCCCC1N.O=C(O)C(=O)O.[Pt+2],CCc1cnn2c(NCc3ccc[n+]([O-])c3)cc(N3CCCCC3CCO)nc12,SW837,0
NC1CCCCC1N.O=C(O)C(=O)O.[Pt+2],CCc1cnn2c(NCc3ccc[n+]([O-])c3)cc(N3CCCCC3CCO)nc12,T47D,1
NC1CCCCC1N.O=C(O)C(=O)O.[Pt+2],CCc1cnn2c(NCc3ccc[n+]([O-])c3)cc(N3CCCCC3CCO)nc12,VCAP,0
NC1CCCCC1N.O=C(O)C(=O)O.[Pt+2],CCc1cnn2c(NCc3ccc[n+]([O-])c3)cc(N3CCCCC3CCO)nc12,ZR751,0
NC1CCCCC1N.O=C(O)C(=O)O.[Pt+2],Cn1cc(-c2cnn3c(N)c(Br)c(C4CCCNC4)nc23)cn1,A2058,1
NC1CCCCC1N.O=C(O)C(=O)O.[Pt+2],Cn1cc(-c2cnn3c(N)c(Br)c(C4CCCNC4)nc23)cn1,A375,1
NC1CCCCC1N.O=C(O)C(=O)O.[Pt+2],Cn1cc(-c2cnn3c(N)c(Br)c(C4CCCNC4)nc23)cn1,CAOV3,1
NC1CCCCC1N.O=C(O)C(=O)O.[Pt+2],Cn1cc(-c2cnn3c(N)c(Br)c(C4CCCNC4)nc23)cn1,ES2,0
NC1CCCCC1N.O=C(O)C(=O)O.[Pt+2],Cn1cc(-c2cnn3c(N)c(Br)c(C4CCCNC4)nc23)cn1,HCT116,1
NC1CCCCC1N.O=C(O)C(=O)O.[Pt+2],Cn1cc(-c2cnn3c(N)c(Br)c(C4CCCNC4)nc23)cn1,HT29,1
NC1CCCCC1N.O=C(O)C(=O)O.[Pt+2],Cn1cc(-c2cnn3c(N)c(Br)c(C4CCCNC4)nc23)cn1,KPL1,1
NC1CCCCC1N.O=C(O)C(=O)O.[Pt+2],Cn1cc(-c2cnn3c(N)c(Br)c(C4CCCNC4)nc23)cn1,MSTO,0
NC1CCCCC1N.O=C(O)C(=O)O.[Pt+2],Cn1cc(-c2cnn3c(N)c(Br)c(C4CCCNC4)nc23)cn1,NCIH1650,1
NC1CCCCC1N.O=C(O)C(=O)O.[Pt+2],Cn1cc(-c2cnn3c(N)c(Br)c(C4CCCNC4)nc23)cn1,NCIH2122,0
NC1CCCCC1N.O=C(O)C(=O)O.[Pt+2],Cn1cc(-c2cnn3c(N)c(Br)c(C4CCCNC4)nc23)cn1,NCIH23,0
NC1CCCCC1N.O=C(O)C(=O)O.[Pt+2],Cn1cc(-c2cnn3c(N)c(Br)c(C4CCCNC4)nc23)cn1,NCIH460,0
NC1CCCCC1N.O=C(O)C(=O)O.[Pt+2],Cn1cc(-c2cnn3c(N)c(Br)c(C4CCCNC4)nc23)cn1,OV90,0
NC1CCCCC1N.O=C(O)C(=O)O.[Pt+2],Cn1cc(-c2cnn3c(N)c(Br)c(C4CCCNC4)nc23)cn1,SKMEL30,1
NC1CCCCC1N.O=C(O)C(=O)O.[Pt+2],Cn1cc(-c2cnn3c(N)c(Br)c(C4CCCNC4)nc23)cn1,SKMES1,0
NC1CCCCC1N.O=C(O)C(=O)O.[Pt+2],Cn1cc(-c2cnn3c(N)c(Br)c(C4CCCNC4)nc23)cn1,SKOV3,1
NC1CCCCC1N.O=C(O)C(=O)O.[Pt+2],Cn1cc(-c2cnn3c(N)c(Br)c(C4CCCNC4)nc23)cn1,SW620,0
NC1CCCCC1N.O=C(O)C(=O)O.[Pt+2],Cn1cc(-c2cnn3c(N)c(Br)c(C4CCCNC4)nc23)cn1,SW837,0
NC1CCCCC1N.O=C(O)C(=O)O.[Pt+2],Cn1cc(-c2cnn3c(N)c(Br)c(C4CCCNC4)nc23)cn1,T47D,1
NC1CCCCC1N.O=C(O)C(=O)O.[Pt+2],Cn1cc(-c2cnn3c(N)c(Br)c(C4CCCNC4)nc23)cn1,UACC62,0
NC1CCCCC1N.O=C(O)C(=O)O.[Pt+2],Cn1cc(-c2cnn3c(N)c(Br)c(C4CCCNC4)nc23)cn1,VCAP,1
NC1CCCCC1N.O=C(O)C(=O)O.[Pt+2],Cn1cc(-c2cnn3c(N)c(Br)c(C4CCCNC4)nc23)cn1,ZR751,0
NC1CCCCC1N.O=C(O)C(=O)O.[Pt+2],CNC(=O)c1cc(Oc2ccc(NC(=O)Nc3ccc(Cl)c(C(F)(F)F)c3)cc2)ccn1,A2058,0
NC1CCCCC1N.O=C(O)C(=O)O.[Pt+2],CNC(=O)c1cc(Oc2ccc(NC(=O)Nc3ccc(Cl)c(C(F)(F)F)c3)cc2)ccn1,A2780,0
NC1CCCCC1N.O=C(O)C(=O)O.[Pt+2],CNC(=O)c1cc(Oc2ccc(NC(=O)Nc3ccc(Cl)c(C(F)(F)F)c3)cc2)ccn1,A375,0
NC1CCCCC1N.O=C(O)C(=O)O.[Pt+2],CNC(=O)c1cc(Oc2ccc(NC(=O)Nc3ccc(Cl)c(C(F)(F)F)c3)cc2)ccn1,CAOV3,0
NC1CCCCC1N.O=C(O)C(=O)O.[Pt+2],CNC(=O)c1cc(Oc2ccc(NC(=O)Nc3ccc(Cl)c(C(F)(F)F)c3)cc2)ccn1,ES2,0
NC1CCCCC1N.O=C(O)C(=O)O.[Pt+2],CNC(=O)c1cc(Oc2ccc(NC(=O)Nc3ccc(Cl)c(C(F)(F)F)c3)cc2)ccn1,HCT116,0
NC1CCCCC1N.O=C(O)C(=O)O.[Pt+2],CNC(=O)c1cc(Oc2ccc(NC(=O)Nc3ccc(Cl)c(C(F)(F)F)c3)cc2)ccn1,HT144,0
NC1CCCCC1N.O=C(O)C(=O)O.[Pt+2],CNC(=O)c1cc(Oc2ccc(NC(=O)Nc3ccc(Cl)c(C(F)(F)F)c3)cc2)ccn1,HT29,0
NC1CCCCC1N.O=C(O)C(=O)O.[Pt+2],CNC(=O)c1cc(Oc2ccc(NC(=O)Nc3ccc(Cl)c(C(F)(F)F)c3)cc2)ccn1,KPL1,0
NC1CCCCC1N.O=C(O)C(=O)O.[Pt+2],CNC(=O)c1cc(Oc2ccc(NC(=O)Nc3ccc(Cl)c(C(F)(F)F)c3)cc2)ccn1,LNCAP,0
NC1CCCCC1N.O=C(O)C(=O)O.[Pt+2],CNC(=O)c1cc(Oc2ccc(NC(=O)Nc3ccc(Cl)c(C(F)(F)F)c3)cc2)ccn1,LOVO,0
NC1CCCCC1N.O=C(O)C(=O)O.[Pt+2],CNC(=O)c1cc(Oc2ccc(NC(=O)Nc3ccc(Cl)c(C(F)(F)F)c3)cc2)ccn1,MDAMB436,0
NC1CCCCC1N.O=C(O)C(=O)O.[Pt+2],CNC(=O)c1cc(Oc2ccc(NC(=O)Nc3ccc(Cl)c(C(F)(F)F)c3)cc2)ccn1,MSTO,0
NC1CCCCC1N.O=C(O)C(=O)O.[Pt+2],CNC(=O)c1cc(Oc2ccc(NC(=O)Nc3ccc(Cl)c(C(F)(F)F)c3)cc2)ccn1,NCIH1650,0
NC1CCCCC1N.O=C(O)C(=O)O.[Pt+2],CNC(=O)c1cc(Oc2ccc(NC(=O)Nc3ccc(Cl)c(C(F)(F)F)c3)cc2)ccn1,NCIH2122,0
NC1CCCCC1N.O=C(O)C(=O)O.[Pt+2],CNC(=O)c1cc(Oc2ccc(NC(=O)Nc3ccc(Cl)c(C(F)(F)F)c3)cc2)ccn1,NCIH23,0
NC1CCCCC1N.O=C(O)C(=O)O.[Pt+2],CNC(=O)c1cc(Oc2ccc(NC(=O)Nc3ccc(Cl)c(C(F)(F)F)c3)cc2)ccn1,NCIH460,0
NC1CCCCC1N.O=C(O)C(=O)O.[Pt+2],CNC(=O)c1cc(Oc2ccc(NC(=O)Nc3ccc(Cl)c(C(F)(F)F)c3)cc2)ccn1,NCIH520,0
NC1CCCCC1N.O=C(O)C(=O)O.[Pt+2],CNC(=O)c1cc(Oc2ccc(NC(=O)Nc3ccc(Cl)c(C(F)(F)F)c3)cc2)ccn1,OV90,0
NC1CCCCC1N.O=C(O)C(=O)O.[Pt+2],CNC(=O)c1cc(Oc2ccc(NC(=O)Nc3ccc(Cl)c(C(F)(F)F)c3)cc2)ccn1,RKO,0
NC1CCCCC1N.O=C(O)C(=O)O.[Pt+2],CNC(=O)c1cc(Oc2ccc(NC(=O)Nc3ccc(Cl)c(C(F)(F)F)c3)cc2)ccn1,RPMI7951,0
NC1CCCCC1N.O=C(O)C(=O)O.[Pt+2],CNC(=O)c1cc(Oc2ccc(NC(=O)Nc3ccc(Cl)c(C(F)(F)F)c3)cc2)ccn1,SKMEL30,0
NC1CCCCC1N.O=C(O)C(=O)O.[Pt+2],CNC(=O)c1cc(Oc2ccc(NC(=O)Nc3ccc(Cl)c(C(F)(F)F)c3)cc2)ccn1,SKMES1,0
NC1CCCCC1N.O=C(O)C(=O)O.[Pt+2],CNC(=O)c1cc(Oc2ccc(NC(=O)Nc3ccc(Cl)c(C(F)(F)F)c3)cc2)ccn1,SW620,0
NC1CCCCC1N.O=C(O)C(=O)O.[Pt+2],CNC(=O)c1cc(Oc2ccc(NC(=O)Nc3ccc(Cl)c(C(F)(F)F)c3)cc2)ccn1,SW837,0
NC1CCCCC1N.O=C(O)C(=O)O.[Pt+2],CNC(=O)c1cc(Oc2ccc(NC(=O)Nc3ccc(Cl)c(C(F)(F)F)c3)cc2)ccn1,T47D,0
NC1CCCCC1N.O=C(O)C(=O)O.[Pt+2],CNC(=O)c1cc(Oc2ccc(NC(=O)Nc3ccc(Cl)c(C(F)(F)F)c3)cc2)ccn1,UACC62,0
NC1CCCCC1N.O=C(O)C(=O)O.[Pt+2],CNC(=O)c1cc(Oc2ccc(NC(=O)Nc3ccc(Cl)c(C(F)(F)F)c3)cc2)ccn1,VCAP,0
NC1CCCCC1N.O=C(O)C(=O)O.[Pt+2],CNC(=O)c1cc(Oc2ccc(NC(=O)Nc3ccc(Cl)c(C(F)(F)F)c3)cc2)ccn1,ZR751,0
O=C(NOCC(O)CO)c1ccc(F)c(F)c1Nc1ccc(I)cc1F,NC1CCCCC1N.O=C(O)C(=O)O.[Pt+2],A375,0
O=C(NOCC(O)CO)c1ccc(F)c(F)c1Nc1ccc(I)cc1F,NC1CCCCC1N.O=C(O)C(=O)O.[Pt+2],A427,0
O=C(NOCC(O)CO)c1ccc(F)c(F)c1Nc1ccc(I)cc1F,NC1CCCCC1N.O=C(O)C(=O)O.[Pt+2],CAOV3,1
O=C(NOCC(O)CO)c1ccc(F)c(F)c1Nc1ccc(I)cc1F,NC1CCCCC1N.O=C(O)C(=O)O.[Pt+2],ES2,0
O=C(NOCC(O)CO)c1ccc(F)c(F)c1Nc1ccc(I)cc1F,NC1CCCCC1N.O=C(O)C(=O)O.[Pt+2],HT144,0
O=C(NOCC(O)CO)c1ccc(F)c(F)c1Nc1ccc(I)cc1F,NC1CCCCC1N.O=C(O)C(=O)O.[Pt+2],KPL1,1
O=C(NOCC(O)CO)c1ccc(F)c(F)c1Nc1ccc(I)cc1F,NC1CCCCC1N.O=C(O)C(=O)O.[Pt+2],LNCAP,1
O=C(NOCC(O)CO)c1ccc(F)c(F)c1Nc1ccc(I)cc1F,NC1CCCCC1N.O=C(O)C(=O)O.[Pt+2],LOVO,0
O=C(NOCC(O)CO)c1ccc(F)c(F)c1Nc1ccc(I)cc1F,NC1CCCCC1N.O=C(O)C(=O)O.[Pt+2],NCIH23,0
O=C(NOCC(O)CO)c1ccc(F)c(F)c1Nc1ccc(I)cc1F,NC1CCCCC1N.O=C(O)C(=O)O.[Pt+2],NCIH460,0
O=C(NOCC(O)CO)c1ccc(F)c(F)c1Nc1ccc(I)cc1F,NC1CCCCC1N.O=C(O)C(=O)O.[Pt+2],NCIH520,0
O=C(NOCC(O)CO)c1ccc(F)c(F)c1Nc1ccc(I)cc1F,NC1CCCCC1N.O=C(O)C(=O)O.[Pt+2],OV90,0
O=C(NOCC(O)CO)c1ccc(F)c(F)c1Nc1ccc(I)cc1F,NC1CCCCC1N.O=C(O)C(=O)O.[Pt+2],RKO,0
O=C(NOCC(O)CO)c1ccc(F)c(F)c1Nc1ccc(I)cc1F,NC1CCCCC1N.O=C(O)C(=O)O.[Pt+2],RPMI7951,0
O=C(NOCC(O)CO)c1ccc(F)c(F)c1Nc1ccc(I)cc1F,NC1CCCCC1N.O=C(O)C(=O)O.[Pt+2],SKMEL30,0
O=C(NOCC(O)CO)c1ccc(F)c(F)c1Nc1ccc(I)cc1F,NC1CCCCC1N.O=C(O)C(=O)O.[Pt+2],SKMES1,0
O=C(NOCC(O)CO)c1ccc(F)c(F)c1Nc1ccc(I)cc1F,NC1CCCCC1N.O=C(O)C(=O)O.[Pt+2],T47D,0
O=C(NOCC(O)CO)c1ccc(F)c(F)c1Nc1ccc(I)cc1F,NC1CCCCC1N.O=C(O)C(=O)O.[Pt+2],UACC62,0
O=C(NOCC(O)CO)c1ccc(F)c(F)c1Nc1ccc(I)cc1F,NC1CCCCC1N.O=C(O)C(=O)O.[Pt+2],VCAP,0
CCN(CC)CCNC(=O)c1c(C)[nH]c(C=C2C(=O)Nc3ccc(F)cc32)c1C,NC1CCCCC1N.O=C(O)C(=O)O.[Pt+2],A2058,0
CCN(CC)CCNC(=O)c1c(C)[nH]c(C=C2C(=O)Nc3ccc(F)cc32)c1C,NC1CCCCC1N.O=C(O)C(=O)O.[Pt+2],A2780,0
CCN(CC)CCNC(=O)c1c(C)[nH]c(C=C2C(=O)Nc3ccc(F)cc32)c1C,NC1CCCCC1N.O=C(O)C(=O)O.[Pt+2],A375,0
CCN(CC)CCNC(=O)c1c(C)[nH]c(C=C2C(=O)Nc3ccc(F)cc32)c1C,NC1CCCCC1N.O=C(O)C(=O)O.[Pt+2],CAOV3,0
CCN(CC)CCNC(=O)c1c(C)[nH]c(C=C2C(=O)Nc3ccc(F)cc32)c1C,NC1CCCCC1N.O=C(O)C(=O)O.[Pt+2],ES2,0
CCN(CC)CCNC(=O)c1c(C)[nH]c(C=C2C(=O)Nc3ccc(F)cc32)c1C,NC1CCCCC1N.O=C(O)C(=O)O.[Pt+2],HCT116,0
CCN(CC)CCNC(=O)c1c(C)[nH]c(C=C2C(=O)Nc3ccc(F)cc32)c1C,NC1CCCCC1N.O=C(O)C(=O)O.[Pt+2],HT144,0
CCN(CC)CCNC(=O)c1c(C)[nH]c(C=C2C(=O)Nc3ccc(F)cc32)c1C,NC1CCCCC1N.O=C(O)C(=O)O.[Pt+2],HT29,0
CCN(CC)CCNC(=O)c1c(C)[nH]c(C=C2C(=O)Nc3ccc(F)cc32)c1C,NC1CCCCC1N.O=C(O)C(=O)O.[Pt+2],LNCAP,0
CCN(CC)CCNC(=O)c1c(C)[nH]c(C=C2C(=O)Nc3ccc(F)cc32)c1C,NC1CCCCC1N.O=C(O)C(=O)O.[Pt+2],LOVO,0
CCN(CC)CCNC(=O)c1c(C)[nH]c(C=C2C(=O)Nc3ccc(F)cc32)c1C,NC1CCCCC1N.O=C(O)C(=O)O.[Pt+2],MDAMB436,0
CCN(CC)CCNC(=O)c1c(C)[nH]c(C=C2C(=O)Nc3ccc(F)cc32)c1C,NC1CCCCC1N.O=C(O)C(=O)O.[Pt+2],MSTO,0
CCN(CC)CCNC(=O)c1c(C)[nH]c(C=C2C(=O)Nc3ccc(F)cc32)c1C,NC1CCCCC1N.O=C(O)C(=O)O.[Pt+2],NCIH1650,0
CCN(CC)CCNC(=O)c1c(C)[nH]c(C=C2C(=O)Nc3ccc(F)cc32)c1C,NC1CCCCC1N.O=C(O)C(=O)O.[Pt+2],NCIH2122,0
CCN(CC)CCNC(=O)c1c(C)[nH]c(C=C2C(=O)Nc3ccc(F)cc32)c1C,NC1CCCCC1N.O=C(O)C(=O)O.[Pt+2],NCIH23,0
CCN(CC)CCNC(=O)c1c(C)[nH]c(C=C2C(=O)Nc3ccc(F)cc32)c1C,NC1CCCCC1N.O=C(O)C(=O)O.[Pt+2],NCIH460,0
CCN(CC)CCNC(=O)c1c(C)[nH]c(C=C2C(=O)Nc3ccc(F)cc32)c1C,NC1CCCCC1N.O=C(O)C(=O)O.[Pt+2],NCIH520,0
CCN(CC)CCNC(=O)c1c(C)[nH]c(C=C2C(=O)Nc3ccc(F)cc32)c1C,NC1CCCCC1N.O=C(O)C(=O)O.[Pt+2],OV90,0
CCN(CC)CCNC(=O)c1c(C)[nH]c(C=C2C(=O)Nc3ccc(F)cc32)c1C,NC1CCCCC1N.O=C(O)C(=O)O.[Pt+2],RKO,0
CCN(CC)CCNC(=O)c1c(C)[nH]c(C=C2C(=O)Nc3ccc(F)cc32)c1C,NC1CCCCC1N.O=C(O)C(=O)O.[Pt+2],RPMI7951,0
CCN(CC)CCNC(=O)c1c(C)[nH]c(C=C2C(=O)Nc3ccc(F)cc32)c1C,NC1CCCCC1N.O=C(O)C(=O)O.[Pt+2],SKMEL30,0
CCN(CC)CCNC(=O)c1c(C)[nH]c(C=C2C(=O)Nc3ccc(F)cc32)c1C,NC1CCCCC1N.O=C(O)C(=O)O.[Pt+2],SKMES1,0
CCN(CC)CCNC(=O)c1c(C)[nH]c(C=C2C(=O)Nc3ccc(F)cc32)c1C,NC1CCCCC1N.O=C(O)C(=O)O.[Pt+2],SW620,0
CCN(CC)CCNC(=O)c1c(C)[nH]c(C=C2C(=O)Nc3ccc(F)cc32)c1C,NC1CCCCC1N.O=C(O)C(=O)O.[Pt+2],SW837,0
CCN(CC)CCNC(=O)c1c(C)[nH]c(C=C2C(=O)Nc3ccc(F)cc32)c1C,NC1CCCCC1N.O=C(O)C(=O)O.[Pt+2],UACC62,0
CCN(CC)CCNC(=O)c1c(C)[nH]c(C=C2C(=O)Nc3ccc(F)cc32)c1C,NC1CCCCC1N.O=C(O)C(=O)O.[Pt+2],VCAP,0
CCN(CC)CCNC(=O)c1c(C)[nH]c(C=C2C(=O)Nc3ccc(F)cc32)c1C,NC1CCCCC1N.O=C(O)C(=O)O.[Pt+2],ZR751,0
Cn1nnc2c(C(N)=O)ncn2c1=O,NC1CCCCC1N.O=C(O)C(=O)O.[Pt+2],A2058,0
Cn1nnc2c(C(N)=O)ncn2c1=O,NC1CCCCC1N.O=C(O)C(=O)O.[Pt+2],A2780,0
Cn1nnc2c(C(N)=O)ncn2c1=O,NC1CCCCC1N.O=C(O)C(=O)O.[Pt+2],A375,0
Cn1nnc2c(C(N)=O)ncn2c1=O,NC1CCCCC1N.O=C(O)C(=O)O.[Pt+2],A427,0
Cn1nnc2c(C(N)=O)ncn2c1=O,NC1CCCCC1N.O=C(O)C(=O)O.[Pt+2],CAOV3,0
Cn1nnc2c(C(N)=O)ncn2c1=O,NC1CCCCC1N.O=C(O)C(=O)O.[Pt+2],ES2,0
Cn1nnc2c(C(N)=O)ncn2c1=O,NC1CCCCC1N.O=C(O)C(=O)O.[Pt+2],HT144,0
Cn1nnc2c(C(N)=O)ncn2c1=O,NC1CCCCC1N.O=C(O)C(=O)O.[Pt+2],HT29,0
Cn1nnc2c(C(N)=O)ncn2c1=O,NC1CCCCC1N.O=C(O)C(=O)O.[Pt+2],LNCAP,0
Cn1nnc2c(C(N)=O)ncn2c1=O,NC1CCCCC1N.O=C(O)C(=O)O.[Pt+2],LOVO,0
Cn1nnc2c(C(N)=O)ncn2c1=O,NC1CCCCC1N.O=C(O)C(=O)O.[Pt+2],MDAMB436,0
Cn1nnc2c(C(N)=O)ncn2c1=O,NC1CCCCC1N.O=C(O)C(=O)O.[Pt+2],MSTO,0
Cn1nnc2c(C(N)=O)ncn2c1=O,NC1CCCCC1N.O=C(O)C(=O)O.[Pt+2],NCIH1650,0
Cn1nnc2c(C(N)=O)ncn2c1=O,NC1CCCCC1N.O=C(O)C(=O)O.[Pt+2],NCIH2122,0
Cn1nnc2c(C(N)=O)ncn2c1=O,NC1CCCCC1N.O=C(O)C(=O)O.[Pt+2],NCIH23,0
Cn1nnc2c(C(N)=O)ncn2c1=O,NC1CCCCC1N.O=C(O)C(=O)O.[Pt+2],NCIH460,0
Cn1nnc2c(C(N)=O)ncn2c1=O,NC1CCCCC1N.O=C(O)C(=O)O.[Pt+2],NCIH520,0
Cn1nnc2c(C(N)=O)ncn2c1=O,NC1CCCCC1N.O=C(O)C(=O)O.[Pt+2],OV90,0
Cn1nnc2c(C(N)=O)ncn2c1=O,NC1CCCCC1N.O=C(O)C(=O)O.[Pt+2],RKO,1
Cn1nnc2c(C(N)=O)ncn2c1=O,NC1CCCCC1N.O=C(O)C(=O)O.[Pt+2],RPMI7951,0
Cn1nnc2c(C(N)=O)ncn2c1=O,NC1CCCCC1N.O=C(O)C(=O)O.[Pt+2],SKMEL30,1
Cn1nnc2c(C(N)=O)ncn2c1=O,NC1CCCCC1N.O=C(O)C(=O)O.[Pt+2],SKMES1,0
Cn1nnc2c(C(N)=O)ncn2c1=O,NC1CCCCC1N.O=C(O)C(=O)O.[Pt+2],SKOV3,0
Cn1nnc2c(C(N)=O)ncn2c1=O,NC1CCCCC1N.O=C(O)C(=O)O.[Pt+2],SW620,0
Cn1nnc2c(C(N)=O)ncn2c1=O,NC1CCCCC1N.O=C(O)C(=O)O.[Pt+2],SW837,0
Cn1nnc2c(C(N)=O)ncn2c1=O,NC1CCCCC1N.O=C(O)C(=O)O.[Pt+2],T47D,1
Cn1nnc2c(C(N)=O)ncn2c1=O,NC1CCCCC1N.O=C(O)C(=O)O.[Pt+2],UACC62,0
Cn1nnc2c(C(N)=O)ncn2c1=O,NC1CCCCC1N.O=C(O)C(=O)O.[Pt+2],VCAP,0
Cn1nnc2c(C(N)=O)ncn2c1=O,NC1CCCCC1N.O=C(O)C(=O)O.[Pt+2],ZR751,0
O=C(CCCCCCC(=O)Nc1ccccc1)NO,NC1CCCCC1N.O=C(O)C(=O)O.[Pt+2],A2058,0
O=C(CCCCCCC(=O)Nc1ccccc1)NO,NC1CCCCC1N.O=C(O)C(=O)O.[Pt+2],A2780,0
O=C(CCCCCCC(=O)Nc1ccccc1)NO,NC1CCCCC1N.O=C(O)C(=O)O.[Pt+2],A375,0
O=C(CCCCCCC(=O)Nc1ccccc1)NO,NC1CCCCC1N.O=C(O)C(=O)O.[Pt+2],A427,0
O=C(CCCCCCC(=O)Nc1ccccc1)NO,NC1CCCCC1N.O=C(O)C(=O)O.[Pt+2],ES2,0
O=C(CCCCCCC(=O)Nc1ccccc1)NO,NC1CCCCC1N.O=C(O)C(=O)O.[Pt+2],HCT116,0
O=C(CCCCCCC(=O)Nc1ccccc1)NO,NC1CCCCC1N.O=C(O)C(=O)O.[Pt+2],HT144,0
O=C(CCCCCCC(=O)Nc1ccccc1)NO,NC1CCCCC1N.O=C(O)C(=O)O.[Pt+2],LNCAP,1
O=C(CCCCCCC(=O)Nc1ccccc1)NO,NC1CCCCC1N.O=C(O)C(=O)O.[Pt+2],LOVO,0
O=C(CCCCCCC(=O)Nc1ccccc1)NO,NC1CCCCC1N.O=C(O)C(=O)O.[Pt+2],MSTO,1
O=C(CCCCCCC(=O)Nc1ccccc1)NO,NC1CCCCC1N.O=C(O)C(=O)O.[Pt+2],NCIH2122,1
O=C(CCCCCCC(=O)Nc1ccccc1)NO,NC1CCCCC1N.O=C(O)C(=O)O.[Pt+2],NCIH23,0
O=C(CCCCCCC(=O)Nc1ccccc1)NO,NC1CCCCC1N.O=C(O)C(=O)O.[Pt+2],NCIH460,0
O=C(CCCCCCC(=O)Nc1ccccc1)NO,NC1CCCCC1N.O=C(O)C(=O)O.[Pt+2],NCIH520,0
O=C(CCCCCCC(=O)Nc1ccccc1)NO,NC1CCCCC1N.O=C(O)C(=O)O.[Pt+2],RKO,0
O=C(CCCCCCC(=O)Nc1ccccc1)NO,NC1CCCCC1N.O=C(O)C(=O)O.[Pt+2],RPMI7951,0
O=C(CCCCCCC(=O)Nc1ccccc1)NO,NC1CCCCC1N.O=C(O)C(=O)O.[Pt+2],SKMEL30,0
O=C(CCCCCCC(=O)Nc1ccccc1)NO,NC1CCCCC1N.O=C(O)C(=O)O.[Pt+2],SKOV3,1
O=C(CCCCCCC(=O)Nc1ccccc1)NO,NC1CCCCC1N.O=C(O)C(=O)O.[Pt+2],SW620,0
O=C(CCCCCCC(=O)Nc1ccccc1)NO,NC1CCCCC1N.O=C(O)C(=O)O.[Pt+2],T47D,1
O=C(CCCCCCC(=O)Nc1ccccc1)NO,NC1CCCCC1N.O=C(O)C(=O)O.[Pt+2],UACC62,0
O=C(CCCCCCC(=O)Nc1ccccc1)NO,NC1CCCCC1N.O=C(O)C(=O)O.[Pt+2],VCAP,1
O=C(CCCCCCC(=O)Nc1ccccc1)NO,NC1CCCCC1N.O=C(O)C(=O)O.[Pt+2],ZR751,0
